app_id,board,company,title,location,apply_url,employer_url,careers_url,match_score,cv_score,cv_reason,preferred_title,cv_path,certs_path,salary_target,status,resolve,source_note,market
CV20-0001,cv_match_0020,Stripe,"Engineering Manager, AI Conversation Platform","Toronto, Canada",https://stripe.com/jobs/search?gh_jid=7943804,https://stripe.com/jobs/search?gh_jid=7943804,https://stripe.com/jobs/search?gh_jid=7943804,1708,8,"score=8 skills=ai,lead,software_related",yes,0020_raw,,70400-120000 EUR,queued,ok,greenhouse:stripe,cv_match_0020
CV20-0002,cv_match_0020,Cloudflare,Engineering Manager - Security Platform,Distributed; Hybrid,https://boards.greenhouse.io/cloudflare/jobs/8007815?gh_jid=8007815,https://boards.greenhouse.io/cloudflare/jobs/8007815?gh_jid=8007815,https://boards.greenhouse.io/cloudflare/jobs/8007815?gh_jid=8007815,1708,8,"score=8 skills=lead,security,software_related",yes,0020_raw,,70400-120000 EUR,queued,ok,greenhouse:cloudflare,cv_match_0020
CV20-0003,cv_match_0020,GitLab,"Engineering Manager, AI Engineering: Chat","Remote, Americas; Remote, Canada; Remote, United Kingdom",https://job-boards.greenhouse.io/gitlab/jobs/8603824002,https://job-boards.greenhouse.io/gitlab/jobs/8603824002,https://job-boards.greenhouse.io/gitlab/jobs/8603824002,1708,8,"score=8 skills=ai,devops,lead",yes,0020_raw,,70400-120000 EUR,queued,ok,greenhouse:gitlab,cv_match_0020
CV20-0004,cv_match_0020,GitLab,"Engineering Manager, Observability, Monitoring, and Integrations (Monetization)","Bangalore, India",https://job-boards.greenhouse.io/gitlab/jobs/8481197002,https://job-boards.greenhouse.io/gitlab/jobs/8481197002,https://job-boards.greenhouse.io/gitlab/jobs/8481197002,1708,8,"score=8 skills=devops,integration,lead",yes,0020_raw,,70400-120000 EUR,queued,ok,greenhouse:gitlab,cv_match_0020
CV20-0005,cv_match_0020,Airtable,"Sr. Engineering Manager, Enterprise Platform","San Francisco, CA",https://job-boards.greenhouse.io/airtable/jobs/8177765002,https://job-boards.greenhouse.io/airtable/jobs/8177765002,https://job-boards.greenhouse.io/airtable/jobs/8177765002,1708,8,"score=8 skills=integration,lead,software_related",yes,0020_raw,,70400-120000 EUR,queued,ok,greenhouse:airtable,cv_match_0020
CV20-0006,cv_match_0020,Airbnb,"Engineering Manager, Cloud & Data Security",United States,https://careers.airbnb.com/positions/8074765?gh_jid=8074765,https://careers.airbnb.com/positions/8074765?gh_jid=8074765,https://careers.airbnb.com/positions/8074765?gh_jid=8074765,1708,8,"score=8 skills=cloud,lead,security",yes,0020_raw,,70400-120000 EUR,queued,ok,greenhouse:airbnb,cv_match_0020
CV20-0007,cv_match_0020,Stripe,"Engineering Manager, Tax Platform","San Francisco, California",https://stripe.com/jobs/search?gh_jid=8080238,https://stripe.com/jobs/search?gh_jid=8080238,https://stripe.com/jobs/search?gh_jid=8080238,1707,7,"score=7 skills=lead,software_related",yes,0020_raw,,70400-120000 EUR,queued,ok,greenhouse:stripe,cv_match_0020
CV20-0008,cv_match_0020,GitLab,"Engineering Manager, Cell Infrastructure","Bangalore, India",https://job-boards.greenhouse.io/gitlab/jobs/8615946002,https://job-boards.greenhouse.io/gitlab/jobs/8615946002,https://job-boards.greenhouse.io/gitlab/jobs/8615946002,1707,7,"score=7 skills=devops,lead",yes,0020_raw,,70400-120000 EUR,queued,ok,greenhouse:gitlab,cv_match_0020
CV20-0009,cv_match_0020,GitLab,"Engineering Manager, Data Foundations","Remote, US",https://job-boards.greenhouse.io/gitlab/jobs/8592950002,https://job-boards.greenhouse.io/gitlab/jobs/8592950002,https://job-boards.greenhouse.io/gitlab/jobs/8592950002,1707,7,"score=7 skills=devops,lead",yes,0020_raw,,70400-120000 EUR,queued,ok,greenhouse:gitlab,cv_match_0020
CV20-0010,cv_match_0020,GitLab,"Engineering Manager, Geo for Self-Managed Customers","Remote, United Kingdom",https://job-boards.greenhouse.io/gitlab/jobs/8607714002,https://job-boards.greenhouse.io/gitlab/jobs/8607714002,https://job-boards.greenhouse.io/gitlab/jobs/8607714002,1707,7,"score=7 skills=devops,lead",yes,0020_raw,,70400-120000 EUR,queued,ok,greenhouse:gitlab,cv_match_0020
CV20-0011,cv_match_0020,GitLab,"Engineering Manager, Growth","Remote, Canada; Remote, US",https://job-boards.greenhouse.io/gitlab/jobs/8592891002,https://job-boards.greenhouse.io/gitlab/jobs/8592891002,https://job-boards.greenhouse.io/gitlab/jobs/8592891002,1707,7,"score=7 skills=devops,lead",yes,0020_raw,,70400-120000 EUR,queued,ok,greenhouse:gitlab,cv_match_0020
CV20-0012,cv_match_0020,GitLab,"Engineering Manager, SSCS: Supply Chain","Bangalore, India",https://job-boards.greenhouse.io/gitlab/jobs/8478405002,https://job-boards.greenhouse.io/gitlab/jobs/8478405002,https://job-boards.greenhouse.io/gitlab/jobs/8478405002,1707,7,"score=7 skills=devops,lead",yes,0020_raw,,70400-120000 EUR,queued,ok,greenhouse:gitlab,cv_match_0020
CV20-0013,cv_match_0020,GitLab,"Engineering Manager, Switchboard","Remote, United Kingdom",https://job-boards.greenhouse.io/gitlab/jobs/8586632002,https://job-boards.greenhouse.io/gitlab/jobs/8586632002,https://job-boards.greenhouse.io/gitlab/jobs/8586632002,1707,7,"score=7 skills=devops,lead",yes,0020_raw,,70400-120000 EUR,queued,ok,greenhouse:gitlab,cv_match_0020
CV20-0014,cv_match_0020,GitLab,"Engineering Manager, Tenant Scale:Git","Remote, Canada; Remote, United Kingdom; Remote, United States",https://job-boards.greenhouse.io/gitlab/jobs/8617538002,https://job-boards.greenhouse.io/gitlab/jobs/8617538002,https://job-boards.greenhouse.io/gitlab/jobs/8617538002,1707,7,"score=7 skills=devops,lead",yes,0020_raw,,70400-120000 EUR,queued,ok,greenhouse:gitlab,cv_match_0020
CV20-0015,cv_match_0020,GitLab,"Senior Engineering Manager, Non-Linear Productivity","Remote, Canada; Remote, United Kingdom; Remote, US",https://job-boards.greenhouse.io/gitlab/jobs/8626290002,https://job-boards.greenhouse.io/gitlab/jobs/8626290002,https://job-boards.greenhouse.io/gitlab/jobs/8626290002,1707,7,"score=7 skills=devops,lead",yes,0020_raw,,70400-120000 EUR,queued,ok,greenhouse:gitlab,cv_match_0020
CV20-0016,cv_match_0020,Asana,"Engineering Manager, Builder Platform",Warsaw,https://www.asana.com/jobs/apply/7979918?gh_jid=7979918,https://www.asana.com/jobs/apply/7979918?gh_jid=7979918,https://www.asana.com/jobs/apply/7979918?gh_jid=7979918,1707,7,"score=7 skills=lead,software_related",yes,0020_raw,,70400-120000 EUR,queued,ok,greenhouse:asana,cv_match_0020
CV20-0017,cv_match_0020,Asana,"Engineering Manager, Platform Reliability",Warsaw,https://www.asana.com/jobs/apply/7586980?gh_jid=7586980,https://www.asana.com/jobs/apply/7586980?gh_jid=7586980,https://www.asana.com/jobs/apply/7586980?gh_jid=7586980,1707,7,"score=7 skills=lead,software_related",yes,0020_raw,,70400-120000 EUR,queued,ok,greenhouse:asana,cv_match_0020
CV20-0018,cv_match_0020,Asana,"Senior Engineering Manager, Payment Platform","Vancouver, BC",https://www.asana.com/jobs/apply/7957984?gh_jid=7957984,https://www.asana.com/jobs/apply/7957984?gh_jid=7957984,https://www.asana.com/jobs/apply/7957984?gh_jid=7957984,1707,7,"score=7 skills=lead,software_related",yes,0020_raw,,70400-120000 EUR,queued,ok,greenhouse:asana,cv_match_0020
CV20-0019,cv_match_0020,Reddit,"Senior Engineering Manager, Unified Embeddings Platform",Remote - United States,https://job-boards.greenhouse.io/reddit/jobs/7359367,https://job-boards.greenhouse.io/reddit/jobs/7359367,https://job-boards.greenhouse.io/reddit/jobs/7359367,1707,7,"score=7 skills=lead,software_related",yes,0020_raw,,70400-120000 EUR,queued,ok,greenhouse:reddit,cv_match_0020
CV20-0020,cv_match_0020,Brex,"Engineering Manager, Cloud Infrastructure","New York, New York, United States",https://www.brex.com/careers/8534634002?gh_jid=8534634002,https://www.brex.com/careers/8534634002?gh_jid=8534634002,https://www.brex.com/careers/8534634002?gh_jid=8534634002,1707,7,"score=7 skills=cloud,lead",yes,0020_raw,,70400-120000 EUR,queued,ok,greenhouse:brex,cv_match_0020
CV20-0021,cv_match_0020,Brex,"Engineering Manager, Cloud Infrastructure","Seattle, Washington, United States",https://www.brex.com/careers/8534621002?gh_jid=8534621002,https://www.brex.com/careers/8534621002?gh_jid=8534621002,https://www.brex.com/careers/8534621002?gh_jid=8534621002,1707,7,"score=7 skills=cloud,lead",yes,0020_raw,,70400-120000 EUR,queued,ok,greenhouse:brex,cv_match_0020
CV20-0022,cv_match_0020,Brex,"Engineering Manager, Cloud Infrastructure","San Francisco, California, United States",https://www.brex.com/careers/8534633002?gh_jid=8534633002,https://www.brex.com/careers/8534633002?gh_jid=8534633002,https://www.brex.com/careers/8534633002?gh_jid=8534633002,1707,7,"score=7 skills=cloud,lead",yes,0020_raw,,70400-120000 EUR,queued,ok,greenhouse:brex,cv_match_0020
CV20-0023,cv_match_0020,Airbnb,"Engineering Manager, Marketing Technology - Segmentation Platform & Insights Platform",United States,https://careers.airbnb.com/positions/7927488?gh_jid=7927488,https://careers.airbnb.com/positions/7927488?gh_jid=7927488,https://careers.airbnb.com/positions/7927488?gh_jid=7927488,1707,7,"score=7 skills=lead,software_related",yes,0020_raw,,70400-120000 EUR,queued,ok,greenhouse:airbnb,cv_match_0020
CV20-0024,cv_match_0020,Spotify,Engineering Manager - Data Platform,London,https://jobs.lever.co/spotify/abcc8b41-7553-4054-b5eb-8d3e49e00e25,https://jobs.lever.co/spotify/abcc8b41-7553-4054-b5eb-8d3e49e00e25,https://jobs.lever.co/spotify/abcc8b41-7553-4054-b5eb-8d3e49e00e25,1707,7,"score=7 skills=lead,software_related",yes,0020_raw,,70400-120000 EUR,queued,ok,lever:spotify,cv_match_0020
CV20-0025,cv_match_0020,Spotify,Engineering Manager – Messaging Platform & Tooling,"New York, NY",https://jobs.lever.co/spotify/aaa18791-cdb6-493a-87c8-ef233f848a99,https://jobs.lever.co/spotify/aaa18791-cdb6-493a-87c8-ef233f848a99,https://jobs.lever.co/spotify/aaa18791-cdb6-493a-87c8-ef233f848a99,1707,7,"score=7 skills=lead,software_related",yes,0020_raw,,70400-120000 EUR,queued,ok,lever:spotify,cv_match_0020
CV20-0026,cv_match_0020,Stripe,Machine Learning Engineering Manager - Fraud Detection,N/A,https://stripe.com/jobs/search?gh_jid=8069506,https://stripe.com/jobs/search?gh_jid=8069506,https://stripe.com/jobs/search?gh_jid=8069506,1706,6,"score=6 skills=ai,lead",yes,0020_raw,,70400-120000 EUR,queued,ok,greenhouse:stripe,cv_match_0020
CV20-0027,cv_match_0020,Cloudflare,"Senior Engineering Manager, AI Gateway",In-Office,https://boards.greenhouse.io/cloudflare/jobs/7997706?gh_jid=7997706,https://boards.greenhouse.io/cloudflare/jobs/7997706?gh_jid=7997706,https://boards.greenhouse.io/cloudflare/jobs/7997706?gh_jid=7997706,1706,6,"score=6 skills=ai,lead",yes,0020_raw,,70400-120000 EUR,queued,ok,greenhouse:cloudflare,cv_match_0020
CV20-0028,cv_match_0020,Airtable,"Engineering Manager, AI Tooling","San Francisco, CA",https://job-boards.greenhouse.io/airtable/jobs/8606309002,https://job-boards.greenhouse.io/airtable/jobs/8606309002,https://job-boards.greenhouse.io/airtable/jobs/8606309002,1706,6,"score=6 skills=ai,lead",yes,0020_raw,,70400-120000 EUR,queued,ok,greenhouse:airtable,cv_match_0020
CV20-0029,cv_match_0020,Asana,"Senior Engineering Manager, AI Agents",San Francisco,https://www.asana.com/jobs/apply/7454232?gh_jid=7454232,https://www.asana.com/jobs/apply/7454232?gh_jid=7454232,https://www.asana.com/jobs/apply/7454232?gh_jid=7454232,1706,6,"score=6 skills=ai,lead",yes,0020_raw,,70400-120000 EUR,queued,ok,greenhouse:asana,cv_match_0020
CV20-0030,cv_match_0020,Asana,"Senior Engineering Manager, Security",San Francisco,https://www.asana.com/jobs/apply/7565961?gh_jid=7565961,https://www.asana.com/jobs/apply/7565961?gh_jid=7565961,https://www.asana.com/jobs/apply/7565961?gh_jid=7565961,1706,6,"score=6 skills=lead,security",yes,0020_raw,,70400-120000 EUR,queued,ok,greenhouse:asana,cv_match_0020
CV20-0031,cv_match_0020,Reddit,"Ads Conversion Modeling, Machine Learning Engineering Manager",Remote - United States,https://job-boards.greenhouse.io/reddit/jobs/7792848,https://job-boards.greenhouse.io/reddit/jobs/7792848,https://job-boards.greenhouse.io/reddit/jobs/7792848,1706,6,"score=6 skills=ai,lead",yes,0020_raw,,70400-120000 EUR,queued,ok,greenhouse:reddit,cv_match_0020
CV20-0032,cv_match_0020,Reddit,Machine Learning Engineering Manager - Ads Engagement Modeling,Remote - United States,https://job-boards.greenhouse.io/reddit/jobs/7993514,https://job-boards.greenhouse.io/reddit/jobs/7993514,https://job-boards.greenhouse.io/reddit/jobs/7993514,1706,6,"score=6 skills=ai,lead",yes,0020_raw,,70400-120000 EUR,queued,ok,greenhouse:reddit,cv_match_0020
CV20-0033,cv_match_0020,Coinbase,Engineering Manager - Customer Experience AI,Remote - India,https://www.coinbase.com/careers/positions/7741187?gh_jid=7741187,https://www.coinbase.com/careers/positions/7741187?gh_jid=7741187,https://www.coinbase.com/careers/positions/7741187?gh_jid=7741187,1706,6,"score=6 skills=ai,lead",yes,0020_raw,,70400-120000 EUR,queued,ok,greenhouse:coinbase,cv_match_0020
CV20-0034,cv_match_0020,Robinhood,"Engineering Manager, Agentic AI","Menlo Park, CA",https://boards.greenhouse.io/robinhood/jobs/8054116?t=gh_src=&gh_jid=8054116,https://boards.greenhouse.io/robinhood/jobs/8054116?t=gh_src=&gh_jid=8054116,https://boards.greenhouse.io/robinhood/jobs/8054116?t=gh_src=&gh_jid=8054116,1706,6,"score=6 skills=ai,lead",yes,0020_raw,,70400-120000 EUR,queued,ok,greenhouse:robinhood,cv_match_0020
CV20-0035,cv_match_0020,Spotify,Engineering Manager - Social Listening,Stockholm,https://jobs.lever.co/spotify/b12565d7-30fb-4eee-84df-9ea90da70174,https://jobs.lever.co/spotify/b12565d7-30fb-4eee-84df-9ea90da70174,https://jobs.lever.co/spotify/b12565d7-30fb-4eee-84df-9ea90da70174,1706,6,"score=6 skills=integration,lead",yes,0020_raw,,70400-120000 EUR,queued,ok,lever:spotify,cv_match_0020
CV20-0036,cv_match_0020,Stripe,"Engineering Manager, APAC & EMEA Cards",Singapore,https://stripe.com/jobs/search?gh_jid=7841757,https://stripe.com/jobs/search?gh_jid=7841757,https://stripe.com/jobs/search?gh_jid=7841757,1705,5,score=5 skills=lead,yes,0020_raw,,70400-120000 EUR,queued,ok,greenhouse:stripe,cv_match_0020
CV20-0037,cv_match_0020,Stripe,Engineering Manager - Core Performance,"Sydney, Australia",https://stripe.com/jobs/search?gh_jid=7835108,https://stripe.com/jobs/search?gh_jid=7835108,https://stripe.com/jobs/search?gh_jid=7835108,1705,5,score=5 skills=lead,yes,0020_raw,,70400-120000 EUR,queued,ok,greenhouse:stripe,cv_match_0020
CV20-0038,cv_match_0020,Stripe,"Engineering Manager, Forward Deployed (Privy)",NYC-Privy,https://stripe.com/jobs/search?gh_jid=7947546,https://stripe.com/jobs/search?gh_jid=7947546,https://stripe.com/jobs/search?gh_jid=7947546,1705,5,score=5 skills=lead,yes,0020_raw,,70400-120000 EUR,queued,ok,greenhouse:stripe,cv_match_0020
CV20-0039,cv_match_0020,Stripe,Engineering Manager - Money Management,London ,https://stripe.com/jobs/search?gh_jid=8066610,https://stripe.com/jobs/search?gh_jid=8066610,https://stripe.com/jobs/search?gh_jid=8066610,1705,5,score=5 skills=lead,yes,0020_raw,,70400-120000 EUR,queued,ok,greenhouse:stripe,cv_match_0020
CV20-0040,cv_match_0020,Stripe,"Engineering Manager, Operator Tooling",Bucharest,https://stripe.com/jobs/search?gh_jid=7475396,https://stripe.com/jobs/search?gh_jid=7475396,https://stripe.com/jobs/search?gh_jid=7475396,1705,5,score=5 skills=lead,yes,0020_raw,,70400-120000 EUR,queued,ok,greenhouse:stripe,cv_match_0020
CV20-0041,cv_match_0020,Stripe,"Engineering Manager, Payments",Singapore,https://stripe.com/jobs/search?gh_jid=8009622,https://stripe.com/jobs/search?gh_jid=8009622,https://stripe.com/jobs/search?gh_jid=8009622,1705,5,score=5 skills=lead,yes,0020_raw,,70400-120000 EUR,queued,ok,greenhouse:stripe,cv_match_0020
CV20-0042,cv_match_0020,Stripe,"Engineering Manager, Product (Privy)",NYC-Privy,https://stripe.com/jobs/search?gh_jid=7913545,https://stripe.com/jobs/search?gh_jid=7913545,https://stripe.com/jobs/search?gh_jid=7913545,1705,5,score=5 skills=lead,yes,0020_raw,,70400-120000 EUR,queued,ok,greenhouse:stripe,cv_match_0020
CV20-0043,cv_match_0020,Stripe,"Engineering Manager, Sales Systems",Bengaluru,https://stripe.com/jobs/search?gh_jid=7525370,https://stripe.com/jobs/search?gh_jid=7525370,https://stripe.com/jobs/search?gh_jid=7525370,1705,5,score=5 skills=lead,yes,0020_raw,,70400-120000 EUR,queued,ok,greenhouse:stripe,cv_match_0020
CV20-0044,cv_match_0020,Stripe,"Engineering Manager, Terminal","Toronto, Canada",https://stripe.com/jobs/search?gh_jid=7769005,https://stripe.com/jobs/search?gh_jid=7769005,https://stripe.com/jobs/search?gh_jid=7769005,1705,5,score=5 skills=lead,yes,0020_raw,,70400-120000 EUR,queued,ok,greenhouse:stripe,cv_match_0020
CV20-0045,cv_match_0020,Cloudflare,"Engineering Manager, Linux Team",Hybrid,https://boards.greenhouse.io/cloudflare/jobs/7647474?gh_jid=7647474,https://boards.greenhouse.io/cloudflare/jobs/7647474?gh_jid=7647474,https://boards.greenhouse.io/cloudflare/jobs/7647474?gh_jid=7647474,1705,5,score=5 skills=lead,yes,0020_raw,,70400-120000 EUR,queued,ok,greenhouse:cloudflare,cv_match_0020
CV20-0046,cv_match_0020,Cloudflare,Senior Engineering Manager - Cloudforce One,Hybrid,https://boards.greenhouse.io/cloudflare/jobs/8020472?gh_jid=8020472,https://boards.greenhouse.io/cloudflare/jobs/8020472?gh_jid=8020472,https://boards.greenhouse.io/cloudflare/jobs/8020472?gh_jid=8020472,1705,5,score=5 skills=lead,yes,0020_raw,,70400-120000 EUR,queued,ok,greenhouse:cloudflare,cv_match_0020
CV20-0047,cv_match_0020,Datadog,"Engineering Manager I, Threat Detection","New York, New York, USA",https://careers.datadoghq.com/detail/7958663/?gh_jid=7958663,https://careers.datadoghq.com/detail/7958663/?gh_jid=7958663,https://careers.datadoghq.com/detail/7958663/?gh_jid=7958663,1705,5,score=5 skills=lead,yes,0020_raw,,70400-120000 EUR,queued,ok,greenhouse:datadog,cv_match_0020
CV20-0048,cv_match_0020,Airtable,"Engineering Manager, Admin & Governance","San Francisco, CA",https://job-boards.greenhouse.io/airtable/jobs/8625370002,https://job-boards.greenhouse.io/airtable/jobs/8625370002,https://job-boards.greenhouse.io/airtable/jobs/8625370002,1705,5,score=5 skills=lead,yes,0020_raw,,70400-120000 EUR,queued,ok,greenhouse:airtable,cv_match_0020
CV20-0049,cv_match_0020,Twilio,Senior Engineering Manager (L5),Remote - India,https://job-boards.greenhouse.io/twilio/jobs/8001804,https://job-boards.greenhouse.io/twilio/jobs/8001804,https://job-boards.greenhouse.io/twilio/jobs/8001804,1705,5,score=5 skills=lead,yes,0020_raw,,70400-120000 EUR,queued,ok,greenhouse:twilio,cv_match_0020
CV20-0050,cv_match_0020,Twilio,"Senior Engineering Manager, Voice and Video",Remote - Ireland,https://job-boards.greenhouse.io/twilio/jobs/8073683,https://job-boards.greenhouse.io/twilio/jobs/8073683,https://job-boards.greenhouse.io/twilio/jobs/8073683,1705,5,score=5 skills=lead,yes,0020_raw,,70400-120000 EUR,queued,ok,greenhouse:twilio,cv_match_0020
CV20-0051,cv_match_0020,Twilio,Senior Engineering Manager V&V Media,Remote - United Kingdom,https://job-boards.greenhouse.io/twilio/jobs/8067147,https://job-boards.greenhouse.io/twilio/jobs/8067147,https://job-boards.greenhouse.io/twilio/jobs/8067147,1705,5,score=5 skills=lead,yes,0020_raw,,70400-120000 EUR,queued,ok,greenhouse:twilio,cv_match_0020
CV20-0052,cv_match_0020,Twilio,Senior Engineering Manager V&V Media,Remote - US,https://job-boards.greenhouse.io/twilio/jobs/8067678,https://job-boards.greenhouse.io/twilio/jobs/8067678,https://job-boards.greenhouse.io/twilio/jobs/8067678,1705,5,score=5 skills=lead,yes,0020_raw,,70400-120000 EUR,queued,ok,greenhouse:twilio,cv_match_0020
CV20-0053,cv_match_0020,Twilio,Senior Engineering Manager V&V Media,"Remote - Ontario, Canada (DNU)",https://job-boards.greenhouse.io/twilio/jobs/8067501,https://job-boards.greenhouse.io/twilio/jobs/8067501,https://job-boards.greenhouse.io/twilio/jobs/8067501,1705,5,score=5 skills=lead,yes,0020_raw,,70400-120000 EUR,queued,ok,greenhouse:twilio,cv_match_0020
CV20-0054,cv_match_0020,Twilio,Senior Engineering Manager V&V Media,"Remote - Alberta, Canada (DNU)",https://job-boards.greenhouse.io/twilio/jobs/8067500,https://job-boards.greenhouse.io/twilio/jobs/8067500,https://job-boards.greenhouse.io/twilio/jobs/8067500,1705,5,score=5 skills=lead,yes,0020_raw,,70400-120000 EUR,queued,ok,greenhouse:twilio,cv_match_0020
CV20-0055,cv_match_0020,Asana,Engineering Manager,"Vancouver, BC",https://www.asana.com/jobs/apply/7555402?gh_jid=7555402,https://www.asana.com/jobs/apply/7555402?gh_jid=7555402,https://www.asana.com/jobs/apply/7555402?gh_jid=7555402,1705,5,score=5 skills=lead,yes,0020_raw,,70400-120000 EUR,queued,ok,greenhouse:asana,cv_match_0020
CV20-0056,cv_match_0020,Asana,"Engineering Manager, Development Infrastructure",Reykjavík,https://www.asana.com/jobs/apply/6174752?gh_jid=6174752,https://www.asana.com/jobs/apply/6174752?gh_jid=6174752,https://www.asana.com/jobs/apply/6174752?gh_jid=6174752,1705,5,score=5 skills=lead,yes,0020_raw,,70400-120000 EUR,queued,ok,greenhouse:asana,cv_match_0020
CV20-0057,cv_match_0020,Asana,Senior Analytical Engineering Manager,Warsaw,https://www.asana.com/jobs/apply/8044811?gh_jid=8044811,https://www.asana.com/jobs/apply/8044811?gh_jid=8044811,https://www.asana.com/jobs/apply/8044811?gh_jid=8044811,1705,5,score=5 skills=lead,yes,0020_raw,,70400-120000 EUR,queued,ok,greenhouse:asana,cv_match_0020
CV20-0058,cv_match_0020,Asana,"Senior Engineering Manager, Agent Context",New York City,https://www.asana.com/jobs/apply/8052206?gh_jid=8052206,https://www.asana.com/jobs/apply/8052206?gh_jid=8052206,https://www.asana.com/jobs/apply/8052206?gh_jid=8052206,1705,5,score=5 skills=lead,yes,0020_raw,,70400-120000 EUR,queued,ok,greenhouse:asana,cv_match_0020
CV20-0059,cv_match_0020,Asana,"Senior Engineering Manager, Consumption Based Billing & Licensing","Vancouver, BC",https://www.asana.com/jobs/apply/7904869?gh_jid=7904869,https://www.asana.com/jobs/apply/7904869?gh_jid=7904869,https://www.asana.com/jobs/apply/7904869?gh_jid=7904869,1705,5,score=5 skills=lead,yes,0020_raw,,70400-120000 EUR,queued,ok,greenhouse:asana,cv_match_0020
CV20-0060,cv_match_0020,Pinterest,"Engineering Manager I, Innovative Ad Formats","San Francisco, CA, US; Palo Alto, CA, US",https://www.pinterestcareers.com/jobs/?gh_jid=7684573,https://www.pinterestcareers.com/jobs/?gh_jid=7684573,https://www.pinterestcareers.com/jobs/?gh_jid=7684573,1705,5,score=5 skills=lead,yes,0020_raw,,70400-120000 EUR,queued,ok,greenhouse:pinterest,cv_match_0020
CV20-0061,cv_match_0020,Pinterest,"Sr. Engineering Manager, Programmatic Ad Tech, tvScientific","San Francisco, CA, US; Remote, US",https://www.pinterestcareers.com/jobs/?gh_jid=7782569,https://www.pinterestcareers.com/jobs/?gh_jid=7782569,https://www.pinterestcareers.com/jobs/?gh_jid=7782569,1705,5,score=5 skills=lead,yes,0020_raw,,70400-120000 EUR,queued,ok,greenhouse:pinterest,cv_match_0020
CV20-0062,cv_match_0020,Reddit,"Engineering Manager, Ads ML Efficiency",Remote - United States,https://job-boards.greenhouse.io/reddit/jobs/8022366,https://job-boards.greenhouse.io/reddit/jobs/8022366,https://job-boards.greenhouse.io/reddit/jobs/8022366,1705,5,score=5 skills=lead,yes,0020_raw,,70400-120000 EUR,queued,ok,greenhouse:reddit,cv_match_0020
CV20-0063,cv_match_0020,Reddit,"Engineering Manager, Advanced Signals (SWE)",Remote - United States,https://job-boards.greenhouse.io/reddit/jobs/7966985,https://job-boards.greenhouse.io/reddit/jobs/7966985,https://job-boards.greenhouse.io/reddit/jobs/7966985,1705,5,score=5 skills=lead,yes,0020_raw,,70400-120000 EUR,queued,ok,greenhouse:reddit,cv_match_0020
CV20-0064,cv_match_0020,Reddit,"Engineering Manager, Media Foundations and Delivery",Remote - United States,https://job-boards.greenhouse.io/reddit/jobs/8055132,https://job-boards.greenhouse.io/reddit/jobs/8055132,https://job-boards.greenhouse.io/reddit/jobs/8055132,1705,5,score=5 skills=lead,yes,0020_raw,,70400-120000 EUR,queued,ok,greenhouse:reddit,cv_match_0020
CV20-0065,cv_match_0020,Reddit,"Engineering Manager, Search Storage",Remote - United States,https://job-boards.greenhouse.io/reddit/jobs/7859086,https://job-boards.greenhouse.io/reddit/jobs/7859086,https://job-boards.greenhouse.io/reddit/jobs/7859086,1705,5,score=5 skills=lead,yes,0020_raw,,70400-120000 EUR,queued,ok,greenhouse:reddit,cv_match_0020
CV20-0066,cv_match_0020,Brex,"Engineering Manager, GTM Engineering","Vancouver, British Columbia, Canada",https://www.brex.com/careers/8367553002?gh_jid=8367553002,https://www.brex.com/careers/8367553002?gh_jid=8367553002,https://www.brex.com/careers/8367553002?gh_jid=8367553002,1705,5,score=5 skills=lead,yes,0020_raw,,70400-120000 EUR,queued,ok,greenhouse:brex,cv_match_0020
CV20-0067,cv_match_0020,Brex,"Engineering Manager, GTM Engineering","Seattle, Washington, United States",https://www.brex.com/careers/8367552002?gh_jid=8367552002,https://www.brex.com/careers/8367552002?gh_jid=8367552002,https://www.brex.com/careers/8367552002?gh_jid=8367552002,1705,5,score=5 skills=lead,yes,0020_raw,,70400-120000 EUR,queued,ok,greenhouse:brex,cv_match_0020
CV20-0068,cv_match_0020,Brex,"Engineering Manager, GTM Engineering","New York, New York, United States",https://www.brex.com/careers/8367549002?gh_jid=8367549002,https://www.brex.com/careers/8367549002?gh_jid=8367549002,https://www.brex.com/careers/8367549002?gh_jid=8367549002,1705,5,score=5 skills=lead,yes,0020_raw,,70400-120000 EUR,queued,ok,greenhouse:brex,cv_match_0020
CV20-0069,cv_match_0020,Brex,"Engineering Manager, GTM Engineering","San Francisco, California, United States",https://www.brex.com/careers/8339037002?gh_jid=8339037002,https://www.brex.com/careers/8339037002?gh_jid=8339037002,https://www.brex.com/careers/8339037002?gh_jid=8339037002,1705,5,score=5 skills=lead,yes,0020_raw,,70400-120000 EUR,queued,ok,greenhouse:brex,cv_match_0020
CV20-0070,cv_match_0020,Brex,"Engineering Manager, Onboarding","New York, New York, United States",https://www.brex.com/careers/8461599002?gh_jid=8461599002,https://www.brex.com/careers/8461599002?gh_jid=8461599002,https://www.brex.com/careers/8461599002?gh_jid=8461599002,1705,5,score=5 skills=lead,yes,0020_raw,,70400-120000 EUR,queued,ok,greenhouse:brex,cv_match_0020
CV20-0071,cv_match_0020,Brex,"Engineering Manager, Onboarding","Vancouver, British Columbia, Canada",https://www.brex.com/careers/8461597002?gh_jid=8461597002,https://www.brex.com/careers/8461597002?gh_jid=8461597002,https://www.brex.com/careers/8461597002?gh_jid=8461597002,1705,5,score=5 skills=lead,yes,0020_raw,,70400-120000 EUR,queued,ok,greenhouse:brex,cv_match_0020
CV20-0072,cv_match_0020,Brex,"Engineering Manager, Onboarding","Seattle, Washington, United States",https://www.brex.com/careers/8461598002?gh_jid=8461598002,https://www.brex.com/careers/8461598002?gh_jid=8461598002,https://www.brex.com/careers/8461598002?gh_jid=8461598002,1705,5,score=5 skills=lead,yes,0020_raw,,70400-120000 EUR,queued,ok,greenhouse:brex,cv_match_0020
CV20-0073,cv_match_0020,Brex,"Engineering Manager, Onboarding","San Francisco, California, United States",https://www.brex.com/careers/8461600002?gh_jid=8461600002,https://www.brex.com/careers/8461600002?gh_jid=8461600002,https://www.brex.com/careers/8461600002?gh_jid=8461600002,1705,5,score=5 skills=lead,yes,0020_raw,,70400-120000 EUR,queued,ok,greenhouse:brex,cv_match_0020
CV20-0074,cv_match_0020,Brex,"Engineering Manager, Travel","Seattle, Washington, United States",https://www.brex.com/careers/8623291002?gh_jid=8623291002,https://www.brex.com/careers/8623291002?gh_jid=8623291002,https://www.brex.com/careers/8623291002?gh_jid=8623291002,1705,5,score=5 skills=lead,yes,0020_raw,,70400-120000 EUR,queued,ok,greenhouse:brex,cv_match_0020
CV20-0075,cv_match_0020,Brex,"Engineering Manager, Travel","Vancouver, British Columbia, Canada",https://www.brex.com/careers/8641195002?gh_jid=8641195002,https://www.brex.com/careers/8641195002?gh_jid=8641195002,https://www.brex.com/careers/8641195002?gh_jid=8641195002,1705,5,score=5 skills=lead,yes,0020_raw,,70400-120000 EUR,queued,ok,greenhouse:brex,cv_match_0020
CV20-0076,cv_match_0020,Brex,"Engineering Manager, Travel","San Francisco, California, United States",https://www.brex.com/careers/8641194002?gh_jid=8641194002,https://www.brex.com/careers/8641194002?gh_jid=8641194002,https://www.brex.com/careers/8641194002?gh_jid=8641194002,1705,5,score=5 skills=lead,yes,0020_raw,,70400-120000 EUR,queued,ok,greenhouse:brex,cv_match_0020
CV20-0077,cv_match_0020,Brex,"Engineering Manager, Travel","New York, New York, United States",https://www.brex.com/careers/8641189002?gh_jid=8641189002,https://www.brex.com/careers/8641189002?gh_jid=8641189002,https://www.brex.com/careers/8641189002?gh_jid=8641189002,1705,5,score=5 skills=lead,yes,0020_raw,,70400-120000 EUR,queued,ok,greenhouse:brex,cv_match_0020
CV20-0078,cv_match_0020,Brex,"Senior Engineering Manager, Acquisition","New York, New York, United States",https://www.brex.com/careers/8536938002?gh_jid=8536938002,https://www.brex.com/careers/8536938002?gh_jid=8536938002,https://www.brex.com/careers/8536938002?gh_jid=8536938002,1705,5,score=5 skills=lead,yes,0020_raw,,70400-120000 EUR,queued,ok,greenhouse:brex,cv_match_0020
CV20-0079,cv_match_0020,Brex,"Senior Engineering Manager, Acquisition","Vancouver, British Columbia, Canada",https://www.brex.com/careers/8536942002?gh_jid=8536942002,https://www.brex.com/careers/8536942002?gh_jid=8536942002,https://www.brex.com/careers/8536942002?gh_jid=8536942002,1705,5,score=5 skills=lead,yes,0020_raw,,70400-120000 EUR,queued,ok,greenhouse:brex,cv_match_0020
CV20-0080,cv_match_0020,Brex,"Senior Engineering Manager, Acquisition","San Francisco, California, United States",https://www.brex.com/careers/8536914002?gh_jid=8536914002,https://www.brex.com/careers/8536914002?gh_jid=8536914002,https://www.brex.com/careers/8536914002?gh_jid=8536914002,1705,5,score=5 skills=lead,yes,0020_raw,,70400-120000 EUR,queued,ok,greenhouse:brex,cv_match_0020
CV20-0081,cv_match_0020,Brex,"Senior Engineering Manager, Acquisition","Seattle, Washington, United States",https://www.brex.com/careers/8536939002?gh_jid=8536939002,https://www.brex.com/careers/8536939002?gh_jid=8536939002,https://www.brex.com/careers/8536939002?gh_jid=8536939002,1705,5,score=5 skills=lead,yes,0020_raw,,70400-120000 EUR,queued,ok,greenhouse:brex,cv_match_0020
CV20-0082,cv_match_0020,Airbnb,"Engineering Manager, Community Support Engineering",China,https://careers.airbnb.com/positions/7760914?gh_jid=7760914,https://careers.airbnb.com/positions/7760914?gh_jid=7760914,https://careers.airbnb.com/positions/7760914?gh_jid=7760914,1705,5,score=5 skills=lead,yes,0020_raw,,70400-120000 EUR,queued,ok,greenhouse:airbnb,cv_match_0020
CV20-0083,cv_match_0020,Airbnb,"Engineering Manager, Payments",USA - Remote,https://careers.airbnb.com/positions/8044558?gh_jid=8044558,https://careers.airbnb.com/positions/8044558?gh_jid=8044558,https://careers.airbnb.com/positions/8044558?gh_jid=8044558,1705,5,score=5 skills=lead,yes,0020_raw,,70400-120000 EUR,queued,ok,greenhouse:airbnb,cv_match_0020
CV20-0084,cv_match_0020,Discord,"Engineering Manager, Notifications",San Francisco Bay Area,https://job-boards.greenhouse.io/discord/jobs/8537955002,https://job-boards.greenhouse.io/discord/jobs/8537955002,https://job-boards.greenhouse.io/discord/jobs/8537955002,1705,5,score=5 skills=lead,yes,0020_raw,,70400-120000 EUR,queued,ok,greenhouse:discord,cv_match_0020
CV20-0085,cv_match_0020,Discord,"Engineering Manager, Revenue",San Francisco Bay Area or Remote,https://job-boards.greenhouse.io/discord/jobs/8502342002,https://job-boards.greenhouse.io/discord/jobs/8502342002,https://job-boards.greenhouse.io/discord/jobs/8502342002,1705,5,score=5 skills=lead,yes,0020_raw,,70400-120000 EUR,queued,ok,greenhouse:discord,cv_match_0020
CV20-0086,cv_match_0020,Discord,"Engineering Manager, Social Commerce",San Francisco Bay Area,https://job-boards.greenhouse.io/discord/jobs/8509325002,https://job-boards.greenhouse.io/discord/jobs/8509325002,https://job-boards.greenhouse.io/discord/jobs/8509325002,1705,5,score=5 skills=lead,yes,0020_raw,,70400-120000 EUR,queued,ok,greenhouse:discord,cv_match_0020
CV20-0087,cv_match_0020,Robinhood,"Engineering Manager, International Expansion","New York, NY",https://boards.greenhouse.io/robinhood/jobs/7799655?t=gh_src=&gh_jid=7799655,https://boards.greenhouse.io/robinhood/jobs/7799655?t=gh_src=&gh_jid=7799655,https://boards.greenhouse.io/robinhood/jobs/7799655?t=gh_src=&gh_jid=7799655,1705,5,score=5 skills=lead,yes,0020_raw,,70400-120000 EUR,queued,ok,greenhouse:robinhood,cv_match_0020
CV20-0088,cv_match_0020,Robinhood,"Engineering Manager, Prediction Markets","New York, NY",https://boards.greenhouse.io/robinhood/jobs/8036664?t=gh_src=&gh_jid=8036664,https://boards.greenhouse.io/robinhood/jobs/8036664?t=gh_src=&gh_jid=8036664,https://boards.greenhouse.io/robinhood/jobs/8036664?t=gh_src=&gh_jid=8036664,1705,5,score=5 skills=lead,yes,0020_raw,,70400-120000 EUR,queued,ok,greenhouse:robinhood,cv_match_0020
CV20-0089,cv_match_0020,Robinhood,Senior Engineering Manager,"New York, NY",https://boards.greenhouse.io/robinhood/jobs/7804654?t=gh_src=&gh_jid=7804654,https://boards.greenhouse.io/robinhood/jobs/7804654?t=gh_src=&gh_jid=7804654,https://boards.greenhouse.io/robinhood/jobs/7804654?t=gh_src=&gh_jid=7804654,1705,5,score=5 skills=lead,yes,0020_raw,,70400-120000 EUR,queued,ok,greenhouse:robinhood,cv_match_0020
CV20-0090,cv_match_0020,Spotify,Engineering Manager - Experimentation,Stockholm,https://jobs.lever.co/spotify/64ef2493-3b1e-407a-ac07-9e95a57f6d7c,https://jobs.lever.co/spotify/64ef2493-3b1e-407a-ac07-9e95a57f6d7c,https://jobs.lever.co/spotify/64ef2493-3b1e-407a-ac07-9e95a57f6d7c,1705,5,score=5 skills=lead,yes,0020_raw,,70400-120000 EUR,queued,ok,lever:spotify,cv_match_0020
CV20-0091,cv_match_0020,Twilio,Senior Manager Software Engineering,Remote - Ireland,https://job-boards.greenhouse.io/twilio/jobs/7938645,https://job-boards.greenhouse.io/twilio/jobs/7938645,https://job-boards.greenhouse.io/twilio/jobs/7938645,1255,5,"score=5 skills=lead,software",yes,0020_raw,,70400-120000 EUR,queued,ok,greenhouse:twilio,cv_match_0020
CV20-0092,cv_match_0020,Asana,"Tech Lead, Platform Reliability Engineering",Warsaw,https://www.asana.com/jobs/apply/7557481?gh_jid=7557481,https://www.asana.com/jobs/apply/7557481?gh_jid=7557481,https://www.asana.com/jobs/apply/7557481?gh_jid=7557481,1162,12,"score=12 skills=architecture,lead,software_related",yes,0020_raw,,70400-120000 EUR,queued,ok,greenhouse:asana,cv_match_0020
CV20-0093,cv_match_0020,Twilio,Software Architect (L6),Remote - India,https://job-boards.greenhouse.io/twilio/jobs/7825089,https://job-boards.greenhouse.io/twilio/jobs/7825089,https://job-boards.greenhouse.io/twilio/jobs/7825089,1161,11,"score=11 skills=architect,architecture,lead,software",yes,0020_raw,,70400-120000 EUR,queued,ok,greenhouse:twilio,cv_match_0020
CV20-0094,cv_match_0020,Asana,"Group Tech Lead, Security Operations",Warsaw,https://www.asana.com/jobs/apply/7380414?gh_jid=7380414,https://www.asana.com/jobs/apply/7380414?gh_jid=7380414,https://www.asana.com/jobs/apply/7380414?gh_jid=7380414,1161,11,"score=11 skills=architecture,lead,security",yes,0020_raw,,70400-120000 EUR,queued,ok,greenhouse:asana,cv_match_0020
CV20-0095,cv_match_0020,Stripe,Tax Technology Lead,"San Francisco, Seattle, New York",https://stripe.com/jobs/search?gh_jid=7905025,https://stripe.com/jobs/search?gh_jid=7905025,https://stripe.com/jobs/search?gh_jid=7905025,1160,10,"score=10 skills=architecture,lead",yes,0020_raw,,70400-120000 EUR,queued,ok,greenhouse:stripe,cv_match_0020
CV20-0096,cv_match_0020,Elastic,"Tech Lead, Agent Framework - Observability",United States,https://jobs.elastic.co/jobs?gh_jid=8071641&gh_jid=8071641,https://jobs.elastic.co/jobs?gh_jid=8071641&gh_jid=8071641,https://jobs.elastic.co/jobs?gh_jid=8071641&gh_jid=8071641,1160,10,"score=10 skills=architecture,lead",yes,0020_raw,,70400-120000 EUR,queued,ok,greenhouse:elastic,cv_match_0020
CV20-0097,cv_match_0020,Elastic,"Tech Lead, Agent Framework - Observability",Ireland,https://jobs.elastic.co/jobs?gh_jid=8071620&gh_jid=8071620,https://jobs.elastic.co/jobs?gh_jid=8071620&gh_jid=8071620,https://jobs.elastic.co/jobs?gh_jid=8071620&gh_jid=8071620,1160,10,"score=10 skills=architecture,lead",yes,0020_raw,,70400-120000 EUR,queued,ok,greenhouse:elastic,cv_match_0020
CV20-0098,cv_match_0020,Elastic,"Tech Lead, Agent Framework - Observability",Spain,https://jobs.elastic.co/jobs?gh_jid=8059920&gh_jid=8059920,https://jobs.elastic.co/jobs?gh_jid=8059920&gh_jid=8059920,https://jobs.elastic.co/jobs?gh_jid=8059920&gh_jid=8059920,1160,10,"score=10 skills=architecture,lead",yes,0020_raw,,70400-120000 EUR,queued,ok,greenhouse:elastic,cv_match_0020
CV20-0099,cv_match_0020,Elastic,"Tech Lead, Agent Framework - Observability",Portugal,https://jobs.elastic.co/jobs?gh_jid=8071582&gh_jid=8071582,https://jobs.elastic.co/jobs?gh_jid=8071582&gh_jid=8071582,https://jobs.elastic.co/jobs?gh_jid=8071582&gh_jid=8071582,1160,10,"score=10 skills=architecture,lead",yes,0020_raw,,70400-120000 EUR,queued,ok,greenhouse:elastic,cv_match_0020
CV20-0100,cv_match_0020,Twilio,"Tech Lead, Applied Research - Emerging Tech",Remote - US,https://job-boards.greenhouse.io/twilio/jobs/8011576,https://job-boards.greenhouse.io/twilio/jobs/8011576,https://job-boards.greenhouse.io/twilio/jobs/8011576,1160,10,"score=10 skills=architecture,lead",yes,0020_raw,,70400-120000 EUR,queued,ok,greenhouse:twilio,cv_match_0020
CV20-0101,cv_match_0020,Twilio,Tech Lead (L6),Remote - India,https://job-boards.greenhouse.io/twilio/jobs/7966928,https://job-boards.greenhouse.io/twilio/jobs/7966928,https://job-boards.greenhouse.io/twilio/jobs/7966928,1160,10,"score=10 skills=architecture,lead",yes,0020_raw,,70400-120000 EUR,queued,ok,greenhouse:twilio,cv_match_0020
CV20-0102,cv_match_0020,GitLab,"Senior Solutions Architect, AI / Core DevOps - EMEA","Remote, United Kingdom",https://job-boards.greenhouse.io/gitlab/jobs/8468159002,https://job-boards.greenhouse.io/gitlab/jobs/8468159002,https://job-boards.greenhouse.io/gitlab/jobs/8468159002,1117,17,"score=17 skills=ai,architect,architecture,devops,lead,security,software_related",yes,0020_raw,,70400-120000 EUR,queued,ok,greenhouse:gitlab,cv_match_0020
CV20-0103,cv_match_0020,GitLab,Senior Solutions Architect - AI & Platforms SME,"Remote, Australia; Remote, Singapore",https://job-boards.greenhouse.io/gitlab/jobs/8476375002,https://job-boards.greenhouse.io/gitlab/jobs/8476375002,https://job-boards.greenhouse.io/gitlab/jobs/8476375002,1116,16,"score=16 skills=ai,architect,architecture,devops,lead,software_related",yes,0020_raw,,70400-120000 EUR,queued,ok,greenhouse:gitlab,cv_match_0020
CV20-0104,cv_match_0020,GitLab,"Senior Manager, Solutions Architect - Australia & New Zealand","Remote, Australia",https://job-boards.greenhouse.io/gitlab/jobs/8627764002,https://job-boards.greenhouse.io/gitlab/jobs/8627764002,https://job-boards.greenhouse.io/gitlab/jobs/8627764002,1113,13,"score=13 skills=architect,architecture,devops,lead",yes,0020_raw,,70400-120000 EUR,queued,ok,greenhouse:gitlab,cv_match_0020
CV20-0105,cv_match_0020,GitLab,Senior Solutions Architect,"Remote, United Kingdom",https://job-boards.greenhouse.io/gitlab/jobs/8611764002,https://job-boards.greenhouse.io/gitlab/jobs/8611764002,https://job-boards.greenhouse.io/gitlab/jobs/8611764002,1113,13,"score=13 skills=architect,architecture,devops,lead",yes,0020_raw,,70400-120000 EUR,queued,ok,greenhouse:gitlab,cv_match_0020
CV20-0106,cv_match_0020,GitLab,Senior Solutions Architect,"Remote, Germany",https://job-boards.greenhouse.io/gitlab/jobs/8603849002,https://job-boards.greenhouse.io/gitlab/jobs/8603849002,https://job-boards.greenhouse.io/gitlab/jobs/8603849002,1113,13,"score=13 skills=architect,architecture,devops,lead",yes,0020_raw,,70400-120000 EUR,queued,ok,greenhouse:gitlab,cv_match_0020
CV20-0107,cv_match_0020,GitLab,Senior Solutions Architect- Australia and New Zealand,"Remote, Australia",https://job-boards.greenhouse.io/gitlab/jobs/8627772002,https://job-boards.greenhouse.io/gitlab/jobs/8627772002,https://job-boards.greenhouse.io/gitlab/jobs/8627772002,1113,13,"score=13 skills=architect,architecture,devops,lead",yes,0020_raw,,70400-120000 EUR,queued,ok,greenhouse:gitlab,cv_match_0020
CV20-0108,cv_match_0020,GitLab,Senior Solutions Architect - East,"Remote, US",https://job-boards.greenhouse.io/gitlab/jobs/8589195002,https://job-boards.greenhouse.io/gitlab/jobs/8589195002,https://job-boards.greenhouse.io/gitlab/jobs/8589195002,1113,13,"score=13 skills=architect,architecture,devops,lead",yes,0020_raw,,70400-120000 EUR,queued,ok,greenhouse:gitlab,cv_match_0020
CV20-0109,cv_match_0020,GitLab,"Senior Solutions Architect, Financial Services - NYC area","Remote, US",https://job-boards.greenhouse.io/gitlab/jobs/8589176002,https://job-boards.greenhouse.io/gitlab/jobs/8589176002,https://job-boards.greenhouse.io/gitlab/jobs/8589176002,1113,13,"score=13 skills=architect,architecture,devops,lead",yes,0020_raw,,70400-120000 EUR,queued,ok,greenhouse:gitlab,cv_match_0020
CV20-0110,cv_match_0020,GitLab,"Senior Solutions Architect, Global SI (India)","Remote, Bangalore",https://job-boards.greenhouse.io/gitlab/jobs/8591221002,https://job-boards.greenhouse.io/gitlab/jobs/8591221002,https://job-boards.greenhouse.io/gitlab/jobs/8591221002,1113,13,"score=13 skills=architect,architecture,devops,lead",yes,0020_raw,,70400-120000 EUR,queued,ok,greenhouse:gitlab,cv_match_0020
CV20-0111,cv_match_0020,GitLab,"Senior Solutions Architect, MEA","Remote, United Arab Emirates",https://job-boards.greenhouse.io/gitlab/jobs/8593622002,https://job-boards.greenhouse.io/gitlab/jobs/8593622002,https://job-boards.greenhouse.io/gitlab/jobs/8593622002,1113,13,"score=13 skills=architect,architecture,devops,lead",yes,0020_raw,,70400-120000 EUR,queued,ok,greenhouse:gitlab,cv_match_0020
CV20-0112,cv_match_0020,GitLab,Senior Solutions Architect - SF Bay area,"Remote, US",https://job-boards.greenhouse.io/gitlab/jobs/8589178002,https://job-boards.greenhouse.io/gitlab/jobs/8589178002,https://job-boards.greenhouse.io/gitlab/jobs/8589178002,1113,13,"score=13 skills=architect,architecture,devops,lead",yes,0020_raw,,70400-120000 EUR,queued,ok,greenhouse:gitlab,cv_match_0020
CV20-0113,cv_match_0020,Datadog,Senior Product Solutions Architect - LLM Observability,"Boston, Massachusetts, USA; Denver, Colorado, USA; New York, New York, USA; San Francisco, California, USA",https://careers.datadoghq.com/detail/7627531/?gh_jid=7627531,https://careers.datadoghq.com/detail/7627531/?gh_jid=7627531,https://careers.datadoghq.com/detail/7627531/?gh_jid=7627531,1112,12,"score=12 skills=ai,architect,architecture,lead",yes,0020_raw,,70400-120000 EUR,queued,ok,greenhouse:datadog,cv_match_0020
CV20-0114,cv_match_0020,Elastic,Principal AI Ecosystem Architect - OpenAI/Anthropic,"San Francisco, CA",https://jobs.elastic.co/jobs?gh_jid=8047165&gh_jid=8047165,https://jobs.elastic.co/jobs?gh_jid=8047165&gh_jid=8047165,https://jobs.elastic.co/jobs?gh_jid=8047165&gh_jid=8047165,1112,12,"score=12 skills=ai,architect,architecture,lead",yes,0020_raw,,70400-120000 EUR,queued,ok,greenhouse:elastic,cv_match_0020
CV20-0115,cv_match_0020,Elastic,Principal AI Ecosystem Architect - OpenAI/Anthropic,"Washington, United States",https://jobs.elastic.co/jobs?gh_jid=8065489&gh_jid=8065489,https://jobs.elastic.co/jobs?gh_jid=8065489&gh_jid=8065489,https://jobs.elastic.co/jobs?gh_jid=8065489&gh_jid=8065489,1112,12,"score=12 skills=ai,architect,architecture,lead",yes,0020_raw,,70400-120000 EUR,queued,ok,greenhouse:elastic,cv_match_0020
CV20-0116,cv_match_0020,Elastic,"Principal Solutions Architect, Security Specialist",Brazil,https://jobs.elastic.co/jobs?gh_jid=8011801&gh_jid=8011801,https://jobs.elastic.co/jobs?gh_jid=8011801&gh_jid=8011801,https://jobs.elastic.co/jobs?gh_jid=8011801&gh_jid=8011801,1112,12,"score=12 skills=architect,architecture,lead,security",yes,0020_raw,,70400-120000 EUR,queued,ok,greenhouse:elastic,cv_match_0020
CV20-0117,cv_match_0020,Elastic,"Principal Solutions Architect, Security Specialist",Mexico,https://jobs.elastic.co/jobs?gh_jid=8040943&gh_jid=8040943,https://jobs.elastic.co/jobs?gh_jid=8040943&gh_jid=8040943,https://jobs.elastic.co/jobs?gh_jid=8040943&gh_jid=8040943,1112,12,"score=12 skills=architect,architecture,lead,security",yes,0020_raw,,70400-120000 EUR,queued,ok,greenhouse:elastic,cv_match_0020
CV20-0118,cv_match_0020,Elastic,Senior Solutions Architect - Security Specialist,Germany,https://jobs.elastic.co/jobs?gh_jid=7995039&gh_jid=7995039,https://jobs.elastic.co/jobs?gh_jid=7995039&gh_jid=7995039,https://jobs.elastic.co/jobs?gh_jid=7995039&gh_jid=7995039,1112,12,"score=12 skills=architect,architecture,lead,security",yes,0020_raw,,70400-120000 EUR,queued,ok,greenhouse:elastic,cv_match_0020
CV20-0119,cv_match_0020,Stripe,Partner Solutions Architect - AWS,New York,https://stripe.com/jobs/search?gh_jid=7607761,https://stripe.com/jobs/search?gh_jid=7607761,https://stripe.com/jobs/search?gh_jid=7607761,1111,11,"score=11 skills=architect,architecture,cloud,lead",yes,0020_raw,,70400-120000 EUR,queued,ok,greenhouse:stripe,cv_match_0020
CV20-0120,cv_match_0020,Stripe,"Solutions Architect, Platforms, UK & Ireland",Dublin,https://stripe.com/jobs/search?gh_jid=7601673,https://stripe.com/jobs/search?gh_jid=7601673,https://stripe.com/jobs/search?gh_jid=7601673,1111,11,"score=11 skills=architect,architecture,lead,software_related",yes,0020_raw,,70400-120000 EUR,queued,ok,greenhouse:stripe,cv_match_0020
CV20-0121,cv_match_0020,Cloudflare,Principal Solutions Architect - APAC,Hybrid,https://boards.greenhouse.io/cloudflare/jobs/8040851?gh_jid=8040851,https://boards.greenhouse.io/cloudflare/jobs/8040851?gh_jid=8040851,https://boards.greenhouse.io/cloudflare/jobs/8040851?gh_jid=8040851,1111,11,"score=11 skills=architect,architecture,lead",yes,0020_raw,,70400-120000 EUR,queued,ok,greenhouse:cloudflare,cv_match_0020
CV20-0122,cv_match_0020,Datadog,Principal Partner Solutions Architect (Public Sector - Fed),"District of Columbia, USA, Remote; Maryland, USA, Remote; Virginia, USA, Remote",https://careers.datadoghq.com/detail/7943824/?gh_jid=7943824,https://careers.datadoghq.com/detail/7943824/?gh_jid=7943824,https://careers.datadoghq.com/detail/7943824/?gh_jid=7943824,1111,11,"score=11 skills=architect,architecture,lead",yes,0020_raw,,70400-120000 EUR,queued,ok,greenhouse:datadog,cv_match_0020
CV20-0123,cv_match_0020,Datadog,Senior Product Solutions Architect - Synthetics,"Boston, Massachusetts, USA; Denver, Colorado, USA; New York, New York, USA; San Francisco, California, USA",https://careers.datadoghq.com/detail/8036788/?gh_jid=8036788,https://careers.datadoghq.com/detail/8036788/?gh_jid=8036788,https://careers.datadoghq.com/detail/8036788/?gh_jid=8036788,1111,11,"score=11 skills=architect,architecture,lead",yes,0020_raw,,70400-120000 EUR,queued,ok,greenhouse:datadog,cv_match_0020
CV20-0124,cv_match_0020,GitLab,"Manager, Solutions Architect - Asia","Remote, Singapore",https://job-boards.greenhouse.io/gitlab/jobs/8589147002,https://job-boards.greenhouse.io/gitlab/jobs/8589147002,https://job-boards.greenhouse.io/gitlab/jobs/8589147002,1111,11,"score=11 skills=architect,architecture,devops,lead",yes,0020_raw,,70400-120000 EUR,queued,ok,greenhouse:gitlab,cv_match_0020
CV20-0125,cv_match_0020,GitLab,"Manager, Solutions Architect - CEUR","Remote, Germany",https://job-boards.greenhouse.io/gitlab/jobs/8626770002,https://job-boards.greenhouse.io/gitlab/jobs/8626770002,https://job-boards.greenhouse.io/gitlab/jobs/8626770002,1111,11,"score=11 skills=architect,architecture,devops,lead",yes,0020_raw,,70400-120000 EUR,queued,ok,greenhouse:gitlab,cv_match_0020
CV20-0126,cv_match_0020,GitLab,"Manager, Solutions Architect - India","Remote, India",https://job-boards.greenhouse.io/gitlab/jobs/8627761002,https://job-boards.greenhouse.io/gitlab/jobs/8627761002,https://job-boards.greenhouse.io/gitlab/jobs/8627761002,1111,11,"score=11 skills=architect,architecture,devops,lead",yes,0020_raw,,70400-120000 EUR,queued,ok,greenhouse:gitlab,cv_match_0020
CV20-0127,cv_match_0020,GitLab,Public Sector Solutions Architect,"Remote, US",https://job-boards.greenhouse.io/gitlab/jobs/8627228002,https://job-boards.greenhouse.io/gitlab/jobs/8627228002,https://job-boards.greenhouse.io/gitlab/jobs/8627228002,1111,11,"score=11 skills=architect,architecture,devops,lead",yes,0020_raw,,70400-120000 EUR,queued,ok,greenhouse:gitlab,cv_match_0020
CV20-0128,cv_match_0020,GitLab,Solutions Architect,"Remote, United Kingdom",https://job-boards.greenhouse.io/gitlab/jobs/8611767002,https://job-boards.greenhouse.io/gitlab/jobs/8611767002,https://job-boards.greenhouse.io/gitlab/jobs/8611767002,1111,11,"score=11 skills=architect,architecture,devops,lead",yes,0020_raw,,70400-120000 EUR,queued,ok,greenhouse:gitlab,cv_match_0020
CV20-0129,cv_match_0020,GitLab,Solutions Architect - MENA,"Remote, KSA; Remote, UAE",https://job-boards.greenhouse.io/gitlab/jobs/8611700002,https://job-boards.greenhouse.io/gitlab/jobs/8611700002,https://job-boards.greenhouse.io/gitlab/jobs/8611700002,1111,11,"score=11 skills=architect,architecture,devops,lead",yes,0020_raw,,70400-120000 EUR,queued,ok,greenhouse:gitlab,cv_match_0020
CV20-0130,cv_match_0020,Elastic,Senior Solution Architect,Denmark,https://jobs.elastic.co/jobs?gh_jid=7817941&gh_jid=7817941,https://jobs.elastic.co/jobs?gh_jid=7817941&gh_jid=7817941,https://jobs.elastic.co/jobs?gh_jid=7817941&gh_jid=7817941,1111,11,"score=11 skills=architect,architecture,lead",yes,0020_raw,,70400-120000 EUR,queued,ok,greenhouse:elastic,cv_match_0020
CV20-0131,cv_match_0020,Elastic,"Senior Solution Architect, Mumbai","Mumbai, India",https://jobs.elastic.co/jobs?gh_jid=7817945&gh_jid=7817945,https://jobs.elastic.co/jobs?gh_jid=7817945&gh_jid=7817945,https://jobs.elastic.co/jobs?gh_jid=7817945&gh_jid=7817945,1111,11,"score=11 skills=architect,architecture,lead",yes,0020_raw,,70400-120000 EUR,queued,ok,greenhouse:elastic,cv_match_0020
CV20-0132,cv_match_0020,Elastic,Senior Solution Architect (Pre-sales),"London, United Kingdom",https://jobs.elastic.co/jobs?gh_jid=7960049&gh_jid=7960049,https://jobs.elastic.co/jobs?gh_jid=7960049&gh_jid=7960049,https://jobs.elastic.co/jobs?gh_jid=7960049&gh_jid=7960049,1111,11,"score=11 skills=architect,architecture,lead",yes,0020_raw,,70400-120000 EUR,queued,ok,greenhouse:elastic,cv_match_0020
CV20-0133,cv_match_0020,Elastic,Senior Solution Architect - Public Sector,The Netherlands,https://jobs.elastic.co/jobs?gh_jid=7811848&gh_jid=7811848,https://jobs.elastic.co/jobs?gh_jid=7811848&gh_jid=7811848,https://jobs.elastic.co/jobs?gh_jid=7811848&gh_jid=7811848,1111,11,"score=11 skills=architect,architecture,lead",yes,0020_raw,,70400-120000 EUR,queued,ok,greenhouse:elastic,cv_match_0020
CV20-0134,cv_match_0020,Elastic,"Senior Solution Architect, Thailand",Singapore,https://jobs.elastic.co/jobs?gh_jid=7817931&gh_jid=7817931,https://jobs.elastic.co/jobs?gh_jid=7817931&gh_jid=7817931,https://jobs.elastic.co/jobs?gh_jid=7817931&gh_jid=7817931,1111,11,"score=11 skills=architect,architecture,lead",yes,0020_raw,,70400-120000 EUR,queued,ok,greenhouse:elastic,cv_match_0020
CV20-0135,cv_match_0020,Elastic,Senior Solutions Architect - Federal Civilian,"Arlington, VA",https://jobs.elastic.co/jobs?gh_jid=8068023&gh_jid=8068023,https://jobs.elastic.co/jobs?gh_jid=8068023&gh_jid=8068023,https://jobs.elastic.co/jobs?gh_jid=8068023&gh_jid=8068023,1111,11,"score=11 skills=architect,architecture,lead",yes,0020_raw,,70400-120000 EUR,queued,ok,greenhouse:elastic,cv_match_0020
CV20-0136,cv_match_0020,Elastic,Senior Solutions Architect - Public Sector,Belgium,https://jobs.elastic.co/jobs?gh_jid=7635520&gh_jid=7635520,https://jobs.elastic.co/jobs?gh_jid=7635520&gh_jid=7635520,https://jobs.elastic.co/jobs?gh_jid=7635520&gh_jid=7635520,1111,11,"score=11 skills=architect,architecture,lead",yes,0020_raw,,70400-120000 EUR,queued,ok,greenhouse:elastic,cv_match_0020
CV20-0137,cv_match_0020,Elastic,Senior Solutions Architect - SLED,"New York, United States",https://jobs.elastic.co/jobs?gh_jid=7747112&gh_jid=7747112,https://jobs.elastic.co/jobs?gh_jid=7747112&gh_jid=7747112,https://jobs.elastic.co/jobs?gh_jid=7747112&gh_jid=7747112,1111,11,"score=11 skills=architect,architecture,lead",yes,0020_raw,,70400-120000 EUR,queued,ok,greenhouse:elastic,cv_match_0020
CV20-0138,cv_match_0020,Elastic,Senior Solutions Architect - SLED,"Massachusetts, United States",https://jobs.elastic.co/jobs?gh_jid=7747631&gh_jid=7747631,https://jobs.elastic.co/jobs?gh_jid=7747631&gh_jid=7747631,https://jobs.elastic.co/jobs?gh_jid=7747631&gh_jid=7747631,1111,11,"score=11 skills=architect,architecture,lead",yes,0020_raw,,70400-120000 EUR,queued,ok,greenhouse:elastic,cv_match_0020
CV20-0139,cv_match_0020,Airtable,Senior Partner Solutions Architect," London, England UK, Remote - US",https://job-boards.greenhouse.io/airtable/jobs/8461582002,https://job-boards.greenhouse.io/airtable/jobs/8461582002,https://job-boards.greenhouse.io/airtable/jobs/8461582002,1111,11,"score=11 skills=architect,architecture,lead",yes,0020_raw,,70400-120000 EUR,queued,ok,greenhouse:airtable,cv_match_0020
CV20-0140,cv_match_0020,Airtable,Senior Solutions Architect,Remote - US,https://job-boards.greenhouse.io/airtable/jobs/8498915002,https://job-boards.greenhouse.io/airtable/jobs/8498915002,https://job-boards.greenhouse.io/airtable/jobs/8498915002,1111,11,"score=11 skills=architect,architecture,lead",yes,0020_raw,,70400-120000 EUR,queued,ok,greenhouse:airtable,cv_match_0020
CV20-0141,cv_match_0020,Airtable,Senior Solutions Architect- West Coast,Remote-US,https://job-boards.greenhouse.io/airtable/jobs/8597941002,https://job-boards.greenhouse.io/airtable/jobs/8597941002,https://job-boards.greenhouse.io/airtable/jobs/8597941002,1111,11,"score=11 skills=architect,architecture,lead",yes,0020_raw,,70400-120000 EUR,queued,ok,greenhouse:airtable,cv_match_0020
CV20-0142,cv_match_0020,Twilio,"Staff Solutions Architect, Contract LifeCycle Management",Remote - US,https://job-boards.greenhouse.io/twilio/jobs/7979245,https://job-boards.greenhouse.io/twilio/jobs/7979245,https://job-boards.greenhouse.io/twilio/jobs/7979245,1111,11,"score=11 skills=architect,architecture,lead",yes,0020_raw,,70400-120000 EUR,queued,ok,greenhouse:twilio,cv_match_0020
CV20-0143,cv_match_0020,Twilio,"Staff Solutions Architect, Opportunity LifeCycle Management",Remote - US,https://job-boards.greenhouse.io/twilio/jobs/7979240,https://job-boards.greenhouse.io/twilio/jobs/7979240,https://job-boards.greenhouse.io/twilio/jobs/7979240,1111,11,"score=11 skills=architect,architecture,lead",yes,0020_raw,,70400-120000 EUR,queued,ok,greenhouse:twilio,cv_match_0020
CV20-0144,cv_match_0020,Asana,Senior Solutions Architect,Dublin,https://www.asana.com/jobs/apply/8027399?gh_jid=8027399,https://www.asana.com/jobs/apply/8027399?gh_jid=8027399,https://www.asana.com/jobs/apply/8027399?gh_jid=8027399,1111,11,"score=11 skills=architect,architecture,lead",yes,0020_raw,,70400-120000 EUR,queued,ok,greenhouse:asana,cv_match_0020
CV20-0145,cv_match_0020,Asana,Senior Solutions Architect,San Francisco,https://www.asana.com/jobs/apply/7607510?gh_jid=7607510,https://www.asana.com/jobs/apply/7607510?gh_jid=7607510,https://www.asana.com/jobs/apply/7607510?gh_jid=7607510,1111,11,"score=11 skills=architect,architecture,lead",yes,0020_raw,,70400-120000 EUR,queued,ok,greenhouse:asana,cv_match_0020
CV20-0146,cv_match_0020,Stripe,"Partner Solutions Architect, AI Partnerships",N/A,https://stripe.com/jobs/search?gh_jid=8024033,https://stripe.com/jobs/search?gh_jid=8024033,https://stripe.com/jobs/search?gh_jid=8024033,1110,10,"score=10 skills=ai,architect,architecture,lead",yes,0020_raw,,70400-120000 EUR,queued,ok,greenhouse:stripe,cv_match_0020
CV20-0147,cv_match_0020,Stripe,"Solutions Architect, Enterprise","Sweden, Dublin, Amsterdam",https://stripe.com/jobs/search?gh_jid=7601663,https://stripe.com/jobs/search?gh_jid=7601663,https://stripe.com/jobs/search?gh_jid=7601663,1110,10,"score=10 skills=architect,architecture,integration,lead",yes,0020_raw,,70400-120000 EUR,queued,ok,greenhouse:stripe,cv_match_0020
CV20-0148,cv_match_0020,Stripe,"Solutions Architect, Enterprise (German fluency)",LOCATION,https://stripe.com/jobs/search?gh_jid=8066953,https://stripe.com/jobs/search?gh_jid=8066953,https://stripe.com/jobs/search?gh_jid=8066953,1110,10,"score=10 skills=architect,architecture,integration,lead",yes,0020_raw,,70400-120000 EUR,queued,ok,greenhouse:stripe,cv_match_0020
CV20-0149,cv_match_0020,Stripe,"Solutions Architect, Enterprise (Pre-sales)","Chicago, IL or San Francisco, CA OR US Remote",https://stripe.com/jobs/search?gh_jid=7827184,https://stripe.com/jobs/search?gh_jid=7827184,https://stripe.com/jobs/search?gh_jid=7827184,1110,10,"score=10 skills=architect,architecture,integration,lead",yes,0020_raw,,70400-120000 EUR,queued,ok,greenhouse:stripe,cv_match_0020
CV20-0150,cv_match_0020,Elastic,"Sr. Solutions Architect - Enterprise Expand, West Coast (Presales)","California, United States",https://jobs.elastic.co/jobs?gh_jid=7663327&gh_jid=7663327,https://jobs.elastic.co/jobs?gh_jid=7663327&gh_jid=7663327,https://jobs.elastic.co/jobs?gh_jid=7663327&gh_jid=7663327,1110,10,"score=10 skills=architect,architecture,integration,lead",yes,0020_raw,,70400-120000 EUR,queued,ok,greenhouse:elastic,cv_match_0020
CV20-0151,cv_match_0020,Stripe,Partner Solutions Architect - Billing,USA ,https://stripe.com/jobs/search?gh_jid=7927330,https://stripe.com/jobs/search?gh_jid=7927330,https://stripe.com/jobs/search?gh_jid=7927330,1109,9,"score=9 skills=architect,architecture,lead",yes,0020_raw,,70400-120000 EUR,queued,ok,greenhouse:stripe,cv_match_0020
CV20-0152,cv_match_0020,Stripe,"Partner Solutions Architect, (German fluency)","Berlin, Munich ",https://stripe.com/jobs/search?gh_jid=7919325,https://stripe.com/jobs/search?gh_jid=7919325,https://stripe.com/jobs/search?gh_jid=7919325,1109,9,"score=9 skills=architect,architecture,lead",yes,0020_raw,,70400-120000 EUR,queued,ok,greenhouse:stripe,cv_match_0020
CV20-0153,cv_match_0020,Stripe,Partner Solutions Architect - LatAm,Mexico City,https://stripe.com/jobs/search?gh_jid=7927324,https://stripe.com/jobs/search?gh_jid=7927324,https://stripe.com/jobs/search?gh_jid=7927324,1109,9,"score=9 skills=architect,architecture,lead",yes,0020_raw,,70400-120000 EUR,queued,ok,greenhouse:stripe,cv_match_0020
CV20-0154,cv_match_0020,Stripe,"Partner Solutions Architect, Technology Partnerships",United States,https://stripe.com/jobs/search?gh_jid=7964568,https://stripe.com/jobs/search?gh_jid=7964568,https://stripe.com/jobs/search?gh_jid=7964568,1109,9,"score=9 skills=architect,architecture,lead",yes,0020_raw,,70400-120000 EUR,queued,ok,greenhouse:stripe,cv_match_0020
CV20-0155,cv_match_0020,Stripe,"Solutions Architect, Commercial, UK","Dublin, Ireland",https://stripe.com/jobs/search?gh_jid=7882492,https://stripe.com/jobs/search?gh_jid=7882492,https://stripe.com/jobs/search?gh_jid=7882492,1109,9,"score=9 skills=architect,architecture,lead",yes,0020_raw,,70400-120000 EUR,queued,ok,greenhouse:stripe,cv_match_0020
CV20-0156,cv_match_0020,Stripe,"Solutions Architect, (Italian fluency)",Milan,https://stripe.com/jobs/search?gh_jid=7784353,https://stripe.com/jobs/search?gh_jid=7784353,https://stripe.com/jobs/search?gh_jid=7784353,1109,9,"score=9 skills=architect,architecture,lead",yes,0020_raw,,70400-120000 EUR,queued,ok,greenhouse:stripe,cv_match_0020
CV20-0157,cv_match_0020,Stripe,"Solutions Architect, Metronome (Startups)","SF, NYC, Chicago, US-Remote",https://stripe.com/jobs/search?gh_jid=8072257,https://stripe.com/jobs/search?gh_jid=8072257,https://stripe.com/jobs/search?gh_jid=8072257,1109,9,"score=9 skills=architect,architecture,lead",yes,0020_raw,,70400-120000 EUR,queued,ok,greenhouse:stripe,cv_match_0020
CV20-0158,cv_match_0020,Stripe,"Solutions Architect, Startup & SMB (German fluency)",Dublin,https://stripe.com/jobs/search?gh_jid=7442995,https://stripe.com/jobs/search?gh_jid=7442995,https://stripe.com/jobs/search?gh_jid=7442995,1109,9,"score=9 skills=architect,architecture,lead",yes,0020_raw,,70400-120000 EUR,queued,ok,greenhouse:stripe,cv_match_0020
CV20-0159,cv_match_0020,Stripe,"Specialist Solution Architect, Money Management","NYC, SF, Chi, Remote",https://stripe.com/jobs/search?gh_jid=7370967,https://stripe.com/jobs/search?gh_jid=7370967,https://stripe.com/jobs/search?gh_jid=7370967,1109,9,"score=9 skills=architect,architecture,lead",yes,0020_raw,,70400-120000 EUR,queued,ok,greenhouse:stripe,cv_match_0020
CV20-0160,cv_match_0020,Stripe,"Specialist Solutions Architect, Billing",Remote,https://stripe.com/jobs/search?gh_jid=7728618,https://stripe.com/jobs/search?gh_jid=7728618,https://stripe.com/jobs/search?gh_jid=7728618,1109,9,"score=9 skills=architect,architecture,lead",yes,0020_raw,,70400-120000 EUR,queued,ok,greenhouse:stripe,cv_match_0020
CV20-0161,cv_match_0020,Stripe,"Specialist Solutions Architect, Crypto & Stablecoins",US-NY,https://stripe.com/jobs/search?gh_jid=7120766,https://stripe.com/jobs/search?gh_jid=7120766,https://stripe.com/jobs/search?gh_jid=7120766,1109,9,"score=9 skills=architect,architecture,lead",yes,0020_raw,,70400-120000 EUR,queued,ok,greenhouse:stripe,cv_match_0020
CV20-0162,cv_match_0020,Stripe,Specialist Solutions Architect - Money Management,Singapore,https://stripe.com/jobs/search?gh_jid=8066735,https://stripe.com/jobs/search?gh_jid=8066735,https://stripe.com/jobs/search?gh_jid=8066735,1109,9,"score=9 skills=architect,architecture,lead",yes,0020_raw,,70400-120000 EUR,queued,ok,greenhouse:stripe,cv_match_0020
CV20-0163,cv_match_0020,Stripe,"Specialist Solutions Architect, Payments","NY, SF, Chicago",https://stripe.com/jobs/search?gh_jid=7377591,https://stripe.com/jobs/search?gh_jid=7377591,https://stripe.com/jobs/search?gh_jid=7377591,1109,9,"score=9 skills=architect,architecture,lead",yes,0020_raw,,70400-120000 EUR,queued,ok,greenhouse:stripe,cv_match_0020
CV20-0164,cv_match_0020,Stripe,"Specialist Solutions Architect, Radar (Fraud/Risk)",NY or SF,https://stripe.com/jobs/search?gh_jid=7365914,https://stripe.com/jobs/search?gh_jid=7365914,https://stripe.com/jobs/search?gh_jid=7365914,1109,9,"score=9 skills=architect,architecture,lead",yes,0020_raw,,70400-120000 EUR,queued,ok,greenhouse:stripe,cv_match_0020
CV20-0165,cv_match_0020,Cloudflare,"Partner Solutions Architect- Service Providers Location New York, Atlanta, Charlotte, New Jersey and FL",Distributed,https://boards.greenhouse.io/cloudflare/jobs/8049820?gh_jid=8049820,https://boards.greenhouse.io/cloudflare/jobs/8049820?gh_jid=8049820,https://boards.greenhouse.io/cloudflare/jobs/8049820?gh_jid=8049820,1109,9,"score=9 skills=architect,architecture,lead",yes,0020_raw,,70400-120000 EUR,queued,ok,greenhouse:cloudflare,cv_match_0020
CV20-0166,cv_match_0020,Datadog,Partner Solutions Architect (ANZ),"Sydney, Australia",https://careers.datadoghq.com/detail/7922975/?gh_jid=7922975,https://careers.datadoghq.com/detail/7922975/?gh_jid=7922975,https://careers.datadoghq.com/detail/7922975/?gh_jid=7922975,1109,9,"score=9 skills=architect,architecture,lead",yes,0020_raw,,70400-120000 EUR,queued,ok,greenhouse:datadog,cv_match_0020
CV20-0167,cv_match_0020,Datadog,Partner Solutions Architect (Brazil),"Sao Paulo, Brazil",https://careers.datadoghq.com/detail/7967871/?gh_jid=7967871,https://careers.datadoghq.com/detail/7967871/?gh_jid=7967871,https://careers.datadoghq.com/detail/7967871/?gh_jid=7967871,1109,9,"score=9 skills=architect,architecture,lead",yes,0020_raw,,70400-120000 EUR,queued,ok,greenhouse:datadog,cv_match_0020
CV20-0168,cv_match_0020,Datadog,Partner Solutions Architect (Colombia),"Colombia, Remote",https://careers.datadoghq.com/detail/7977644/?gh_jid=7977644,https://careers.datadoghq.com/detail/7977644/?gh_jid=7977644,https://careers.datadoghq.com/detail/7977644/?gh_jid=7977644,1109,9,"score=9 skills=architect,architecture,lead",yes,0020_raw,,70400-120000 EUR,queued,ok,greenhouse:datadog,cv_match_0020
CV20-0169,cv_match_0020,Datadog,Partner Solutions Architect (EMEA),"Italy, Remote; Lisbon, Portugal; Madrid, Spain; Paris, France",https://careers.datadoghq.com/detail/7683726/?gh_jid=7683726,https://careers.datadoghq.com/detail/7683726/?gh_jid=7683726,https://careers.datadoghq.com/detail/7683726/?gh_jid=7683726,1109,9,"score=9 skills=architect,architecture,lead",yes,0020_raw,,70400-120000 EUR,queued,ok,greenhouse:datadog,cv_match_0020
CV20-0170,cv_match_0020,Datadog,Partner Solutions Architect (GSI) - AMER East,"Boston, Massachusetts, USA; New York, New York, USA",https://careers.datadoghq.com/detail/8003977/?gh_jid=8003977,https://careers.datadoghq.com/detail/8003977/?gh_jid=8003977,https://careers.datadoghq.com/detail/8003977/?gh_jid=8003977,1109,9,"score=9 skills=architect,architecture,lead",yes,0020_raw,,70400-120000 EUR,queued,ok,greenhouse:datadog,cv_match_0020
CV20-0171,cv_match_0020,Datadog,Partner Solutions Architect (GSI) - AMER West,"California, USA, Remote; Illinois, USA, Remote; Texas, USA, Remote; Washington, USA, Remote",https://careers.datadoghq.com/detail/8015631/?gh_jid=8015631,https://careers.datadoghq.com/detail/8015631/?gh_jid=8015631,https://careers.datadoghq.com/detail/8015631/?gh_jid=8015631,1109,9,"score=9 skills=architect,architecture,lead",yes,0020_raw,,70400-120000 EUR,queued,ok,greenhouse:datadog,cv_match_0020
CV20-0172,cv_match_0020,Datadog,Partner Solutions Architect (GSI) - AMER West,"Denver, Colorado, USA; San Francisco, California, USA",https://careers.datadoghq.com/detail/8010455/?gh_jid=8010455,https://careers.datadoghq.com/detail/8010455/?gh_jid=8010455,https://careers.datadoghq.com/detail/8010455/?gh_jid=8010455,1109,9,"score=9 skills=architect,architecture,lead",yes,0020_raw,,70400-120000 EUR,queued,ok,greenhouse:datadog,cv_match_0020
CV20-0173,cv_match_0020,Datadog,Partner Solutions Architect (India GSI),"Bangalore, India",https://careers.datadoghq.com/detail/7984988/?gh_jid=7984988,https://careers.datadoghq.com/detail/7984988/?gh_jid=7984988,https://careers.datadoghq.com/detail/7984988/?gh_jid=7984988,1109,9,"score=9 skills=architect,architecture,lead",yes,0020_raw,,70400-120000 EUR,queued,ok,greenhouse:datadog,cv_match_0020
CV20-0174,cv_match_0020,Datadog,Partner Solutions Architect (Pan-EMEA GSI),"Amsterdam, The Netherlands; Germany, Remote; Italy, Remote; Lisbon, Portugal; London, United Kingdom; Madrid, Spain; Sto",https://careers.datadoghq.com/detail/7997198/?gh_jid=7997198,https://careers.datadoghq.com/detail/7997198/?gh_jid=7997198,https://careers.datadoghq.com/detail/7997198/?gh_jid=7997198,1109,9,"score=9 skills=architect,architecture,lead",yes,0020_raw,,70400-120000 EUR,queued,ok,greenhouse:datadog,cv_match_0020
CV20-0175,cv_match_0020,Datadog,Product Solutions Architect - Product Analytics and Experimentation,"Boston, Massachusetts, USA; Denver, Colorado, USA; New York, New York, USA; San Francisco, California, USA",https://careers.datadoghq.com/detail/7732699/?gh_jid=7732699,https://careers.datadoghq.com/detail/7732699/?gh_jid=7732699,https://careers.datadoghq.com/detail/7732699/?gh_jid=7732699,1109,9,"score=9 skills=architect,architecture,lead",yes,0020_raw,,70400-120000 EUR,queued,ok,greenhouse:datadog,cv_match_0020
CV20-0176,cv_match_0020,Elastic,Partner Solution Architect - France,France,https://jobs.elastic.co/jobs?gh_jid=7995008&gh_jid=7995008,https://jobs.elastic.co/jobs?gh_jid=7995008&gh_jid=7995008,https://jobs.elastic.co/jobs?gh_jid=7995008&gh_jid=7995008,1109,9,"score=9 skills=architect,architecture,lead",yes,0020_raw,,70400-120000 EUR,queued,ok,greenhouse:elastic,cv_match_0020
CV20-0177,cv_match_0020,Elastic,Solution Architect (Pre-sales),"Barcelona, Spain",https://jobs.elastic.co/jobs?gh_jid=7811850&gh_jid=7811850,https://jobs.elastic.co/jobs?gh_jid=7811850&gh_jid=7811850,https://jobs.elastic.co/jobs?gh_jid=7811850&gh_jid=7811850,1109,9,"score=9 skills=architect,architecture,lead",yes,0020_raw,,70400-120000 EUR,queued,ok,greenhouse:elastic,cv_match_0020
CV20-0178,cv_match_0020,Elastic,Solutions Architect,"Toronto, Canada",https://jobs.elastic.co/jobs?gh_jid=8011777&gh_jid=8011777,https://jobs.elastic.co/jobs?gh_jid=8011777&gh_jid=8011777,https://jobs.elastic.co/jobs?gh_jid=8011777&gh_jid=8011777,1109,9,"score=9 skills=architect,architecture,lead",yes,0020_raw,,70400-120000 EUR,queued,ok,greenhouse:elastic,cv_match_0020
CV20-0179,cv_match_0020,Elastic,"Solutions Architect - General Business, East (Presales)","Georgia, United States",https://jobs.elastic.co/jobs?gh_jid=7939709&gh_jid=7939709,https://jobs.elastic.co/jobs?gh_jid=7939709&gh_jid=7939709,https://jobs.elastic.co/jobs?gh_jid=7939709&gh_jid=7939709,1109,9,"score=9 skills=architect,architecture,lead",yes,0020_raw,,70400-120000 EUR,queued,ok,greenhouse:elastic,cv_match_0020
CV20-0180,cv_match_0020,Elastic,"Solutions Architect - General Business, East (Presales)","Texas, United States",https://jobs.elastic.co/jobs?gh_jid=7944199&gh_jid=7944199,https://jobs.elastic.co/jobs?gh_jid=7944199&gh_jid=7944199,https://jobs.elastic.co/jobs?gh_jid=7944199&gh_jid=7944199,1109,9,"score=9 skills=architect,architecture,lead",yes,0020_raw,,70400-120000 EUR,queued,ok,greenhouse:elastic,cv_match_0020
CV20-0181,cv_match_0020,Elastic,Solutions Architect - PreSales,Germany,https://jobs.elastic.co/jobs?gh_jid=8035002&gh_jid=8035002,https://jobs.elastic.co/jobs?gh_jid=8035002&gh_jid=8035002,https://jobs.elastic.co/jobs?gh_jid=8035002&gh_jid=8035002,1109,9,"score=9 skills=architect,architecture,lead",yes,0020_raw,,70400-120000 EUR,queued,ok,greenhouse:elastic,cv_match_0020
CV20-0182,cv_match_0020,Coinbase,Solutions Architect,Remote - USA,https://www.coinbase.com/careers/positions/8056065?gh_jid=8056065,https://www.coinbase.com/careers/positions/8056065?gh_jid=8056065,https://www.coinbase.com/careers/positions/8056065?gh_jid=8056065,1109,9,"score=9 skills=architect,architecture,lead",yes,0020_raw,,70400-120000 EUR,queued,ok,greenhouse:coinbase,cv_match_0020
CV20-0183,cv_match_0020,Discord,"Solutions Architect, SF Bay Area",San Francisco Bay Area,https://job-boards.greenhouse.io/discord/jobs/8579738002,https://job-boards.greenhouse.io/discord/jobs/8579738002,https://job-boards.greenhouse.io/discord/jobs/8579738002,1109,9,"score=9 skills=architect,architecture,lead",yes,0020_raw,,70400-120000 EUR,queued,ok,greenhouse:discord,cv_match_0020
CV20-0184,cv_match_0020,GitLab,"Senior Manager, Professional Services Technical Architect","Remote, Canada; Remote, US",https://job-boards.greenhouse.io/gitlab/jobs/8597809002,https://job-boards.greenhouse.io/gitlab/jobs/8597809002,https://job-boards.greenhouse.io/gitlab/jobs/8597809002,1108,8,"score=8 skills=architect,architecture,devops,lead",yes,0020_raw,,70400-120000 EUR,queued,ok,greenhouse:gitlab,cv_match_0020
CV20-0185,cv_match_0020,GitLab,Professional Services Technical Architect,"Remote, Canada; Remote, US",https://job-boards.greenhouse.io/gitlab/jobs/8616847002,https://job-boards.greenhouse.io/gitlab/jobs/8616847002,https://job-boards.greenhouse.io/gitlab/jobs/8616847002,1105,5,"score=5 skills=architect,architecture,devops",yes,0020_raw,,70400-120000 EUR,queued,ok,greenhouse:gitlab,cv_match_0020
CV20-0186,cv_match_0020,GitLab,Technical Architect - Australia,"Remote, Australia",https://job-boards.greenhouse.io/gitlab/jobs/8595143002,https://job-boards.greenhouse.io/gitlab/jobs/8595143002,https://job-boards.greenhouse.io/gitlab/jobs/8595143002,1105,5,"score=5 skills=architect,architecture,devops",yes,0020_raw,,70400-120000 EUR,queued,ok,greenhouse:gitlab,cv_match_0020
CV20-0187,cv_match_0020,Asana,Salesforce Technical Architect,Warsaw,https://www.asana.com/jobs/apply/7918575?gh_jid=7918575,https://www.asana.com/jobs/apply/7918575?gh_jid=7918575,https://www.asana.com/jobs/apply/7918575?gh_jid=7918575,1103,3,"score=3 skills=architect,architecture",yes,0020_raw,,70400-120000 EUR,queued,ok,greenhouse:asana,cv_match_0020
CV20-0188,cv_match_0020,Figma,"Manager, Software Engineering - Growth Platform","San Francisco, CA • New York, NY • United States",https://boards.greenhouse.io/figma/jobs/6010279004?gh_jid=6010279004,https://boards.greenhouse.io/figma/jobs/6010279004?gh_jid=6010279004,https://boards.greenhouse.io/figma/jobs/6010279004?gh_jid=6010279004,1054,4,score=4 skills=software,yes,0020_raw,,70400-120000 EUR,queued,ok,greenhouse:figma,cv_match_0020
CV20-0189,cv_match_0020,Figma,"Manager, Software Engineering - Storage Platform","San Francisco, CA • New York, NY • United States",https://boards.greenhouse.io/figma/jobs/6084344004?gh_jid=6084344004,https://boards.greenhouse.io/figma/jobs/6084344004?gh_jid=6084344004,https://boards.greenhouse.io/figma/jobs/6084344004?gh_jid=6084344004,1054,4,score=4 skills=software,yes,0020_raw,,70400-120000 EUR,queued,ok,greenhouse:figma,cv_match_0020
CV20-0190,cv_match_0020,Figma,"Manager, Software Engineering - AI Product","San Francisco, CA • New York, NY • United States",https://boards.greenhouse.io/figma/jobs/5838098004?gh_jid=5838098004,https://boards.greenhouse.io/figma/jobs/5838098004?gh_jid=5838098004,https://boards.greenhouse.io/figma/jobs/5838098004?gh_jid=5838098004,1053,3,"score=3 skills=ai,software",yes,0020_raw,,70400-120000 EUR,queued,ok,greenhouse:figma,cv_match_0020
CV20-0191,cv_match_0020,Figma,"Manager, Software Engineering - AI Product (London, United Kingdom)","London, England",https://boards.greenhouse.io/figma/jobs/6099616004?gh_jid=6099616004,https://boards.greenhouse.io/figma/jobs/6099616004?gh_jid=6099616004,https://boards.greenhouse.io/figma/jobs/6099616004?gh_jid=6099616004,1053,3,"score=3 skills=ai,software",yes,0020_raw,,70400-120000 EUR,queued,ok,greenhouse:figma,cv_match_0020
CV20-0192,cv_match_0020,Figma,"Manager, Software Engineering - DevEx AI Tools","San Francisco, CA • New York, NY • United States",https://boards.greenhouse.io/figma/jobs/6008752004?gh_jid=6008752004,https://boards.greenhouse.io/figma/jobs/6008752004?gh_jid=6008752004,https://boards.greenhouse.io/figma/jobs/6008752004?gh_jid=6008752004,1053,3,"score=3 skills=ai,software",yes,0020_raw,,70400-120000 EUR,queued,ok,greenhouse:figma,cv_match_0020
CV20-0193,cv_match_0020,Stripe,Head of Enterprise Solutions Architecture Platforms,"San Francisco, CA",https://stripe.com/jobs/search?gh_jid=7915144,https://stripe.com/jobs/search?gh_jid=7915144,https://stripe.com/jobs/search?gh_jid=7915144,1012,12,"score=12 skills=architect,architecture,integration,lead,software_related",yes,0020_raw,,70400-120000 EUR,queued,ok,greenhouse:stripe,cv_match_0020
CV20-0194,cv_match_0020,Datadog,"Senior Manager, Product Solutions Architecture","Boston, Massachusetts, USA; Denver, Colorado, USA; New York, New York, USA; San Francisco, California, USA",https://careers.datadoghq.com/detail/7960450/?gh_jid=7960450,https://careers.datadoghq.com/detail/7960450/?gh_jid=7960450,https://careers.datadoghq.com/detail/7960450/?gh_jid=7960450,1011,11,"score=11 skills=architect,architecture,lead",yes,0020_raw,,70400-120000 EUR,queued,ok,greenhouse:datadog,cv_match_0020
CV20-0195,cv_match_0020,GitLab,"Manager, Solutions Architects","Remote, US",https://job-boards.greenhouse.io/gitlab/jobs/8396674002,https://job-boards.greenhouse.io/gitlab/jobs/8396674002,https://job-boards.greenhouse.io/gitlab/jobs/8396674002,1011,11,"score=11 skills=architect,architecture,devops,lead",yes,0020_raw,,70400-120000 EUR,queued,ok,greenhouse:gitlab,cv_match_0020
CV20-0196,cv_match_0020,GitLab,"Manager, Solutions Architects - Financial Services","Remote, United States",https://job-boards.greenhouse.io/gitlab/jobs/8639012002,https://job-boards.greenhouse.io/gitlab/jobs/8639012002,https://job-boards.greenhouse.io/gitlab/jobs/8639012002,1011,11,"score=11 skills=architect,architecture,devops,lead",yes,0020_raw,,70400-120000 EUR,queued,ok,greenhouse:gitlab,cv_match_0020
CV20-0197,cv_match_0020,GitLab,"Manager, Solutions Architecture - UK&I",Remote,https://job-boards.greenhouse.io/gitlab/jobs/8626762002,https://job-boards.greenhouse.io/gitlab/jobs/8626762002,https://job-boards.greenhouse.io/gitlab/jobs/8626762002,1011,11,"score=11 skills=architect,architecture,devops,lead",yes,0020_raw,,70400-120000 EUR,queued,ok,greenhouse:gitlab,cv_match_0020
CV20-0198,cv_match_0020,Stripe,"Global Head of Specialist Solutions Architecture, Billing",SF,https://stripe.com/jobs/search?gh_jid=7523947,https://stripe.com/jobs/search?gh_jid=7523947,https://stripe.com/jobs/search?gh_jid=7523947,1009,9,"score=9 skills=architect,architecture,lead",yes,0020_raw,,70400-120000 EUR,queued,ok,greenhouse:stripe,cv_match_0020
CV20-0199,cv_match_0020,Stripe,"Global Head of Specialist Solutions Architecture, Revenue",London,https://stripe.com/jobs/search?gh_jid=7963508,https://stripe.com/jobs/search?gh_jid=7963508,https://stripe.com/jobs/search?gh_jid=7963508,1009,9,"score=9 skills=architect,architecture,lead",yes,0020_raw,,70400-120000 EUR,queued,ok,greenhouse:stripe,cv_match_0020
CV20-0200,cv_match_0020,Elastic,"Director, Solutions Architecture (Technical Sales)",United States,https://jobs.elastic.co/jobs?gh_jid=7972639&gh_jid=7972639,https://jobs.elastic.co/jobs?gh_jid=7972639&gh_jid=7972639,https://jobs.elastic.co/jobs?gh_jid=7972639&gh_jid=7972639,1009,9,"score=9 skills=architect,architecture,lead",yes,0020_raw,,70400-120000 EUR,queued,ok,greenhouse:elastic,cv_match_0020
CV20-0201,cv_match_0020,Asana,"Technical Lead, API","Vancouver, BC",https://www.asana.com/jobs/apply/7776446?gh_jid=7776446,https://www.asana.com/jobs/apply/7776446?gh_jid=7776446,https://www.asana.com/jobs/apply/7776446?gh_jid=7776446,1008,8,score=8 skills=lead,yes,0020_raw,,70400-120000 EUR,queued,ok,greenhouse:asana,cv_match_0020
CV20-0202,cv_match_0020,GitLab,"Director, Enterprise Architecture & Intelligent Automation","Remote, US",https://job-boards.greenhouse.io/gitlab/jobs/8510488002,https://job-boards.greenhouse.io/gitlab/jobs/8510488002,https://job-boards.greenhouse.io/gitlab/jobs/8510488002,1006,6,"score=6 skills=architect,architecture,devops,integration",yes,0020_raw,,70400-120000 EUR,queued,ok,greenhouse:gitlab,cv_match_0020
CV20-0203,cv_match_0020,Reddit,"Senior Staff Software Engineer, Client Architecture",Remote - United States,https://job-boards.greenhouse.io/reddit/jobs/8060775,https://job-boards.greenhouse.io/reddit/jobs/8060775,https://job-boards.greenhouse.io/reddit/jobs/8060775,809,9,"score=9 skills=architecture,lead,software",no,0020_raw,,70400-120000 EUR,queued,ok,greenhouse:reddit,cv_match_0020
CV20-0204,cv_match_0020,Coinbase,Senior Staff Software Engineer - Blockchain Platform,Remote - USA,https://www.coinbase.com/careers/positions/7366208?gh_jid=7366208,https://www.coinbase.com/careers/positions/7366208?gh_jid=7366208,https://www.coinbase.com/careers/positions/7366208?gh_jid=7366208,809,9,"score=9 skills=lead,software",no,0020_raw,,70400-120000 EUR,queued,ok,greenhouse:coinbase,cv_match_0020
CV20-0205,cv_match_0020,Coinbase,"Senior Staff Software Engineer, Data Platform",Remote - USA,https://www.coinbase.com/careers/positions/7711287?gh_jid=7711287,https://www.coinbase.com/careers/positions/7711287?gh_jid=7711287,https://www.coinbase.com/careers/positions/7711287?gh_jid=7711287,809,9,"score=9 skills=lead,software",no,0020_raw,,70400-120000 EUR,queued,ok,greenhouse:coinbase,cv_match_0020
CV20-0206,cv_match_0020,Airbnb,"Senior Staff Software Engineer, Trust",Remote - US,https://careers.airbnb.com/positions/7818982?gh_jid=7818982,https://careers.airbnb.com/positions/7818982?gh_jid=7818982,https://careers.airbnb.com/positions/7818982?gh_jid=7818982,809,9,"score=9 skills=lead,software",no,0020_raw,,70400-120000 EUR,queued,ok,greenhouse:airbnb,cv_match_0020
CV20-0207,cv_match_0020,Robinhood,"Senior Staff Software Engineer, Data Platform","Bellevue, WA",https://boards.greenhouse.io/robinhood/jobs/7729014?t=gh_src=&gh_jid=7729014,https://boards.greenhouse.io/robinhood/jobs/7729014?t=gh_src=&gh_jid=7729014,https://boards.greenhouse.io/robinhood/jobs/7729014?t=gh_src=&gh_jid=7729014,809,9,"score=9 skills=lead,software",no,0020_raw,,70400-120000 EUR,queued,ok,greenhouse:robinhood,cv_match_0020
CV20-0208,cv_match_0020,Datadog,Senior Staff Software Engineer,"New York, New York, USA",https://careers.datadoghq.com/detail/5608424/?gh_jid=5608424,https://careers.datadoghq.com/detail/5608424/?gh_jid=5608424,https://careers.datadoghq.com/detail/5608424/?gh_jid=5608424,807,7,"score=7 skills=lead,software",no,0020_raw,,70400-120000 EUR,queued,ok,greenhouse:datadog,cv_match_0020
CV20-0209,cv_match_0020,Pinterest,"Senior Staff Software Engineer, Configuration & Coordination","San Francisco, CA, US; Remote, US",https://www.pinterestcareers.com/jobs/?gh_jid=7679640,https://www.pinterestcareers.com/jobs/?gh_jid=7679640,https://www.pinterestcareers.com/jobs/?gh_jid=7679640,807,7,"score=7 skills=lead,software",no,0020_raw,,70400-120000 EUR,queued,ok,greenhouse:pinterest,cv_match_0020
CV20-0210,cv_match_0020,Coinbase,"Senior Staff Software Engineer, Core Automation",Remote - USA,https://www.coinbase.com/careers/positions/7580292?gh_jid=7580292,https://www.coinbase.com/careers/positions/7580292?gh_jid=7580292,https://www.coinbase.com/careers/positions/7580292?gh_jid=7580292,807,7,"score=7 skills=lead,software",no,0020_raw,,70400-120000 EUR,queued,ok,greenhouse:coinbase,cv_match_0020
CV20-0211,cv_match_0020,Coinbase,"Senior Staff Software Engineer, Finance Automation",Remote - USA,https://www.coinbase.com/careers/positions/8072932?gh_jid=8072932,https://www.coinbase.com/careers/positions/8072932?gh_jid=8072932,https://www.coinbase.com/careers/positions/8072932?gh_jid=8072932,807,7,"score=7 skills=lead,software",no,0020_raw,,70400-120000 EUR,queued,ok,greenhouse:coinbase,cv_match_0020
CV20-0212,cv_match_0020,Coinbase,"Senior Staff Software Engineer, Legal Automation",Remote - USA,https://www.coinbase.com/careers/positions/8060884?gh_jid=8060884,https://www.coinbase.com/careers/positions/8060884?gh_jid=8060884,https://www.coinbase.com/careers/positions/8060884?gh_jid=8060884,807,7,"score=7 skills=lead,software",no,0020_raw,,70400-120000 EUR,queued,ok,greenhouse:coinbase,cv_match_0020
CV20-0213,cv_match_0020,Coinbase,"Senior Staff Software Engineer, Payments",Remote - USA,https://www.coinbase.com/careers/positions/8056068?gh_jid=8056068,https://www.coinbase.com/careers/positions/8056068?gh_jid=8056068,https://www.coinbase.com/careers/positions/8056068?gh_jid=8056068,807,7,"score=7 skills=lead,software",no,0020_raw,,70400-120000 EUR,queued,ok,greenhouse:coinbase,cv_match_0020
CV20-0214,cv_match_0020,Coinbase,"Senior Staff Software Engineer, Payments",Remote - Canada,https://www.coinbase.com/careers/positions/8060842?gh_jid=8060842,https://www.coinbase.com/careers/positions/8060842?gh_jid=8060842,https://www.coinbase.com/careers/positions/8060842?gh_jid=8060842,807,7,"score=7 skills=lead,software",no,0020_raw,,70400-120000 EUR,queued,ok,greenhouse:coinbase,cv_match_0020
CV20-0215,cv_match_0020,Coinbase,"Senior Staff Software Engineer, Payments",Remote - USA,https://www.coinbase.com/careers/positions/7769273?gh_jid=7769273,https://www.coinbase.com/careers/positions/7769273?gh_jid=7769273,https://www.coinbase.com/careers/positions/7769273?gh_jid=7769273,807,7,"score=7 skills=lead,software",no,0020_raw,,70400-120000 EUR,queued,ok,greenhouse:coinbase,cv_match_0020
CV20-0216,cv_match_0020,Airbnb,"Senior Staff Software Engineer, Host Pricing & Settings",Remote - USA,https://careers.airbnb.com/positions/8039723?gh_jid=8039723,https://careers.airbnb.com/positions/8039723?gh_jid=8039723,https://careers.airbnb.com/positions/8039723?gh_jid=8039723,807,7,"score=7 skills=lead,software",no,0020_raw,,70400-120000 EUR,queued,ok,greenhouse:airbnb,cv_match_0020
CV20-0217,cv_match_0020,Airbnb,"Senior Staff Software Engineer, Payments","Remote - Bangalore, India",https://careers.airbnb.com/positions/7525479?gh_jid=7525479,https://careers.airbnb.com/positions/7525479?gh_jid=7525479,https://careers.airbnb.com/positions/7525479?gh_jid=7525479,807,7,"score=7 skills=lead,software",no,0020_raw,,70400-120000 EUR,queued,ok,greenhouse:airbnb,cv_match_0020
CV20-0218,cv_match_0020,Airbnb,"Senior Staff Software Engineer, Payments","Remote, USA",https://careers.airbnb.com/positions/7688467?gh_jid=7688467,https://careers.airbnb.com/positions/7688467?gh_jid=7688467,https://careers.airbnb.com/positions/7688467?gh_jid=7688467,807,7,"score=7 skills=lead,software",no,0020_raw,,70400-120000 EUR,queued,ok,greenhouse:airbnb,cv_match_0020
CV20-0219,cv_match_0020,Stripe,"Staff Software Engineer, Machine Learning Platform",Toronto,https://stripe.com/jobs/search?gh_jid=7712852,https://stripe.com/jobs/search?gh_jid=7712852,https://stripe.com/jobs/search?gh_jid=7712852,610,10,"score=10 skills=ai,lead,software",no,0020_raw,,70400-120000 EUR,queued,ok,greenhouse:stripe,cv_match_0020
CV20-0220,cv_match_0020,Stripe,"Staff Software Engineer, Machine Learning Platform","San Francisco, Seattle",https://stripe.com/jobs/search?gh_jid=7939868,https://stripe.com/jobs/search?gh_jid=7939868,https://stripe.com/jobs/search?gh_jid=7939868,610,10,"score=10 skills=ai,lead,software",no,0020_raw,,70400-120000 EUR,queued,ok,greenhouse:stripe,cv_match_0020
CV20-0221,cv_match_0020,Cloudflare,Staff Software Engineer - Security Platform,Distributed; Hybrid,https://boards.greenhouse.io/cloudflare/jobs/7053411?gh_jid=7053411,https://boards.greenhouse.io/cloudflare/jobs/7053411?gh_jid=7053411,https://boards.greenhouse.io/cloudflare/jobs/7053411?gh_jid=7053411,610,10,"score=10 skills=lead,security,software",no,0020_raw,,70400-120000 EUR,queued,ok,greenhouse:cloudflare,cv_match_0020
CV20-0222,cv_match_0020,Coinbase,Staff Software Engineer - AI Platform Team,Remote - USA,https://www.coinbase.com/careers/positions/8025505?gh_jid=8025505,https://www.coinbase.com/careers/positions/8025505?gh_jid=8025505,https://www.coinbase.com/careers/positions/8025505?gh_jid=8025505,610,10,"score=10 skills=ai,lead,software",no,0020_raw,,70400-120000 EUR,queued,ok,greenhouse:coinbase,cv_match_0020
CV20-0223,cv_match_0020,Stripe,"Staff Software Engineer, API Platform","San Francisco, Seattle",https://stripe.com/jobs/search?gh_jid=8055701,https://stripe.com/jobs/search?gh_jid=8055701,https://stripe.com/jobs/search?gh_jid=8055701,609,9,"score=9 skills=lead,software",no,0020_raw,,70400-120000 EUR,queued,ok,greenhouse:stripe,cv_match_0020
CV20-0224,cv_match_0020,Stripe,"Staff Software Engineer, Datalake Platform",Dublin ,https://stripe.com/jobs/search?gh_jid=8035723,https://stripe.com/jobs/search?gh_jid=8035723,https://stripe.com/jobs/search?gh_jid=8035723,609,9,"score=9 skills=lead,software",no,0020_raw,,70400-120000 EUR,queued,ok,greenhouse:stripe,cv_match_0020
CV20-0225,cv_match_0020,Twilio,Staff Software Engineer (L4) Data Platform,Remote - US,https://job-boards.greenhouse.io/twilio/jobs/7782805,https://job-boards.greenhouse.io/twilio/jobs/7782805,https://job-boards.greenhouse.io/twilio/jobs/7782805,609,9,"score=9 skills=lead,software",no,0020_raw,,70400-120000 EUR,queued,ok,greenhouse:twilio,cv_match_0020
CV20-0226,cv_match_0020,Pinterest,"Sr. Staff Software Engineer, Data Product Platform","San Francisco, CA, US; Remote, US",https://www.pinterestcareers.com/jobs/?gh_jid=7746946,https://www.pinterestcareers.com/jobs/?gh_jid=7746946,https://www.pinterestcareers.com/jobs/?gh_jid=7746946,609,9,"score=9 skills=lead,software",no,0020_raw,,70400-120000 EUR,queued,ok,greenhouse:pinterest,cv_match_0020
CV20-0227,cv_match_0020,Pinterest,"Staff Software Engineer, Batch Processing Platform","Seattle, WA, US; Remote, US",https://www.pinterestcareers.com/jobs/?gh_jid=7832348,https://www.pinterestcareers.com/jobs/?gh_jid=7832348,https://www.pinterestcareers.com/jobs/?gh_jid=7832348,609,9,"score=9 skills=lead,software",no,0020_raw,,70400-120000 EUR,queued,ok,greenhouse:pinterest,cv_match_0020
CV20-0228,cv_match_0020,Reddit,Staff Software Engineer - Content Platform,Remote - United States,https://job-boards.greenhouse.io/reddit/jobs/8004045,https://job-boards.greenhouse.io/reddit/jobs/8004045,https://job-boards.greenhouse.io/reddit/jobs/8004045,609,9,"score=9 skills=lead,software",no,0020_raw,,70400-120000 EUR,queued,ok,greenhouse:reddit,cv_match_0020
CV20-0229,cv_match_0020,Reddit,"Staff Software Engineer, DevPlatform",Remote - United States,https://job-boards.greenhouse.io/reddit/jobs/8049901,https://job-boards.greenhouse.io/reddit/jobs/8049901,https://job-boards.greenhouse.io/reddit/jobs/8049901,609,9,"score=9 skills=lead,software",no,0020_raw,,70400-120000 EUR,queued,ok,greenhouse:reddit,cv_match_0020
CV20-0230,cv_match_0020,Coinbase,"Staff Software Engineer, Backend (Consumer - Prediction Markets)",Remote - USA,https://www.coinbase.com/careers/positions/7997840?gh_jid=7997840,https://www.coinbase.com/careers/positions/7997840?gh_jid=7997840,https://www.coinbase.com/careers/positions/7997840?gh_jid=7997840,609,9,"score=9 skills=lead,software",no,0020_raw,,70400-120000 EUR,queued,ok,greenhouse:coinbase,cv_match_0020
CV20-0231,cv_match_0020,Coinbase,"Staff Software Engineer, Backend - FinHub (Ledger)",Remote - USA,https://www.coinbase.com/careers/positions/8064916?gh_jid=8064916,https://www.coinbase.com/careers/positions/8064916?gh_jid=8064916,https://www.coinbase.com/careers/positions/8064916?gh_jid=8064916,609,9,"score=9 skills=lead,software",no,0020_raw,,70400-120000 EUR,queued,ok,greenhouse:coinbase,cv_match_0020
CV20-0232,cv_match_0020,Coinbase,"Staff Software Engineer, Backend - Payments Platform",Remote - USA,https://www.coinbase.com/careers/positions/7993066?gh_jid=7993066,https://www.coinbase.com/careers/positions/7993066?gh_jid=7993066,https://www.coinbase.com/careers/positions/7993066?gh_jid=7993066,609,9,"score=9 skills=lead,software",no,0020_raw,,70400-120000 EUR,queued,ok,greenhouse:coinbase,cv_match_0020
CV20-0233,cv_match_0020,Coinbase,"Staff Software Engineer, Backend - Platform (Payment Rails)",Remote - USA,https://www.coinbase.com/careers/positions/7789395?gh_jid=7789395,https://www.coinbase.com/careers/positions/7789395?gh_jid=7789395,https://www.coinbase.com/careers/positions/7789395?gh_jid=7789395,609,9,"score=9 skills=lead,software",no,0020_raw,,70400-120000 EUR,queued,ok,greenhouse:coinbase,cv_match_0020
CV20-0234,cv_match_0020,Coinbase,Staff Software Engineer (Platform - Identity IDV),Remote - USA,https://www.coinbase.com/careers/positions/7773776?gh_jid=7773776,https://www.coinbase.com/careers/positions/7773776?gh_jid=7773776,https://www.coinbase.com/careers/positions/7773776?gh_jid=7773776,609,9,"score=9 skills=lead,software",no,0020_raw,,70400-120000 EUR,queued,ok,greenhouse:coinbase,cv_match_0020
CV20-0235,cv_match_0020,Airbnb,"Staff Software Engineer, Global Markets (Backend)",China,https://careers.airbnb.com/positions/7768427?gh_jid=7768427,https://careers.airbnb.com/positions/7768427?gh_jid=7768427,https://careers.airbnb.com/positions/7768427?gh_jid=7768427,609,9,"score=9 skills=lead,software",no,0020_raw,,70400-120000 EUR,queued,ok,greenhouse:airbnb,cv_match_0020
CV20-0236,cv_match_0020,Discord,"Staff Software Engineer, Data Platform","San Francisco, CA",https://job-boards.greenhouse.io/discord/jobs/8498984002,https://job-boards.greenhouse.io/discord/jobs/8498984002,https://job-boards.greenhouse.io/discord/jobs/8498984002,609,9,"score=9 skills=lead,software",no,0020_raw,,70400-120000 EUR,queued,ok,greenhouse:discord,cv_match_0020
CV20-0237,cv_match_0020,Robinhood,"Staff Software Engineer, Storage Platform","Bellevue, WA",https://boards.greenhouse.io/robinhood/jobs/8044227?t=gh_src=&gh_jid=8044227,https://boards.greenhouse.io/robinhood/jobs/8044227?t=gh_src=&gh_jid=8044227,https://boards.greenhouse.io/robinhood/jobs/8044227?t=gh_src=&gh_jid=8044227,609,9,"score=9 skills=lead,software",no,0020_raw,,70400-120000 EUR,queued,ok,greenhouse:robinhood,cv_match_0020
CV20-0238,cv_match_0020,Datadog,Staff Software Engineer - Security Agent,"Portugal, Remote",https://careers.datadoghq.com/detail/8007606/?gh_jid=8007606,https://careers.datadoghq.com/detail/8007606/?gh_jid=8007606,https://careers.datadoghq.com/detail/8007606/?gh_jid=8007606,608,8,"score=8 skills=lead,security,software",no,0020_raw,,70400-120000 EUR,queued,ok,greenhouse:datadog,cv_match_0020
CV20-0239,cv_match_0020,Datadog,Staff Software Engineer - Security Agent,"Paris, France",https://careers.datadoghq.com/detail/8007589/?gh_jid=8007589,https://careers.datadoghq.com/detail/8007589/?gh_jid=8007589,https://careers.datadoghq.com/detail/8007589/?gh_jid=8007589,608,8,"score=8 skills=lead,security,software",no,0020_raw,,70400-120000 EUR,queued,ok,greenhouse:datadog,cv_match_0020
CV20-0240,cv_match_0020,Datadog,Staff Software Engineer - Security Agent,"France, Remote; Germany, Remote; Ireland, Remote; Italy, Remote; Spain, Remote",https://careers.datadoghq.com/detail/8007598/?gh_jid=8007598,https://careers.datadoghq.com/detail/8007598/?gh_jid=8007598,https://careers.datadoghq.com/detail/8007598/?gh_jid=8007598,608,8,"score=8 skills=lead,security,software",no,0020_raw,,70400-120000 EUR,queued,ok,greenhouse:datadog,cv_match_0020
CV20-0241,cv_match_0020,Elastic,Principal Software Developer - Security - Elasticsearch,Canada,https://jobs.elastic.co/jobs?gh_jid=8082617&gh_jid=8082617,https://jobs.elastic.co/jobs?gh_jid=8082617&gh_jid=8082617,https://jobs.elastic.co/jobs?gh_jid=8082617&gh_jid=8082617,608,8,"score=8 skills=lead,security,software",no,0020_raw,,70400-120000 EUR,queued,ok,greenhouse:elastic,cv_match_0020
CV20-0242,cv_match_0020,Elastic,Principal Software Engineer - Security - Elasticsearch,United States,https://jobs.elastic.co/jobs?gh_jid=8082612&gh_jid=8082612,https://jobs.elastic.co/jobs?gh_jid=8082612&gh_jid=8082612,https://jobs.elastic.co/jobs?gh_jid=8082612&gh_jid=8082612,608,8,"score=8 skills=lead,security,software",no,0020_raw,,70400-120000 EUR,queued,ok,greenhouse:elastic,cv_match_0020
CV20-0243,cv_match_0020,Asana,"Staff Software Engineer, AI",Warsaw,https://www.asana.com/jobs/apply/7978671?gh_jid=7978671,https://www.asana.com/jobs/apply/7978671?gh_jid=7978671,https://www.asana.com/jobs/apply/7978671?gh_jid=7978671,608,8,"score=8 skills=ai,lead,software",no,0020_raw,,70400-120000 EUR,queued,ok,greenhouse:asana,cv_match_0020
CV20-0244,cv_match_0020,Asana,"Staff Software Engineer, AI Developer Experience",New York City,https://www.asana.com/jobs/apply/7964388?gh_jid=7964388,https://www.asana.com/jobs/apply/7964388?gh_jid=7964388,https://www.asana.com/jobs/apply/7964388?gh_jid=7964388,608,8,"score=8 skills=ai,lead,software",no,0020_raw,,70400-120000 EUR,queued,ok,greenhouse:asana,cv_match_0020
CV20-0245,cv_match_0020,Coinbase,"Staff Software Engineer, Core AI Infrastructure",Remote - USA,https://www.coinbase.com/careers/positions/7991691?gh_jid=7991691,https://www.coinbase.com/careers/positions/7991691?gh_jid=7991691,https://www.coinbase.com/careers/positions/7991691?gh_jid=7991691,608,8,"score=8 skills=ai,lead,software",no,0020_raw,,70400-120000 EUR,queued,ok,greenhouse:coinbase,cv_match_0020
CV20-0246,cv_match_0020,Robinhood,"Staff Software Engineer, Security","Bellevue, WA",https://boards.greenhouse.io/robinhood/jobs/7819461?t=gh_src=&gh_jid=7819461,https://boards.greenhouse.io/robinhood/jobs/7819461?t=gh_src=&gh_jid=7819461,https://boards.greenhouse.io/robinhood/jobs/7819461?t=gh_src=&gh_jid=7819461,608,8,"score=8 skills=lead,security,software",no,0020_raw,,70400-120000 EUR,queued,ok,greenhouse:robinhood,cv_match_0020
CV20-0247,cv_match_0020,Stripe,"Staff Software Engineer, Data Engineering Solutions",Bengaluru,https://stripe.com/jobs/search?gh_jid=7548037,https://stripe.com/jobs/search?gh_jid=7548037,https://stripe.com/jobs/search?gh_jid=7548037,607,7,"score=7 skills=lead,software",no,0020_raw,,70400-120000 EUR,queued,ok,greenhouse:stripe,cv_match_0020
CV20-0248,cv_match_0020,Stripe,"Staff Software Engineer, Data Engineering Solutions",Seattle,https://stripe.com/jobs/search?gh_jid=8013220,https://stripe.com/jobs/search?gh_jid=8013220,https://stripe.com/jobs/search?gh_jid=8013220,607,7,"score=7 skills=lead,software",no,0020_raw,,70400-120000 EUR,queued,ok,greenhouse:stripe,cv_match_0020
CV20-0249,cv_match_0020,Stripe,"Staff Software Engineer, Stream Compute","San Francisco, Seattle, New York, Toronto ",https://stripe.com/jobs/search?gh_jid=7767063,https://stripe.com/jobs/search?gh_jid=7767063,https://stripe.com/jobs/search?gh_jid=7767063,607,7,"score=7 skills=lead,software",no,0020_raw,,70400-120000 EUR,queued,ok,greenhouse:stripe,cv_match_0020
CV20-0250,cv_match_0020,Stripe,"Staff Software Engineer, Stripe Dashboard",Seattle,https://stripe.com/jobs/search?gh_jid=7746721,https://stripe.com/jobs/search?gh_jid=7746721,https://stripe.com/jobs/search?gh_jid=7746721,607,7,"score=7 skills=lead,software",no,0020_raw,,70400-120000 EUR,queued,ok,greenhouse:stripe,cv_match_0020
CV20-0251,cv_match_0020,Cloudflare,"Principal Software Engineer: Distributed Systems (Config, Test, & Deployment)",Hybrid,https://boards.greenhouse.io/cloudflare/jobs/8038898?gh_jid=8038898,https://boards.greenhouse.io/cloudflare/jobs/8038898?gh_jid=8038898,https://boards.greenhouse.io/cloudflare/jobs/8038898?gh_jid=8038898,607,7,"score=7 skills=lead,software",no,0020_raw,,70400-120000 EUR,queued,ok,greenhouse:cloudflare,cv_match_0020
CV20-0252,cv_match_0020,Cloudflare,"Principal Software Engineer, Workers Deploy & Config",In-Office,https://boards.greenhouse.io/cloudflare/jobs/8055320?gh_jid=8055320,https://boards.greenhouse.io/cloudflare/jobs/8055320?gh_jid=8055320,https://boards.greenhouse.io/cloudflare/jobs/8055320?gh_jid=8055320,607,7,"score=7 skills=lead,software",no,0020_raw,,70400-120000 EUR,queued,ok,greenhouse:cloudflare,cv_match_0020
CV20-0253,cv_match_0020,Datadog,Staff Software Engineer,"New York, New York, USA",https://careers.datadoghq.com/detail/3210217/?gh_jid=3210217,https://careers.datadoghq.com/detail/3210217/?gh_jid=3210217,https://careers.datadoghq.com/detail/3210217/?gh_jid=3210217,607,7,"score=7 skills=lead,software",no,0020_raw,,70400-120000 EUR,queued,ok,greenhouse:datadog,cv_match_0020
CV20-0254,cv_match_0020,Datadog,Staff Software Engineer - Logs Management,"New York, New York, USA",https://careers.datadoghq.com/detail/7635298/?gh_jid=7635298,https://careers.datadoghq.com/detail/7635298/?gh_jid=7635298,https://careers.datadoghq.com/detail/7635298/?gh_jid=7635298,607,7,"score=7 skills=lead,software",no,0020_raw,,70400-120000 EUR,queued,ok,greenhouse:datadog,cv_match_0020
CV20-0255,cv_match_0020,Datadog,Staff Software Engineer - Logs Observability Pipelines,"New York, New York, USA",https://careers.datadoghq.com/detail/7743369/?gh_jid=7743369,https://careers.datadoghq.com/detail/7743369/?gh_jid=7743369,https://careers.datadoghq.com/detail/7743369/?gh_jid=7743369,607,7,"score=7 skills=lead,software",no,0020_raw,,70400-120000 EUR,queued,ok,greenhouse:datadog,cv_match_0020
CV20-0256,cv_match_0020,Datadog,Staff Software Engineer - ML Observability,"Boston, Massachusetts, USA; New York, New York, USA",https://careers.datadoghq.com/detail/7107437/?gh_jid=7107437,https://careers.datadoghq.com/detail/7107437/?gh_jid=7107437,https://careers.datadoghq.com/detail/7107437/?gh_jid=7107437,607,7,"score=7 skills=lead,software",no,0020_raw,,70400-120000 EUR,queued,ok,greenhouse:datadog,cv_match_0020
CV20-0257,cv_match_0020,Elastic,Principal Software Developer - Storage Engine - Elasticsearch,Canada,https://jobs.elastic.co/jobs?gh_jid=8074820&gh_jid=8074820,https://jobs.elastic.co/jobs?gh_jid=8074820&gh_jid=8074820,https://jobs.elastic.co/jobs?gh_jid=8074820&gh_jid=8074820,607,7,"score=7 skills=lead,software",no,0020_raw,,70400-120000 EUR,queued,ok,greenhouse:elastic,cv_match_0020
CV20-0258,cv_match_0020,Elastic,Principal Software Engineer - Search Infra - Elasticsearch -,United States,https://jobs.elastic.co/jobs?gh_jid=8067100&gh_jid=8067100,https://jobs.elastic.co/jobs?gh_jid=8067100&gh_jid=8067100,https://jobs.elastic.co/jobs?gh_jid=8067100&gh_jid=8067100,607,7,"score=7 skills=lead,software",no,0020_raw,,70400-120000 EUR,queued,ok,greenhouse:elastic,cv_match_0020
CV20-0259,cv_match_0020,Elastic,Principal Software Engineer - Search Infra - Elasticsearch,Spain,https://jobs.elastic.co/jobs?gh_jid=8020857&gh_jid=8020857,https://jobs.elastic.co/jobs?gh_jid=8020857&gh_jid=8020857,https://jobs.elastic.co/jobs?gh_jid=8020857&gh_jid=8020857,607,7,"score=7 skills=lead,software",no,0020_raw,,70400-120000 EUR,queued,ok,greenhouse:elastic,cv_match_0020
CV20-0260,cv_match_0020,Elastic,Principal Software Engineer - Search Infra - Elasticsearch,Greece,https://jobs.elastic.co/jobs?gh_jid=8020864&gh_jid=8020864,https://jobs.elastic.co/jobs?gh_jid=8020864&gh_jid=8020864,https://jobs.elastic.co/jobs?gh_jid=8020864&gh_jid=8020864,607,7,"score=7 skills=lead,software",no,0020_raw,,70400-120000 EUR,queued,ok,greenhouse:elastic,cv_match_0020
CV20-0261,cv_match_0020,Elastic,Principal Software Engineer - Search Infra - Elasticsearch,Ireland,https://jobs.elastic.co/jobs?gh_jid=8020854&gh_jid=8020854,https://jobs.elastic.co/jobs?gh_jid=8020854&gh_jid=8020854,https://jobs.elastic.co/jobs?gh_jid=8020854&gh_jid=8020854,607,7,"score=7 skills=lead,software",no,0020_raw,,70400-120000 EUR,queued,ok,greenhouse:elastic,cv_match_0020
CV20-0262,cv_match_0020,Elastic,Principal Software Engineer - Search Infra - Elasticsearch,Canada,https://jobs.elastic.co/jobs?gh_jid=8067101&gh_jid=8067101,https://jobs.elastic.co/jobs?gh_jid=8067101&gh_jid=8067101,https://jobs.elastic.co/jobs?gh_jid=8067101&gh_jid=8067101,607,7,"score=7 skills=lead,software",no,0020_raw,,70400-120000 EUR,queued,ok,greenhouse:elastic,cv_match_0020
CV20-0263,cv_match_0020,Elastic,Principal Software Engineer - Storage Engine - Elasticsearch,United States,https://jobs.elastic.co/jobs?gh_jid=8074819&gh_jid=8074819,https://jobs.elastic.co/jobs?gh_jid=8074819&gh_jid=8074819,https://jobs.elastic.co/jobs?gh_jid=8074819&gh_jid=8074819,607,7,"score=7 skills=lead,software",no,0020_raw,,70400-120000 EUR,queued,ok,greenhouse:elastic,cv_match_0020
CV20-0264,cv_match_0020,Elastic,Principal Software Engineer - Vector Search - Elasticsearch,Ireland,https://jobs.elastic.co/jobs?gh_jid=8020842&gh_jid=8020842,https://jobs.elastic.co/jobs?gh_jid=8020842&gh_jid=8020842,https://jobs.elastic.co/jobs?gh_jid=8020842&gh_jid=8020842,607,7,"score=7 skills=lead,software",no,0020_raw,,70400-120000 EUR,queued,ok,greenhouse:elastic,cv_match_0020
CV20-0265,cv_match_0020,Elastic,Principal Software Engineer - Vector Search - Elasticsearch,United States,https://jobs.elastic.co/jobs?gh_jid=7843348&gh_jid=7843348,https://jobs.elastic.co/jobs?gh_jid=7843348&gh_jid=7843348,https://jobs.elastic.co/jobs?gh_jid=7843348&gh_jid=7843348,607,7,"score=7 skills=lead,software",no,0020_raw,,70400-120000 EUR,queued,ok,greenhouse:elastic,cv_match_0020
CV20-0266,cv_match_0020,Elastic,Principal Software Engineer - Vector Search - Elasticsearch,Canada,https://jobs.elastic.co/jobs?gh_jid=7903238&gh_jid=7903238,https://jobs.elastic.co/jobs?gh_jid=7903238&gh_jid=7903238,https://jobs.elastic.co/jobs?gh_jid=7903238&gh_jid=7903238,607,7,"score=7 skills=lead,software",no,0020_raw,,70400-120000 EUR,queued,ok,greenhouse:elastic,cv_match_0020
CV20-0267,cv_match_0020,Elastic,Principal Software Engineer - Vector Search - Elasticsearch,Greece,https://jobs.elastic.co/jobs?gh_jid=8020845&gh_jid=8020845,https://jobs.elastic.co/jobs?gh_jid=8020845&gh_jid=8020845,https://jobs.elastic.co/jobs?gh_jid=8020845&gh_jid=8020845,607,7,"score=7 skills=lead,software",no,0020_raw,,70400-120000 EUR,queued,ok,greenhouse:elastic,cv_match_0020
CV20-0268,cv_match_0020,Elastic,Principal Software Engineer - Vector Search - Elasticsearch,Spain,https://jobs.elastic.co/jobs?gh_jid=8020844&gh_jid=8020844,https://jobs.elastic.co/jobs?gh_jid=8020844&gh_jid=8020844,https://jobs.elastic.co/jobs?gh_jid=8020844&gh_jid=8020844,607,7,"score=7 skills=lead,software",no,0020_raw,,70400-120000 EUR,queued,ok,greenhouse:elastic,cv_match_0020
CV20-0269,cv_match_0020,Twilio,Principal Software Engineer,Remote - India,https://job-boards.greenhouse.io/twilio/jobs/7644471,https://job-boards.greenhouse.io/twilio/jobs/7644471,https://job-boards.greenhouse.io/twilio/jobs/7644471,607,7,"score=7 skills=lead,software",no,0020_raw,,70400-120000 EUR,queued,ok,greenhouse:twilio,cv_match_0020
CV20-0270,cv_match_0020,Twilio,Principal Software Engineer - Identity Graph,Remote - US,https://job-boards.greenhouse.io/twilio/jobs/8067270,https://job-boards.greenhouse.io/twilio/jobs/8067270,https://job-boards.greenhouse.io/twilio/jobs/8067270,607,7,"score=7 skills=lead,software",no,0020_raw,,70400-120000 EUR,queued,ok,greenhouse:twilio,cv_match_0020
CV20-0271,cv_match_0020,Twilio,Staff Software Engineer,Remote - US,https://job-boards.greenhouse.io/twilio/jobs/7944328,https://job-boards.greenhouse.io/twilio/jobs/7944328,https://job-boards.greenhouse.io/twilio/jobs/7944328,607,7,"score=7 skills=lead,software",no,0020_raw,,70400-120000 EUR,queued,ok,greenhouse:twilio,cv_match_0020
CV20-0272,cv_match_0020,Twilio,Staff Software Engineer,Remote - US,https://job-boards.greenhouse.io/twilio/jobs/8065043,https://job-boards.greenhouse.io/twilio/jobs/8065043,https://job-boards.greenhouse.io/twilio/jobs/8065043,607,7,"score=7 skills=lead,software",no,0020_raw,,70400-120000 EUR,queued,ok,greenhouse:twilio,cv_match_0020
CV20-0273,cv_match_0020,Twilio,Staff Software Engineer,Remote - Ireland,https://job-boards.greenhouse.io/twilio/jobs/8071710,https://job-boards.greenhouse.io/twilio/jobs/8071710,https://job-boards.greenhouse.io/twilio/jobs/8071710,607,7,"score=7 skills=lead,software",no,0020_raw,,70400-120000 EUR,queued,ok,greenhouse:twilio,cv_match_0020
CV20-0274,cv_match_0020,Twilio,Staff Software Engineer (L4),Remote - India,https://job-boards.greenhouse.io/twilio/jobs/7996770,https://job-boards.greenhouse.io/twilio/jobs/7996770,https://job-boards.greenhouse.io/twilio/jobs/7996770,607,7,"score=7 skills=lead,software",no,0020_raw,,70400-120000 EUR,queued,ok,greenhouse:twilio,cv_match_0020
CV20-0275,cv_match_0020,Twilio,Staff Software Engineer (L4),Remote - Canada,https://job-boards.greenhouse.io/twilio/jobs/7716279,https://job-boards.greenhouse.io/twilio/jobs/7716279,https://job-boards.greenhouse.io/twilio/jobs/7716279,607,7,"score=7 skills=lead,software",no,0020_raw,,70400-120000 EUR,queued,ok,greenhouse:twilio,cv_match_0020
CV20-0276,cv_match_0020,Dropbox,"Principal Software Engineer, Core Sharing & Collaboration",Remote - Canada: Select locations,https://jobs.dropbox.com/listing/8006977?gh_jid=8006977,https://jobs.dropbox.com/listing/8006977?gh_jid=8006977,https://jobs.dropbox.com/listing/8006977?gh_jid=8006977,607,7,"score=7 skills=lead,software",no,0020_raw,,70400-120000 EUR,queued,ok,greenhouse:dropbox,cv_match_0020
CV20-0277,cv_match_0020,Dropbox,"Principal Software Engineer, Core Sharing & Collaboration",Remote - US: All locations,https://jobs.dropbox.com/listing/8006972?gh_jid=8006972,https://jobs.dropbox.com/listing/8006972?gh_jid=8006972,https://jobs.dropbox.com/listing/8006972?gh_jid=8006972,607,7,"score=7 skills=lead,software",no,0020_raw,,70400-120000 EUR,queued,ok,greenhouse:dropbox,cv_match_0020
CV20-0278,cv_match_0020,Pinterest,"Sr. Staff Software Engineer, Ads Measurement","Seattle, WA, US; Palo Alto, CA, US; San Francisco, CA, US",https://www.pinterestcareers.com/jobs/?gh_jid=7782478,https://www.pinterestcareers.com/jobs/?gh_jid=7782478,https://www.pinterestcareers.com/jobs/?gh_jid=7782478,607,7,"score=7 skills=lead,software",no,0020_raw,,70400-120000 EUR,queued,ok,greenhouse:pinterest,cv_match_0020
CV20-0279,cv_match_0020,Pinterest,"Sr. Staff Software Engineer, iOS Search and Shopping Journeys","San Francisco, CA, US; Remote, US",https://www.pinterestcareers.com/jobs/?gh_jid=8001913,https://www.pinterestcareers.com/jobs/?gh_jid=8001913,https://www.pinterestcareers.com/jobs/?gh_jid=8001913,607,7,"score=7 skills=lead,software",no,0020_raw,,70400-120000 EUR,queued,ok,greenhouse:pinterest,cv_match_0020
CV20-0280,cv_match_0020,Pinterest,"Sr. Staff Software Engineer, Merchants","San Francisco, CA, US; Palo Alto, CA, US",https://www.pinterestcareers.com/jobs/?gh_jid=7770918,https://www.pinterestcareers.com/jobs/?gh_jid=7770918,https://www.pinterestcareers.com/jobs/?gh_jid=7770918,607,7,"score=7 skills=lead,software",no,0020_raw,,70400-120000 EUR,queued,ok,greenhouse:pinterest,cv_match_0020
CV20-0281,cv_match_0020,Pinterest,"Staff Software Engineer, Ads Measurement Products","San Francisco, CA, US; Remote, US",https://www.pinterestcareers.com/jobs/?gh_jid=7494915,https://www.pinterestcareers.com/jobs/?gh_jid=7494915,https://www.pinterestcareers.com/jobs/?gh_jid=7494915,607,7,"score=7 skills=lead,software",no,0020_raw,,70400-120000 EUR,queued,ok,greenhouse:pinterest,cv_match_0020
CV20-0282,cv_match_0020,Pinterest,"Staff Software Engineer, Ads Measurement Signal","Seattle, WA, US; Remote, US",https://www.pinterestcareers.com/jobs/?gh_jid=7494904,https://www.pinterestcareers.com/jobs/?gh_jid=7494904,https://www.pinterestcareers.com/jobs/?gh_jid=7494904,607,7,"score=7 skills=lead,software",no,0020_raw,,70400-120000 EUR,queued,ok,greenhouse:pinterest,cv_match_0020
CV20-0283,cv_match_0020,Pinterest,"Staff Software Engineer, Big Data Storage","Palo Alto, CA, US; Remote, US",https://www.pinterestcareers.com/jobs/?gh_jid=7437356,https://www.pinterestcareers.com/jobs/?gh_jid=7437356,https://www.pinterestcareers.com/jobs/?gh_jid=7437356,607,7,"score=7 skills=lead,software",no,0020_raw,,70400-120000 EUR,queued,ok,greenhouse:pinterest,cv_match_0020
CV20-0284,cv_match_0020,Pinterest,"Staff Software Engineer, Big Data, tvScientific","San Francisco, CA, US; Remote, US",https://www.pinterestcareers.com/jobs/?gh_jid=7642253,https://www.pinterestcareers.com/jobs/?gh_jid=7642253,https://www.pinterestcareers.com/jobs/?gh_jid=7642253,607,7,"score=7 skills=lead,software",no,0020_raw,,70400-120000 EUR,queued,ok,greenhouse:pinterest,cv_match_0020
CV20-0285,cv_match_0020,Pinterest,"Staff Software Engineer, Capacity Engineering","San Francisco, CA, US; Remote, US",https://www.pinterestcareers.com/jobs/?gh_jid=7494668,https://www.pinterestcareers.com/jobs/?gh_jid=7494668,https://www.pinterestcareers.com/jobs/?gh_jid=7494668,607,7,"score=7 skills=lead,software",no,0020_raw,,70400-120000 EUR,queued,ok,greenhouse:pinterest,cv_match_0020
CV20-0286,cv_match_0020,Pinterest,"Staff Software Engineer, Edge","US; Remote, US",https://www.pinterestcareers.com/jobs/?gh_jid=7990090,https://www.pinterestcareers.com/jobs/?gh_jid=7990090,https://www.pinterestcareers.com/jobs/?gh_jid=7990090,607,7,"score=7 skills=lead,software",no,0020_raw,,70400-120000 EUR,queued,ok,greenhouse:pinterest,cv_match_0020
CV20-0287,cv_match_0020,Pinterest,Staff Software Engineer- Growth Performance Marketing,"San Francisco, CA, US; Remote, US",https://www.pinterestcareers.com/jobs/?gh_jid=7874931,https://www.pinterestcareers.com/jobs/?gh_jid=7874931,https://www.pinterestcareers.com/jobs/?gh_jid=7874931,607,7,"score=7 skills=lead,software",no,0020_raw,,70400-120000 EUR,queued,ok,greenhouse:pinterest,cv_match_0020
CV20-0288,cv_match_0020,Pinterest,"Staff Software Engineer, Observability","San Francisco, CA, US; Remote, US",https://www.pinterestcareers.com/jobs/?gh_jid=7954753,https://www.pinterestcareers.com/jobs/?gh_jid=7954753,https://www.pinterestcareers.com/jobs/?gh_jid=7954753,607,7,"score=7 skills=lead,software",no,0020_raw,,70400-120000 EUR,queued,ok,greenhouse:pinterest,cv_match_0020
CV20-0289,cv_match_0020,Pinterest,"Staff Software Engineer, Service Communications","San Francisco, CA, US; Remote, US",https://www.pinterestcareers.com/jobs/?gh_jid=7990086,https://www.pinterestcareers.com/jobs/?gh_jid=7990086,https://www.pinterestcareers.com/jobs/?gh_jid=7990086,607,7,"score=7 skills=lead,software",no,0020_raw,,70400-120000 EUR,queued,ok,greenhouse:pinterest,cv_match_0020
CV20-0290,cv_match_0020,Pinterest,"Staff Software Engineer, Trends Engineering","San Francisco, CA, US; Remote, US",https://www.pinterestcareers.com/jobs/?gh_jid=7960984,https://www.pinterestcareers.com/jobs/?gh_jid=7960984,https://www.pinterestcareers.com/jobs/?gh_jid=7960984,607,7,"score=7 skills=lead,software",no,0020_raw,,70400-120000 EUR,queued,ok,greenhouse:pinterest,cv_match_0020
CV20-0291,cv_match_0020,Reddit,"Staff Software Engineer, Community Builders",Remote - United States,https://job-boards.greenhouse.io/reddit/jobs/7875645,https://job-boards.greenhouse.io/reddit/jobs/7875645,https://job-boards.greenhouse.io/reddit/jobs/7875645,607,7,"score=7 skills=lead,software",no,0020_raw,,70400-120000 EUR,queued,ok,greenhouse:reddit,cv_match_0020
CV20-0292,cv_match_0020,Reddit,"Staff Software Engineer, Identity & Access Management",Remote - United States,https://job-boards.greenhouse.io/reddit/jobs/8031491,https://job-boards.greenhouse.io/reddit/jobs/8031491,https://job-boards.greenhouse.io/reddit/jobs/8031491,607,7,"score=7 skills=lead,software",no,0020_raw,,70400-120000 EUR,queued,ok,greenhouse:reddit,cv_match_0020
CV20-0293,cv_match_0020,Reddit,"Staff Software Engineer, Media Experiences",Remote - United States,https://job-boards.greenhouse.io/reddit/jobs/8029641,https://job-boards.greenhouse.io/reddit/jobs/8029641,https://job-boards.greenhouse.io/reddit/jobs/8029641,607,7,"score=7 skills=lead,software",no,0020_raw,,70400-120000 EUR,queued,ok,greenhouse:reddit,cv_match_0020
CV20-0294,cv_match_0020,Reddit,"Staff Software Engineer, Onboarding",Remote - United States,https://job-boards.greenhouse.io/reddit/jobs/7961154,https://job-boards.greenhouse.io/reddit/jobs/7961154,https://job-boards.greenhouse.io/reddit/jobs/7961154,607,7,"score=7 skills=lead,software",no,0020_raw,,70400-120000 EUR,queued,ok,greenhouse:reddit,cv_match_0020
CV20-0295,cv_match_0020,Brex,"Staff Software Engineer, Banking","Seattle, Washington, United States",https://www.brex.com/careers/8618076002?gh_jid=8618076002,https://www.brex.com/careers/8618076002?gh_jid=8618076002,https://www.brex.com/careers/8618076002?gh_jid=8618076002,607,7,"score=7 skills=lead,software",no,0020_raw,,70400-120000 EUR,queued,ok,greenhouse:brex,cv_match_0020
CV20-0296,cv_match_0020,Brex,"Staff Software Engineer, Banking","San Francisco, California, United States",https://www.brex.com/careers/8612473002?gh_jid=8612473002,https://www.brex.com/careers/8612473002?gh_jid=8612473002,https://www.brex.com/careers/8612473002?gh_jid=8612473002,607,7,"score=7 skills=lead,software",no,0020_raw,,70400-120000 EUR,queued,ok,greenhouse:brex,cv_match_0020
CV20-0297,cv_match_0020,Brex,"Staff Software Engineer, Banking","Vancouver, British Columbia, Canada",https://www.brex.com/careers/8618063002?gh_jid=8618063002,https://www.brex.com/careers/8618063002?gh_jid=8618063002,https://www.brex.com/careers/8618063002?gh_jid=8618063002,607,7,"score=7 skills=lead,software",no,0020_raw,,70400-120000 EUR,queued,ok,greenhouse:brex,cv_match_0020
CV20-0298,cv_match_0020,Brex,"Staff Software Engineer, Banking","New York, New York, United States",https://www.brex.com/careers/8618069002?gh_jid=8618069002,https://www.brex.com/careers/8618069002?gh_jid=8618069002,https://www.brex.com/careers/8618069002?gh_jid=8618069002,607,7,"score=7 skills=lead,software",no,0020_raw,,70400-120000 EUR,queued,ok,greenhouse:brex,cv_match_0020
CV20-0299,cv_match_0020,Brex,"Staff Software Engineer, Travel & Expense","Vancouver, British Columbia, Canada",https://www.brex.com/careers/8635342002?gh_jid=8635342002,https://www.brex.com/careers/8635342002?gh_jid=8635342002,https://www.brex.com/careers/8635342002?gh_jid=8635342002,607,7,"score=7 skills=lead,software",no,0020_raw,,70400-120000 EUR,queued,ok,greenhouse:brex,cv_match_0020
CV20-0300,cv_match_0020,Brex,"Staff Software Engineer, Travel & Expense","San Francisco, California, United States",https://www.brex.com/careers/8635339002?gh_jid=8635339002,https://www.brex.com/careers/8635339002?gh_jid=8635339002,https://www.brex.com/careers/8635339002?gh_jid=8635339002,607,7,"score=7 skills=lead,software",no,0020_raw,,70400-120000 EUR,queued,ok,greenhouse:brex,cv_match_0020
CV20-0301,cv_match_0020,Brex,"Staff Software Engineer, Travel & Expense","Seattle, Washington, United States",https://www.brex.com/careers/8635331002?gh_jid=8635331002,https://www.brex.com/careers/8635331002?gh_jid=8635331002,https://www.brex.com/careers/8635331002?gh_jid=8635331002,607,7,"score=7 skills=lead,software",no,0020_raw,,70400-120000 EUR,queued,ok,greenhouse:brex,cv_match_0020
CV20-0302,cv_match_0020,Brex,"Staff Software Engineer, Travel & Expense","New York, New York, United States",https://www.brex.com/careers/8623289002?gh_jid=8623289002,https://www.brex.com/careers/8623289002?gh_jid=8623289002,https://www.brex.com/careers/8623289002?gh_jid=8623289002,607,7,"score=7 skills=lead,software",no,0020_raw,,70400-120000 EUR,queued,ok,greenhouse:brex,cv_match_0020
CV20-0303,cv_match_0020,Coinbase,Staff Software Engineer,Remote - Israel,https://www.coinbase.com/careers/positions/8021650?gh_jid=8021650,https://www.coinbase.com/careers/positions/8021650?gh_jid=8021650,https://www.coinbase.com/careers/positions/8021650?gh_jid=8021650,607,7,"score=7 skills=lead,software",no,0020_raw,,70400-120000 EUR,queued,ok,greenhouse:coinbase,cv_match_0020
CV20-0304,cv_match_0020,Coinbase,"Staff Software Engineer, Core Reliability",Remote - Canada,https://www.coinbase.com/careers/positions/8082787?gh_jid=8082787,https://www.coinbase.com/careers/positions/8082787?gh_jid=8082787,https://www.coinbase.com/careers/positions/8082787?gh_jid=8082787,607,7,"score=7 skills=lead,software",no,0020_raw,,70400-120000 EUR,queued,ok,greenhouse:coinbase,cv_match_0020
CV20-0305,cv_match_0020,Coinbase,"Staff Software Engineer, Customer Administration",Remote - India,https://www.coinbase.com/careers/positions/8054153?gh_jid=8054153,https://www.coinbase.com/careers/positions/8054153?gh_jid=8054153,https://www.coinbase.com/careers/positions/8054153?gh_jid=8054153,607,7,"score=7 skills=lead,software",no,0020_raw,,70400-120000 EUR,queued,ok,greenhouse:coinbase,cv_match_0020
CV20-0306,cv_match_0020,Coinbase,"Staff Software Engineer, Developer Infrastructure",Remote - USA,https://www.coinbase.com/careers/positions/7964410?gh_jid=7964410,https://www.coinbase.com/careers/positions/7964410?gh_jid=7964410,https://www.coinbase.com/careers/positions/7964410?gh_jid=7964410,607,7,"score=7 skills=lead,software",no,0020_raw,,70400-120000 EUR,queued,ok,greenhouse:coinbase,cv_match_0020
CV20-0307,cv_match_0020,Coinbase,"Staff Software Engineer, EAA CX",Remote - USA,https://www.coinbase.com/careers/positions/6784618?gh_jid=6784618,https://www.coinbase.com/careers/positions/6784618?gh_jid=6784618,https://www.coinbase.com/careers/positions/6784618?gh_jid=6784618,607,7,"score=7 skills=lead,software",no,0020_raw,,70400-120000 EUR,queued,ok,greenhouse:coinbase,cv_match_0020
CV20-0308,cv_match_0020,Coinbase,"Staff Software Engineer, Frontend (Consumer - Advanced Trading)",Remote - USA,https://www.coinbase.com/careers/positions/7629141?gh_jid=7629141,https://www.coinbase.com/careers/positions/7629141?gh_jid=7629141,https://www.coinbase.com/careers/positions/7629141?gh_jid=7629141,607,7,"score=7 skills=lead,software",no,0020_raw,,70400-120000 EUR,queued,ok,greenhouse:coinbase,cv_match_0020
CV20-0309,cv_match_0020,Coinbase,"Staff Software Engineer, Solana Staking Protocol",Remote - USA,https://www.coinbase.com/careers/positions/7684298?gh_jid=7684298,https://www.coinbase.com/careers/positions/7684298?gh_jid=7684298,https://www.coinbase.com/careers/positions/7684298?gh_jid=7684298,607,7,"score=7 skills=lead,software",no,0020_raw,,70400-120000 EUR,queued,ok,greenhouse:coinbase,cv_match_0020
CV20-0310,cv_match_0020,Airbnb,"Principal Software Engineer, Performance",Remote-US,https://careers.airbnb.com/positions/7826679?gh_jid=7826679,https://careers.airbnb.com/positions/7826679?gh_jid=7826679,https://careers.airbnb.com/positions/7826679?gh_jid=7826679,607,7,"score=7 skills=lead,software",no,0020_raw,,70400-120000 EUR,queued,ok,greenhouse:airbnb,cv_match_0020
CV20-0311,cv_match_0020,Airbnb,"Staff Software Engineer, Build (Bazel)",Remote - USA,https://careers.airbnb.com/positions/7739337?gh_jid=7739337,https://careers.airbnb.com/positions/7739337?gh_jid=7739337,https://careers.airbnb.com/positions/7739337?gh_jid=7739337,607,7,"score=7 skills=lead,software",no,0020_raw,,70400-120000 EUR,queued,ok,greenhouse:airbnb,cv_match_0020
CV20-0312,cv_match_0020,Airbnb,"Staff Software Engineer, Communication & Connectivity",United States,https://careers.airbnb.com/positions/7421419?gh_jid=7421419,https://careers.airbnb.com/positions/7421419?gh_jid=7421419,https://careers.airbnb.com/positions/7421419?gh_jid=7421419,607,7,"score=7 skills=lead,software",no,0020_raw,,70400-120000 EUR,queued,ok,greenhouse:airbnb,cv_match_0020
CV20-0313,cv_match_0020,Airbnb,"Staff Software Engineer, Community Support Engineering",China,https://careers.airbnb.com/positions/6448191?gh_jid=6448191,https://careers.airbnb.com/positions/6448191?gh_jid=6448191,https://careers.airbnb.com/positions/6448191?gh_jid=6448191,607,7,"score=7 skills=lead,software",no,0020_raw,,70400-120000 EUR,queued,ok,greenhouse:airbnb,cv_match_0020
CV20-0314,cv_match_0020,Airbnb,"Staff Software Engineer, Community Support Engineering",Remote - USA,https://careers.airbnb.com/positions/7463421?gh_jid=7463421,https://careers.airbnb.com/positions/7463421?gh_jid=7463421,https://careers.airbnb.com/positions/7463421?gh_jid=7463421,607,7,"score=7 skills=lead,software",no,0020_raw,,70400-120000 EUR,queued,ok,greenhouse:airbnb,cv_match_0020
CV20-0315,cv_match_0020,Airbnb,"Staff Software Engineer, Infrastructure",United States,https://careers.airbnb.com/positions/7702714?gh_jid=7702714,https://careers.airbnb.com/positions/7702714?gh_jid=7702714,https://careers.airbnb.com/positions/7702714?gh_jid=7702714,607,7,"score=7 skills=lead,software",no,0020_raw,,70400-120000 EUR,queued,ok,greenhouse:airbnb,cv_match_0020
CV20-0316,cv_match_0020,Airbnb,"Staff Software Engineer, Unified Data Store",Brazil,https://careers.airbnb.com/positions/7867435?gh_jid=7867435,https://careers.airbnb.com/positions/7867435?gh_jid=7867435,https://careers.airbnb.com/positions/7867435?gh_jid=7867435,607,7,"score=7 skills=lead,software",no,0020_raw,,70400-120000 EUR,queued,ok,greenhouse:airbnb,cv_match_0020
CV20-0317,cv_match_0020,Discord,Staff Software Engineer - Consumer Revenue,Remote (U.S.),https://job-boards.greenhouse.io/discord/jobs/8460867002,https://job-boards.greenhouse.io/discord/jobs/8460867002,https://job-boards.greenhouse.io/discord/jobs/8460867002,607,7,"score=7 skills=lead,software",no,0020_raw,,70400-120000 EUR,queued,ok,greenhouse:discord,cv_match_0020
CV20-0318,cv_match_0020,Discord,Staff Software Engineer - Safety Experience,San Francisco Bay Area or Los Angeles Area,https://job-boards.greenhouse.io/discord/jobs/8344197002,https://job-boards.greenhouse.io/discord/jobs/8344197002,https://job-boards.greenhouse.io/discord/jobs/8344197002,607,7,"score=7 skills=lead,software",no,0020_raw,,70400-120000 EUR,queued,ok,greenhouse:discord,cv_match_0020
CV20-0319,cv_match_0020,Discord,"Staff Software Engineer, Safety Processing",San Francisco Bay Area or Los Angeles Area,https://job-boards.greenhouse.io/discord/jobs/8214127002,https://job-boards.greenhouse.io/discord/jobs/8214127002,https://job-boards.greenhouse.io/discord/jobs/8214127002,607,7,"score=7 skills=lead,software",no,0020_raw,,70400-120000 EUR,queued,ok,greenhouse:discord,cv_match_0020
CV20-0320,cv_match_0020,Robinhood,"Staff Software Engineer, Trade PMR","New York, NY",https://boards.greenhouse.io/robinhood/jobs/7684760?t=gh_src=&gh_jid=7684760,https://boards.greenhouse.io/robinhood/jobs/7684760?t=gh_src=&gh_jid=7684760,https://boards.greenhouse.io/robinhood/jobs/7684760?t=gh_src=&gh_jid=7684760,607,7,"score=7 skills=lead,software",no,0020_raw,,70400-120000 EUR,queued,ok,greenhouse:robinhood,cv_match_0020
CV20-0321,cv_match_0020,Robinhood,"Staff Software Engineer, Web3","Toronto, Canada",https://boards.greenhouse.io/robinhood/jobs/7489952?t=gh_src=&gh_jid=7489952,https://boards.greenhouse.io/robinhood/jobs/7489952?t=gh_src=&gh_jid=7489952,https://boards.greenhouse.io/robinhood/jobs/7489952?t=gh_src=&gh_jid=7489952,607,7,"score=7 skills=lead,software",no,0020_raw,,70400-120000 EUR,queued,ok,greenhouse:robinhood,cv_match_0020
CV20-0322,cv_match_0020,Robinhood,"Staff Software Engineer, Web3","Menlo Park, CA; New York, NY",https://boards.greenhouse.io/robinhood/jobs/7489950?t=gh_src=&gh_jid=7489950,https://boards.greenhouse.io/robinhood/jobs/7489950?t=gh_src=&gh_jid=7489950,https://boards.greenhouse.io/robinhood/jobs/7489950?t=gh_src=&gh_jid=7489950,607,7,"score=7 skills=lead,software",no,0020_raw,,70400-120000 EUR,queued,ok,greenhouse:robinhood,cv_match_0020
CV20-0323,cv_match_0020,Pinterest,"Principal Engineer, AI Platform","San Francisco, CA, US; Remote, US",https://www.pinterestcareers.com/jobs/?gh_jid=7888329,https://www.pinterestcareers.com/jobs/?gh_jid=7888329,https://www.pinterestcareers.com/jobs/?gh_jid=7888329,558,8,"score=8 skills=ai,lead,software_related",no,0020_raw,,70400-120000 EUR,queued,ok,greenhouse:pinterest,cv_match_0020
CV20-0324,cv_match_0020,Cloudflare,Principal Engineer - Cloudforce One,Hybrid,https://boards.greenhouse.io/cloudflare/jobs/8023395?gh_jid=8023395,https://boards.greenhouse.io/cloudflare/jobs/8023395?gh_jid=8023395,https://boards.greenhouse.io/cloudflare/jobs/8023395?gh_jid=8023395,555,5,score=5 skills=lead,no,0020_raw,,70400-120000 EUR,queued,ok,greenhouse:cloudflare,cv_match_0020
CV20-0325,cv_match_0020,Twilio,Principal Engineer,Remote - US,https://job-boards.greenhouse.io/twilio/jobs/7944264,https://job-boards.greenhouse.io/twilio/jobs/7944264,https://job-boards.greenhouse.io/twilio/jobs/7944264,555,5,score=5 skills=lead,no,0020_raw,,70400-120000 EUR,queued,ok,greenhouse:twilio,cv_match_0020
CV20-0326,cv_match_0020,Twilio,Principal Engineer (L5),Remote - India,https://job-boards.greenhouse.io/twilio/jobs/7996776,https://job-boards.greenhouse.io/twilio/jobs/7996776,https://job-boards.greenhouse.io/twilio/jobs/7996776,555,5,score=5 skills=lead,no,0020_raw,,70400-120000 EUR,queued,ok,greenhouse:twilio,cv_match_0020
CV20-0327,cv_match_0020,Pinterest,"Principal Engineer, Online Systems","San Francisco, CA, US; Palo Alto, CA, US",https://www.pinterestcareers.com/jobs/?gh_jid=7782229,https://www.pinterestcareers.com/jobs/?gh_jid=7782229,https://www.pinterestcareers.com/jobs/?gh_jid=7782229,555,5,score=5 skills=lead,no,0020_raw,,70400-120000 EUR,queued,ok,greenhouse:pinterest,cv_match_0020
CV20-0328,cv_match_0020,Reddit,"Principal Engineer, iOS Performance",Remote - United States,https://job-boards.greenhouse.io/reddit/jobs/7886615,https://job-boards.greenhouse.io/reddit/jobs/7886615,https://job-boards.greenhouse.io/reddit/jobs/7886615,555,5,score=5 skills=lead,no,0020_raw,,70400-120000 EUR,queued,ok,greenhouse:reddit,cv_match_0020
CV20-0329,cv_match_0020,Palantir,Senior Backend Software Engineer - Application Development,"New York, NY",https://jobs.lever.co/palantir/7177acab-5c64-4005-9b28-93f33b3e172a,https://jobs.lever.co/palantir/7177acab-5c64-4005-9b28-93f33b3e172a,https://jobs.lever.co/palantir/7177acab-5c64-4005-9b28-93f33b3e172a,260,10,"score=10 skills=architect,architecture,lead,software",no,0020_raw,,70400-120000 EUR,queued,ok,lever:palantir,cv_match_0020
CV20-0330,cv_match_0020,Palantir,Senior Backend Software Engineer - Application Development,"London, United Kingdom",https://jobs.lever.co/palantir/a92b55d0-1d36-4884-8e65-f456450b3a74,https://jobs.lever.co/palantir/a92b55d0-1d36-4884-8e65-f456450b3a74,https://jobs.lever.co/palantir/a92b55d0-1d36-4884-8e65-f456450b3a74,260,10,"score=10 skills=architect,architecture,lead,software",no,0020_raw,,70400-120000 EUR,queued,ok,lever:palantir,cv_match_0020
CV20-0331,cv_match_0020,GitLab,Senior Software Security Engineer,"Bangalore, India; Remote, Canada; Remote, Israel; Remote, United Kingdom; Remote, United States",https://job-boards.greenhouse.io/gitlab/jobs/8637549002,https://job-boards.greenhouse.io/gitlab/jobs/8637549002,https://job-boards.greenhouse.io/gitlab/jobs/8637549002,258,8,"score=8 skills=devops,lead,security,software",no,0020_raw,,70400-120000 EUR,queued,ok,greenhouse:gitlab,cv_match_0020
CV20-0332,cv_match_0020,Palantir,Senior Backend Software Engineer - Infrastructure,"London, United Kingdom",https://jobs.lever.co/palantir/2cd25c0b-088d-4a5c-9b96-1165a33fe652,https://jobs.lever.co/palantir/2cd25c0b-088d-4a5c-9b96-1165a33fe652,https://jobs.lever.co/palantir/2cd25c0b-088d-4a5c-9b96-1165a33fe652,258,8,"score=8 skills=lead,security,software",no,0020_raw,,70400-120000 EUR,queued,ok,lever:palantir,cv_match_0020
CV20-0333,cv_match_0020,Palantir,Senior Backend Software Engineer - Infrastructure,"New York, NY",https://jobs.lever.co/palantir/b5ad6660-8145-4be5-97e2-3799f2912f5b,https://jobs.lever.co/palantir/b5ad6660-8145-4be5-97e2-3799f2912f5b,https://jobs.lever.co/palantir/b5ad6660-8145-4be5-97e2-3799f2912f5b,258,8,"score=8 skills=lead,security,software",no,0020_raw,,70400-120000 EUR,queued,ok,lever:palantir,cv_match_0020
CV20-0334,cv_match_0020,GitLab,"Senior Manager, Product Management: Agentic Software Delivery","Remote, Canada; Remote, US",https://job-boards.greenhouse.io/gitlab/jobs/8597826002,https://job-boards.greenhouse.io/gitlab/jobs/8597826002,https://job-boards.greenhouse.io/gitlab/jobs/8597826002,257,7,"score=7 skills=devops,lead,software",no,0020_raw,,70400-120000 EUR,queued,ok,greenhouse:gitlab,cv_match_0020
CV20-0335,cv_match_0020,Twilio,Senior Cloud Software Engineer,Remote - Spain,https://job-boards.greenhouse.io/twilio/jobs/7807419,https://job-boards.greenhouse.io/twilio/jobs/7807419,https://job-boards.greenhouse.io/twilio/jobs/7807419,257,7,"score=7 skills=cloud,lead,software",no,0020_raw,,70400-120000 EUR,queued,ok,greenhouse:twilio,cv_match_0020
CV20-0336,cv_match_0020,Twilio,Senior/Staff Applied Research Software Engineer,Remote - India,https://job-boards.greenhouse.io/twilio/jobs/8007449,https://job-boards.greenhouse.io/twilio/jobs/8007449,https://job-boards.greenhouse.io/twilio/jobs/8007449,257,7,"score=7 skills=lead,software",no,0020_raw,,70400-120000 EUR,queued,ok,greenhouse:twilio,cv_match_0020
CV20-0337,cv_match_0020,Twilio,Senior / Staff Applied Research Software Engineer - Emerging Tech,Remote - US,https://job-boards.greenhouse.io/twilio/jobs/7993959,https://job-boards.greenhouse.io/twilio/jobs/7993959,https://job-boards.greenhouse.io/twilio/jobs/7993959,257,7,"score=7 skills=lead,software",no,0020_raw,,70400-120000 EUR,queued,ok,greenhouse:twilio,cv_match_0020
CV20-0338,cv_match_0020,Asana,Senior Backend Software Engineer,Reykjavík,https://www.asana.com/jobs/apply/7964361?gh_jid=7964361,https://www.asana.com/jobs/apply/7964361?gh_jid=7964361,https://www.asana.com/jobs/apply/7964361?gh_jid=7964361,257,7,"score=7 skills=lead,software",no,0020_raw,,70400-120000 EUR,queued,ok,greenhouse:asana,cv_match_0020
CV20-0339,cv_match_0020,Palantir,Senior Front End Software Engineer - Application Development,"London, United Kingdom",https://jobs.lever.co/palantir/4e7d0732-f477-4c7a-aac9-abd62f8c9987,https://jobs.lever.co/palantir/4e7d0732-f477-4c7a-aac9-abd62f8c9987,https://jobs.lever.co/palantir/4e7d0732-f477-4c7a-aac9-abd62f8c9987,257,7,"score=7 skills=architecture,lead,software",no,0020_raw,,70400-120000 EUR,queued,ok,lever:palantir,cv_match_0020
CV20-0340,cv_match_0020,Palantir,Senior Front End Software Engineer - Application Development,"New York, NY",https://jobs.lever.co/palantir/d2a87a1d-63f4-4dcd-b0d0-f6be91fed4d3,https://jobs.lever.co/palantir/d2a87a1d-63f4-4dcd-b0d0-f6be91fed4d3,https://jobs.lever.co/palantir/d2a87a1d-63f4-4dcd-b0d0-f6be91fed4d3,257,7,"score=7 skills=architecture,lead,software",no,0020_raw,,70400-120000 EUR,queued,ok,lever:palantir,cv_match_0020
CV20-0341,cv_match_0020,Dropbox,"Senior Fullstack Product Software Engineer, Web Experience",Remote - Canada: Select locations,https://jobs.dropbox.com/listing/8074707?gh_jid=8074707,https://jobs.dropbox.com/listing/8074707?gh_jid=8074707,https://jobs.dropbox.com/listing/8074707?gh_jid=8074707,255,5,"score=5 skills=lead,software",no,0020_raw,,70400-120000 EUR,queued,ok,greenhouse:dropbox,cv_match_0020
CV20-0342,cv_match_0020,Dropbox,"Senior Fullstack Product Software Engineer, Web Experience",Remote - US: Select locations,https://jobs.dropbox.com/listing/8074704?gh_jid=8074704,https://jobs.dropbox.com/listing/8074704?gh_jid=8074704,https://jobs.dropbox.com/listing/8074704?gh_jid=8074704,255,5,"score=5 skills=lead,software",no,0020_raw,,70400-120000 EUR,queued,ok,greenhouse:dropbox,cv_match_0020
CV20-0343,cv_match_0020,Dropbox,"Senior Fullstack Product Software Engineer, Web Experience",Remote - Mexico,https://jobs.dropbox.com/listing/8074709?gh_jid=8074709,https://jobs.dropbox.com/listing/8074709?gh_jid=8074709,https://jobs.dropbox.com/listing/8074709?gh_jid=8074709,255,5,"score=5 skills=lead,software",no,0020_raw,,70400-120000 EUR,queued,ok,greenhouse:dropbox,cv_match_0020
CV20-0344,cv_match_0020,Dropbox,Senior Infrastructure Software Engineer,Remote - Poland,https://jobs.dropbox.com/listing/6333181?gh_jid=6333181,https://jobs.dropbox.com/listing/6333181?gh_jid=6333181,https://jobs.dropbox.com/listing/6333181?gh_jid=6333181,255,5,"score=5 skills=lead,software",no,0020_raw,,70400-120000 EUR,queued,ok,greenhouse:dropbox,cv_match_0020
CV20-0345,cv_match_0020,Dropbox,"Senior Infrastructure Software Engineer, Storage Core",Remote - US: Select locations,https://jobs.dropbox.com/listing/8008890?gh_jid=8008890,https://jobs.dropbox.com/listing/8008890?gh_jid=8008890,https://jobs.dropbox.com/listing/8008890?gh_jid=8008890,255,5,"score=5 skills=lead,software",no,0020_raw,,70400-120000 EUR,queued,ok,greenhouse:dropbox,cv_match_0020
CV20-0346,cv_match_0020,Dropbox,"Senior Infrastructure Software Engineer, Storage Core",Remote - Canada: Select locations,https://jobs.dropbox.com/listing/8008893?gh_jid=8008893,https://jobs.dropbox.com/listing/8008893?gh_jid=8008893,https://jobs.dropbox.com/listing/8008893?gh_jid=8008893,255,5,"score=5 skills=lead,software",no,0020_raw,,70400-120000 EUR,queued,ok,greenhouse:dropbox,cv_match_0020
CV20-0347,cv_match_0020,Asana,Senior Infrastructure Engineer (Software-Focused),Warsaw,https://www.asana.com/jobs/apply/7160487?gh_jid=7160487,https://www.asana.com/jobs/apply/7160487?gh_jid=7160487,https://www.asana.com/jobs/apply/7160487?gh_jid=7160487,255,5,"score=5 skills=lead,software",no,0020_raw,,70400-120000 EUR,queued,ok,greenhouse:asana,cv_match_0020
CV20-0348,cv_match_0020,Reddit,"Senior Frontend Software Engineer, Home Experience",Remote - United States,https://job-boards.greenhouse.io/reddit/jobs/7751064,https://job-boards.greenhouse.io/reddit/jobs/7751064,https://job-boards.greenhouse.io/reddit/jobs/7751064,255,5,"score=5 skills=lead,software",no,0020_raw,,70400-120000 EUR,queued,ok,greenhouse:reddit,cv_match_0020
CV20-0349,cv_match_0020,Discord,"Senior Full-Stack Software Engineer, Ads",San Francisco Bay Area,https://job-boards.greenhouse.io/discord/jobs/8177757002,https://job-boards.greenhouse.io/discord/jobs/8177757002,https://job-boards.greenhouse.io/discord/jobs/8177757002,255,5,"score=5 skills=lead,software",no,0020_raw,,70400-120000 EUR,queued,ok,greenhouse:discord,cv_match_0020
CV20-0350,cv_match_0020,Discord,"Senior Full-Stack Software Engineer, Game Records",San Francisco Bay Area,https://job-boards.greenhouse.io/discord/jobs/8597656002,https://job-boards.greenhouse.io/discord/jobs/8597656002,https://job-boards.greenhouse.io/discord/jobs/8597656002,255,5,"score=5 skills=lead,software",no,0020_raw,,70400-120000 EUR,queued,ok,greenhouse:discord,cv_match_0020
CV20-0351,cv_match_0020,Discord,"Senior Full-Stack Software Engineer, Growth",San Francisco Bay Area,https://job-boards.greenhouse.io/discord/jobs/8642085002,https://job-boards.greenhouse.io/discord/jobs/8642085002,https://job-boards.greenhouse.io/discord/jobs/8642085002,255,5,"score=5 skills=lead,software",no,0020_raw,,70400-120000 EUR,queued,ok,greenhouse:discord,cv_match_0020
CV20-0352,cv_match_0020,Discord,"Senior Full-Stack Software Engineer, Social Commerce",San Francisco Bay Area,https://job-boards.greenhouse.io/discord/jobs/8604768002,https://job-boards.greenhouse.io/discord/jobs/8604768002,https://job-boards.greenhouse.io/discord/jobs/8604768002,255,5,"score=5 skills=lead,software",no,0020_raw,,70400-120000 EUR,queued,ok,greenhouse:discord,cv_match_0020
CV20-0353,cv_match_0020,Airbnb,"Senior Software Engineer, (Python, Java, GenAI)","Remote - Bangalore, India",https://careers.airbnb.com/positions/7556182?gh_jid=7556182,https://careers.airbnb.com/positions/7556182?gh_jid=7556182,https://careers.airbnb.com/positions/7556182?gh_jid=7556182,211,11,"score=11 skills=java,lead,python,software",no,0020_raw,,70400-120000 EUR,queued,ok,greenhouse:airbnb,cv_match_0020
CV20-0354,cv_match_0020,GitLab,"Intermediate/Senior/Staff Backend Engineer (C), Tenant Scale: Git","Remote, Canada; Remote, India; Remote, United Kingdom; Remote, United States",https://job-boards.greenhouse.io/gitlab/jobs/8497793002,https://job-boards.greenhouse.io/gitlab/jobs/8497793002,https://job-boards.greenhouse.io/gitlab/jobs/8497793002,209,9,"score=9 skills=devops,lead,software_related",no,0020_raw,,70400-120000 EUR,queued,ok,greenhouse:gitlab,cv_match_0020
CV20-0355,cv_match_0020,Palantir,"Senior Software Engineer, Substrate","Washington, D.C.",https://jobs.lever.co/palantir/26176860-7b27-412a-9959-d8b8705acf53,https://jobs.lever.co/palantir/26176860-7b27-412a-9959-d8b8705acf53,https://jobs.lever.co/palantir/26176860-7b27-412a-9959-d8b8705acf53,209,9,"score=9 skills=cloud,containers,lead,security,software",no,0020_raw,,70400-120000 EUR,queued,ok,lever:palantir,cv_match_0020
CV20-0356,cv_match_0020,Palantir,"Senior Software Engineer, Substrate","New York, NY",https://jobs.lever.co/palantir/68d690cf-fc8a-4755-9b69-abe13f93d262,https://jobs.lever.co/palantir/68d690cf-fc8a-4755-9b69-abe13f93d262,https://jobs.lever.co/palantir/68d690cf-fc8a-4755-9b69-abe13f93d262,209,9,"score=9 skills=cloud,containers,lead,security,software",no,0020_raw,,70400-120000 EUR,queued,ok,lever:palantir,cv_match_0020
CV20-0357,cv_match_0020,Palantir,"Senior Software Engineer, Substrate","London, United Kingdom",https://jobs.lever.co/palantir/b80d45be-7fe8-4a11-b159-65551320c61f,https://jobs.lever.co/palantir/b80d45be-7fe8-4a11-b159-65551320c61f,https://jobs.lever.co/palantir/b80d45be-7fe8-4a11-b159-65551320c61f,209,9,"score=9 skills=cloud,containers,lead,security,software",no,0020_raw,,70400-120000 EUR,queued,ok,lever:palantir,cv_match_0020
CV20-0358,cv_match_0020,Palantir,"Senior Software Engineer, Substrate","Seattle, WA",https://jobs.lever.co/palantir/c38bb622-6f8e-43a1-8ae7-32291da328a8,https://jobs.lever.co/palantir/c38bb622-6f8e-43a1-8ae7-32291da328a8,https://jobs.lever.co/palantir/c38bb622-6f8e-43a1-8ae7-32291da328a8,209,9,"score=9 skills=cloud,containers,lead,security,software",no,0020_raw,,70400-120000 EUR,queued,ok,lever:palantir,cv_match_0020
CV20-0359,cv_match_0020,GitLab,"Senior Backend Engineer, AI Engineering: Chat","Remote, United Kingdom",https://job-boards.greenhouse.io/gitlab/jobs/8621733002,https://job-boards.greenhouse.io/gitlab/jobs/8621733002,https://job-boards.greenhouse.io/gitlab/jobs/8621733002,208,8,"score=8 skills=ai,devops,lead,software_related",no,0020_raw,,70400-120000 EUR,queued,ok,greenhouse:gitlab,cv_match_0020
CV20-0360,cv_match_0020,GitLab,"Senior Backend Engineer (Ruby), AI Engineering: AI Coding","Remote, United Kingdom",https://job-boards.greenhouse.io/gitlab/jobs/8621620002,https://job-boards.greenhouse.io/gitlab/jobs/8621620002,https://job-boards.greenhouse.io/gitlab/jobs/8621620002,208,8,"score=8 skills=ai,devops,lead,software_related",no,0020_raw,,70400-120000 EUR,queued,ok,greenhouse:gitlab,cv_match_0020
CV20-0361,cv_match_0020,GitLab,"Senior Backend Engineer (Ruby), AI Engineering: Duo Agent Platform Tools","Remote, Canada; Remote, United Kingdom",https://job-boards.greenhouse.io/gitlab/jobs/8603839002,https://job-boards.greenhouse.io/gitlab/jobs/8603839002,https://job-boards.greenhouse.io/gitlab/jobs/8603839002,208,8,"score=8 skills=ai,devops,lead,software_related",no,0020_raw,,70400-120000 EUR,queued,ok,greenhouse:gitlab,cv_match_0020
CV20-0362,cv_match_0020,Coinbase,"Senior Software Engineer, Backend - Platform (Core AI Automation)",Remote - USA,https://www.coinbase.com/careers/positions/8051871?gh_jid=8051871,https://www.coinbase.com/careers/positions/8051871?gh_jid=8051871,https://www.coinbase.com/careers/positions/8051871?gh_jid=8051871,208,8,"score=8 skills=ai,lead,software",no,0020_raw,,70400-120000 EUR,queued,ok,greenhouse:coinbase,cv_match_0020
CV20-0363,cv_match_0020,Airbnb,"Senior Staff Machine Learning Engineer, Growth Platform Engineering",Remote - USA,https://careers.airbnb.com/positions/7747259?gh_jid=7747259,https://careers.airbnb.com/positions/7747259?gh_jid=7747259,https://careers.airbnb.com/positions/7747259?gh_jid=7747259,208,8,"score=8 skills=ai,lead,software_related",no,0020_raw,,70400-120000 EUR,queued,ok,greenhouse:airbnb,cv_match_0020
CV20-0364,cv_match_0020,Airbnb,"Senior Staff Machine Learning Engineer, Trust",Remote - USA,https://careers.airbnb.com/positions/7592146?gh_jid=7592146,https://careers.airbnb.com/positions/7592146?gh_jid=7592146,https://careers.airbnb.com/positions/7592146?gh_jid=7592146,208,8,"score=8 skills=ai,lead,software_related",no,0020_raw,,70400-120000 EUR,queued,ok,greenhouse:airbnb,cv_match_0020
CV20-0365,cv_match_0020,Robinhood,"Senior Software Engineer, Cloud Integration","Ljubljana, Slovenia",https://boards.greenhouse.io/robinhood/jobs/7648454?t=gh_src=&gh_jid=7648454,https://boards.greenhouse.io/robinhood/jobs/7648454?t=gh_src=&gh_jid=7648454,https://boards.greenhouse.io/robinhood/jobs/7648454?t=gh_src=&gh_jid=7648454,208,8,"score=8 skills=cloud,integration,lead,software",no,0020_raw,,70400-120000 EUR,queued,ok,greenhouse:robinhood,cv_match_0020
CV20-0366,cv_match_0020,Robinhood,"Senior Software Engineer, Security Platform","Bellevue, WA",https://boards.greenhouse.io/robinhood/jobs/7899482?t=gh_src=&gh_jid=7899482,https://boards.greenhouse.io/robinhood/jobs/7899482?t=gh_src=&gh_jid=7899482,https://boards.greenhouse.io/robinhood/jobs/7899482?t=gh_src=&gh_jid=7899482,208,8,"score=8 skills=lead,security,software",no,0020_raw,,70400-120000 EUR,queued,ok,greenhouse:robinhood,cv_match_0020
CV20-0367,cv_match_0020,Datadog,Senior Software Engineer - Backend,"Bordeaux, France; Paris, France",https://careers.datadoghq.com/detail/4599148/?gh_jid=4599148,https://careers.datadoghq.com/detail/4599148/?gh_jid=4599148,https://careers.datadoghq.com/detail/4599148/?gh_jid=4599148,207,7,"score=7 skills=lead,software",no,0020_raw,,70400-120000 EUR,queued,ok,greenhouse:datadog,cv_match_0020
CV20-0368,cv_match_0020,Datadog,Senior Software Engineer - Streaming Platform,"New York, New York, USA",https://careers.datadoghq.com/detail/7993551/?gh_jid=7993551,https://careers.datadoghq.com/detail/7993551/?gh_jid=7993551,https://careers.datadoghq.com/detail/7993551/?gh_jid=7993551,207,7,"score=7 skills=lead,software",no,0020_raw,,70400-120000 EUR,queued,ok,greenhouse:datadog,cv_match_0020
CV20-0369,cv_match_0020,Datadog,Senior Software Engineer - Streaming Platform Client,"New York, New York, USA",https://careers.datadoghq.com/detail/8035492/?gh_jid=8035492,https://careers.datadoghq.com/detail/8035492/?gh_jid=8035492,https://careers.datadoghq.com/detail/8035492/?gh_jid=8035492,207,7,"score=7 skills=lead,software",no,0020_raw,,70400-120000 EUR,queued,ok,greenhouse:datadog,cv_match_0020
CV20-0370,cv_match_0020,Datadog,Senior Software Engineer - Synthetics Platform,"New York, New York, USA",https://careers.datadoghq.com/detail/7950090/?gh_jid=7950090,https://careers.datadoghq.com/detail/7950090/?gh_jid=7950090,https://careers.datadoghq.com/detail/7950090/?gh_jid=7950090,207,7,"score=7 skills=lead,software",no,0020_raw,,70400-120000 EUR,queued,ok,greenhouse:datadog,cv_match_0020
CV20-0371,cv_match_0020,GitLab,"Senior Backend Engineer, Analytics Instrumentation (Golang)","Remote, Canada; Remote, US",https://job-boards.greenhouse.io/gitlab/jobs/8451512002,https://job-boards.greenhouse.io/gitlab/jobs/8451512002,https://job-boards.greenhouse.io/gitlab/jobs/8451512002,207,7,"score=7 skills=devops,lead,software_related",no,0020_raw,,70400-120000 EUR,queued,ok,greenhouse:gitlab,cv_match_0020
CV20-0372,cv_match_0020,GitLab,"Senior Backend Engineer, Deployment Environments","Remote, United Kingdom",https://job-boards.greenhouse.io/gitlab/jobs/8636713002,https://job-boards.greenhouse.io/gitlab/jobs/8636713002,https://job-boards.greenhouse.io/gitlab/jobs/8636713002,207,7,"score=7 skills=devops,lead,software_related",no,0020_raw,,70400-120000 EUR,queued,ok,greenhouse:gitlab,cv_match_0020
CV20-0373,cv_match_0020,GitLab,"Senior Backend Engineer, Gitlab Delivery: Zero Downtime Upgrades","Bangalore, India",https://job-boards.greenhouse.io/gitlab/jobs/8463925002,https://job-boards.greenhouse.io/gitlab/jobs/8463925002,https://job-boards.greenhouse.io/gitlab/jobs/8463925002,207,7,"score=7 skills=devops,lead,software_related",no,0020_raw,,70400-120000 EUR,queued,ok,greenhouse:gitlab,cv_match_0020
CV20-0374,cv_match_0020,GitLab,Senior Backend Engineer - Monitoring and Anomaly Detection (Monetization),"Remote, Bangalore",https://job-boards.greenhouse.io/gitlab/jobs/8615319002,https://job-boards.greenhouse.io/gitlab/jobs/8615319002,https://job-boards.greenhouse.io/gitlab/jobs/8615319002,207,7,"score=7 skills=devops,lead,software_related",no,0020_raw,,70400-120000 EUR,queued,ok,greenhouse:gitlab,cv_match_0020
CV20-0375,cv_match_0020,GitLab,Senior Backend Engineer - Platform Insights,"Bangalore, India",https://job-boards.greenhouse.io/gitlab/jobs/8615439002,https://job-boards.greenhouse.io/gitlab/jobs/8615439002,https://job-boards.greenhouse.io/gitlab/jobs/8615439002,207,7,"score=7 skills=devops,lead,software_related",no,0020_raw,,70400-120000 EUR,queued,ok,greenhouse:gitlab,cv_match_0020
CV20-0376,cv_match_0020,GitLab,"Senior Backend Engineer, SSCS: Supply Chain","Bangalore, India",https://job-boards.greenhouse.io/gitlab/jobs/8480580002,https://job-boards.greenhouse.io/gitlab/jobs/8480580002,https://job-boards.greenhouse.io/gitlab/jobs/8480580002,207,7,"score=7 skills=devops,lead,software_related",no,0020_raw,,70400-120000 EUR,queued,ok,greenhouse:gitlab,cv_match_0020
CV20-0377,cv_match_0020,Elastic,Senior Java Developer - Core/Infra - Elasticsearch,Canada,https://jobs.elastic.co/jobs?gh_jid=8074285&gh_jid=8074285,https://jobs.elastic.co/jobs?gh_jid=8074285&gh_jid=8074285,https://jobs.elastic.co/jobs?gh_jid=8074285&gh_jid=8074285,207,7,"score=7 skills=java,lead,software_related",no,0020_raw,,70400-120000 EUR,queued,ok,greenhouse:elastic,cv_match_0020
CV20-0378,cv_match_0020,Elastic,"Senior Java Developer - Distributed Systems, Serverless - Elasticsearch",Canada,https://jobs.elastic.co/jobs?gh_jid=7734579&gh_jid=7734579,https://jobs.elastic.co/jobs?gh_jid=7734579&gh_jid=7734579,https://jobs.elastic.co/jobs?gh_jid=7734579&gh_jid=7734579,207,7,"score=7 skills=java,lead,software_related",no,0020_raw,,70400-120000 EUR,queued,ok,greenhouse:elastic,cv_match_0020
CV20-0379,cv_match_0020,Elastic,Senior Java Engineer - Core/Infra - Elasticsearch,United States,https://jobs.elastic.co/jobs?gh_jid=8053886&gh_jid=8053886,https://jobs.elastic.co/jobs?gh_jid=8053886&gh_jid=8053886,https://jobs.elastic.co/jobs?gh_jid=8053886&gh_jid=8053886,207,7,"score=7 skills=java,lead,software_related",no,0020_raw,,70400-120000 EUR,queued,ok,greenhouse:elastic,cv_match_0020
CV20-0380,cv_match_0020,Elastic,"Senior Java Engineer - Distributed Systems, Serverless - Elasticsearch",Portugal,https://jobs.elastic.co/jobs?gh_jid=8001190&gh_jid=8001190,https://jobs.elastic.co/jobs?gh_jid=8001190&gh_jid=8001190,https://jobs.elastic.co/jobs?gh_jid=8001190&gh_jid=8001190,207,7,"score=7 skills=java,lead,software_related",no,0020_raw,,70400-120000 EUR,queued,ok,greenhouse:elastic,cv_match_0020
CV20-0381,cv_match_0020,Elastic,"Senior Java Engineer - Distributed Systems, Serverless - Elasticsearch",United States,https://jobs.elastic.co/jobs?gh_jid=7734567&gh_jid=7734567,https://jobs.elastic.co/jobs?gh_jid=7734567&gh_jid=7734567,https://jobs.elastic.co/jobs?gh_jid=7734567&gh_jid=7734567,207,7,"score=7 skills=java,lead,software_related",no,0020_raw,,70400-120000 EUR,queued,ok,greenhouse:elastic,cv_match_0020
CV20-0382,cv_match_0020,Elastic,"Senior Java Engineer - Distributed Systems, Serverless - Elasticsearch",Ireland,https://jobs.elastic.co/jobs?gh_jid=8001186&gh_jid=8001186,https://jobs.elastic.co/jobs?gh_jid=8001186&gh_jid=8001186,https://jobs.elastic.co/jobs?gh_jid=8001186&gh_jid=8001186,207,7,"score=7 skills=java,lead,software_related",no,0020_raw,,70400-120000 EUR,queued,ok,greenhouse:elastic,cv_match_0020
CV20-0383,cv_match_0020,Elastic,"Senior Java Engineer - Distributed Systems, Serverless - Elasticsearch",Greece,https://jobs.elastic.co/jobs?gh_jid=8001166&gh_jid=8001166,https://jobs.elastic.co/jobs?gh_jid=8001166&gh_jid=8001166,https://jobs.elastic.co/jobs?gh_jid=8001166&gh_jid=8001166,207,7,"score=7 skills=java,lead,software_related",no,0020_raw,,70400-120000 EUR,queued,ok,greenhouse:elastic,cv_match_0020
CV20-0384,cv_match_0020,Elastic,"Senior Java Engineer - Distributed Systems, Serverless - Elasticsearch",Norway,https://jobs.elastic.co/jobs?gh_jid=8001189&gh_jid=8001189,https://jobs.elastic.co/jobs?gh_jid=8001189&gh_jid=8001189,https://jobs.elastic.co/jobs?gh_jid=8001189&gh_jid=8001189,207,7,"score=7 skills=java,lead,software_related",no,0020_raw,,70400-120000 EUR,queued,ok,greenhouse:elastic,cv_match_0020
CV20-0385,cv_match_0020,Elastic,"Senior Java Engineer - Distributed Systems, Serverless - Elasticsearch",Spain,https://jobs.elastic.co/jobs?gh_jid=8001192&gh_jid=8001192,https://jobs.elastic.co/jobs?gh_jid=8001192&gh_jid=8001192,https://jobs.elastic.co/jobs?gh_jid=8001192&gh_jid=8001192,207,7,"score=7 skills=java,lead,software_related",no,0020_raw,,70400-120000 EUR,queued,ok,greenhouse:elastic,cv_match_0020
CV20-0386,cv_match_0020,Elastic,"Senior Java Engineer - Distributed Systems, Serverless - Elasticsearch",Romania,https://jobs.elastic.co/jobs?gh_jid=8001191&gh_jid=8001191,https://jobs.elastic.co/jobs?gh_jid=8001191&gh_jid=8001191,https://jobs.elastic.co/jobs?gh_jid=8001191&gh_jid=8001191,207,7,"score=7 skills=java,lead,software_related",no,0020_raw,,70400-120000 EUR,queued,ok,greenhouse:elastic,cv_match_0020
CV20-0387,cv_match_0020,Asana,"Senior Software Engineer, Payment Platform","Vancouver, BC",https://www.asana.com/jobs/apply/7968149?gh_jid=7968149,https://www.asana.com/jobs/apply/7968149?gh_jid=7968149,https://www.asana.com/jobs/apply/7968149?gh_jid=7968149,207,7,"score=7 skills=lead,software",no,0020_raw,,70400-120000 EUR,queued,ok,greenhouse:asana,cv_match_0020
CV20-0388,cv_match_0020,Asana,"Senior Software Engineer, Platform Reliability",Warsaw,https://www.asana.com/jobs/apply/7568914?gh_jid=7568914,https://www.asana.com/jobs/apply/7568914?gh_jid=7568914,https://www.asana.com/jobs/apply/7568914?gh_jid=7568914,207,7,"score=7 skills=lead,software",no,0020_raw,,70400-120000 EUR,queued,ok,greenhouse:asana,cv_match_0020
CV20-0389,cv_match_0020,Reddit,"Senior Software Engineer, Compute Platform",Remote - United States,https://job-boards.greenhouse.io/reddit/jobs/7902277,https://job-boards.greenhouse.io/reddit/jobs/7902277,https://job-boards.greenhouse.io/reddit/jobs/7902277,207,7,"score=7 skills=lead,software",no,0020_raw,,70400-120000 EUR,queued,ok,greenhouse:reddit,cv_match_0020
CV20-0390,cv_match_0020,Reddit,"Senior Software Engineer, Core Platform","San Francisco, CA",https://job-boards.greenhouse.io/reddit/jobs/8022446,https://job-boards.greenhouse.io/reddit/jobs/8022446,https://job-boards.greenhouse.io/reddit/jobs/8022446,207,7,"score=7 skills=lead,software",no,0020_raw,,70400-120000 EUR,queued,ok,greenhouse:reddit,cv_match_0020
CV20-0391,cv_match_0020,Reddit,"Senior Software Engineer, Core Platform",Remote - United States,https://job-boards.greenhouse.io/reddit/jobs/8022441,https://job-boards.greenhouse.io/reddit/jobs/8022441,https://job-boards.greenhouse.io/reddit/jobs/8022441,207,7,"score=7 skills=lead,software",no,0020_raw,,70400-120000 EUR,queued,ok,greenhouse:reddit,cv_match_0020
CV20-0392,cv_match_0020,Reddit,"Senior Software Engineer, Core Platform","New York City, NY",https://job-boards.greenhouse.io/reddit/jobs/8022449,https://job-boards.greenhouse.io/reddit/jobs/8022449,https://job-boards.greenhouse.io/reddit/jobs/8022449,207,7,"score=7 skills=lead,software",no,0020_raw,,70400-120000 EUR,queued,ok,greenhouse:reddit,cv_match_0020
CV20-0393,cv_match_0020,Reddit,"Senior Software Engineer, Core Platform","Chicago, IL",https://job-boards.greenhouse.io/reddit/jobs/8022448,https://job-boards.greenhouse.io/reddit/jobs/8022448,https://job-boards.greenhouse.io/reddit/jobs/8022448,207,7,"score=7 skills=lead,software",no,0020_raw,,70400-120000 EUR,queued,ok,greenhouse:reddit,cv_match_0020
CV20-0394,cv_match_0020,Reddit,"Senior Software Engineer, Core Platform","Los Angeles, CA",https://job-boards.greenhouse.io/reddit/jobs/8022447,https://job-boards.greenhouse.io/reddit/jobs/8022447,https://job-boards.greenhouse.io/reddit/jobs/8022447,207,7,"score=7 skills=lead,software",no,0020_raw,,70400-120000 EUR,queued,ok,greenhouse:reddit,cv_match_0020
CV20-0395,cv_match_0020,Reddit,Senior Software Engineer - Full Stack Internal Tooling (Build and Deployment Platform),Remote - United States,https://job-boards.greenhouse.io/reddit/jobs/7976852,https://job-boards.greenhouse.io/reddit/jobs/7976852,https://job-boards.greenhouse.io/reddit/jobs/7976852,207,7,"score=7 skills=lead,software",no,0020_raw,,70400-120000 EUR,queued,ok,greenhouse:reddit,cv_match_0020
CV20-0396,cv_match_0020,Reddit,"Senior Software Engineer, GenAI Platform",Remote - United States,https://job-boards.greenhouse.io/reddit/jobs/7753480,https://job-boards.greenhouse.io/reddit/jobs/7753480,https://job-boards.greenhouse.io/reddit/jobs/7753480,207,7,"score=7 skills=lead,software",no,0020_raw,,70400-120000 EUR,queued,ok,greenhouse:reddit,cv_match_0020
CV20-0397,cv_match_0020,Brex,"Senior Software Engineer, Backend","Vancouver, British Columbia, Canada",https://www.brex.com/careers/8603330002?gh_jid=8603330002,https://www.brex.com/careers/8603330002?gh_jid=8603330002,https://www.brex.com/careers/8603330002?gh_jid=8603330002,207,7,"score=7 skills=lead,software",no,0020_raw,,70400-120000 EUR,queued,ok,greenhouse:brex,cv_match_0020
CV20-0398,cv_match_0020,Brex,"Senior Software Engineer, Backend (Product Engineering)","New York, New York, United States",https://www.brex.com/careers/8465003002?gh_jid=8465003002,https://www.brex.com/careers/8465003002?gh_jid=8465003002,https://www.brex.com/careers/8465003002?gh_jid=8465003002,207,7,"score=7 skills=lead,software",no,0020_raw,,70400-120000 EUR,queued,ok,greenhouse:brex,cv_match_0020
CV20-0399,cv_match_0020,Brex,"Senior Software Engineer, Backend (Product Engineering)","San Francisco, California, United States",https://www.brex.com/careers/8461469002?gh_jid=8461469002,https://www.brex.com/careers/8461469002?gh_jid=8461469002,https://www.brex.com/careers/8461469002?gh_jid=8461469002,207,7,"score=7 skills=lead,software",no,0020_raw,,70400-120000 EUR,queued,ok,greenhouse:brex,cv_match_0020
CV20-0400,cv_match_0020,Brex,"Senior Software Engineer, Backend (Product Engineering)","Seattle, Washington, United States",https://www.brex.com/careers/8461333002?gh_jid=8461333002,https://www.brex.com/careers/8461333002?gh_jid=8461333002,https://www.brex.com/careers/8461333002?gh_jid=8461333002,207,7,"score=7 skills=lead,software",no,0020_raw,,70400-120000 EUR,queued,ok,greenhouse:brex,cv_match_0020
CV20-0401,cv_match_0020,Brex,"Senior Software Engineer, Data Enablement Platform","San Francisco, California, United States",https://www.brex.com/careers/8605070002?gh_jid=8605070002,https://www.brex.com/careers/8605070002?gh_jid=8605070002,https://www.brex.com/careers/8605070002?gh_jid=8605070002,207,7,"score=7 skills=lead,software",no,0020_raw,,70400-120000 EUR,queued,ok,greenhouse:brex,cv_match_0020
CV20-0402,cv_match_0020,Brex,"Senior Software Engineer, Data Enablement Platform","Seattle, Washington, United States",https://www.brex.com/careers/8605074002?gh_jid=8605074002,https://www.brex.com/careers/8605074002?gh_jid=8605074002,https://www.brex.com/careers/8605074002?gh_jid=8605074002,207,7,"score=7 skills=lead,software",no,0020_raw,,70400-120000 EUR,queued,ok,greenhouse:brex,cv_match_0020
CV20-0403,cv_match_0020,Brex,"Senior Software Engineer, Data Enablement Platform","New York, New York, United States",https://www.brex.com/careers/8605062002?gh_jid=8605062002,https://www.brex.com/careers/8605062002?gh_jid=8605062002,https://www.brex.com/careers/8605062002?gh_jid=8605062002,207,7,"score=7 skills=lead,software",no,0020_raw,,70400-120000 EUR,queued,ok,greenhouse:brex,cv_match_0020
CV20-0404,cv_match_0020,Brex,"Senior Software Engineer, Product Data Platform","Seattle, Washington, United States",https://www.brex.com/careers/8430197002?gh_jid=8430197002,https://www.brex.com/careers/8430197002?gh_jid=8430197002,https://www.brex.com/careers/8430197002?gh_jid=8430197002,207,7,"score=7 skills=lead,software",no,0020_raw,,70400-120000 EUR,queued,ok,greenhouse:brex,cv_match_0020
CV20-0405,cv_match_0020,Brex,"Senior Software Engineer, Product Data Platform","San Francisco, California, United States",https://www.brex.com/careers/8430182002?gh_jid=8430182002,https://www.brex.com/careers/8430182002?gh_jid=8430182002,https://www.brex.com/careers/8430182002?gh_jid=8430182002,207,7,"score=7 skills=lead,software",no,0020_raw,,70400-120000 EUR,queued,ok,greenhouse:brex,cv_match_0020
CV20-0406,cv_match_0020,Brex,"Senior Software Engineer, Product Data Platform","Vancouver, British Columbia, Canada",https://www.brex.com/careers/8430196002?gh_jid=8430196002,https://www.brex.com/careers/8430196002?gh_jid=8430196002,https://www.brex.com/careers/8430196002?gh_jid=8430196002,207,7,"score=7 skills=lead,software",no,0020_raw,,70400-120000 EUR,queued,ok,greenhouse:brex,cv_match_0020
CV20-0407,cv_match_0020,Coinbase,"Senior Software Engineer, Backend (Consumer - Prediction Markets)",Remote - USA,https://www.coinbase.com/careers/positions/7997836?gh_jid=7997836,https://www.coinbase.com/careers/positions/7997836?gh_jid=7997836,https://www.coinbase.com/careers/positions/7997836?gh_jid=7997836,207,7,"score=7 skills=lead,software",no,0020_raw,,70400-120000 EUR,queued,ok,greenhouse:coinbase,cv_match_0020
CV20-0408,cv_match_0020,Coinbase,"Senior Software Engineer, Backend (Consumer - Risk)",Remote - Canada,https://www.coinbase.com/careers/positions/7930686?gh_jid=7930686,https://www.coinbase.com/careers/positions/7930686?gh_jid=7930686,https://www.coinbase.com/careers/positions/7930686?gh_jid=7930686,207,7,"score=7 skills=lead,software",no,0020_raw,,70400-120000 EUR,queued,ok,greenhouse:coinbase,cv_match_0020
CV20-0409,cv_match_0020,Coinbase,"Senior Software Engineer, Data Engineering Platform",Remote - USA,https://www.coinbase.com/careers/positions/8082199?gh_jid=8082199,https://www.coinbase.com/careers/positions/8082199?gh_jid=8082199,https://www.coinbase.com/careers/positions/8082199?gh_jid=8082199,207,7,"score=7 skills=lead,software",no,0020_raw,,70400-120000 EUR,queued,ok,greenhouse:coinbase,cv_match_0020
CV20-0410,cv_match_0020,Coinbase,Senior Software Engineer - Data Platform,Remote - Canada,https://www.coinbase.com/careers/positions/7812407?gh_jid=7812407,https://www.coinbase.com/careers/positions/7812407?gh_jid=7812407,https://www.coinbase.com/careers/positions/7812407?gh_jid=7812407,207,7,"score=7 skills=lead,software",no,0020_raw,,70400-120000 EUR,queued,ok,greenhouse:coinbase,cv_match_0020
CV20-0411,cv_match_0020,Coinbase,"Senior Software Engineer, Infrastructure - Compute Platform",Remote - Canada,https://www.coinbase.com/careers/positions/7701645?gh_jid=7701645,https://www.coinbase.com/careers/positions/7701645?gh_jid=7701645,https://www.coinbase.com/careers/positions/7701645?gh_jid=7701645,207,7,"score=7 skills=lead,software",no,0020_raw,,70400-120000 EUR,queued,ok,greenhouse:coinbase,cv_match_0020
CV20-0412,cv_match_0020,Coinbase,"Senior Software Engineer, Infrastructure - Compute Platform",Remote - USA,https://www.coinbase.com/careers/positions/7701651?gh_jid=7701651,https://www.coinbase.com/careers/positions/7701651?gh_jid=7701651,https://www.coinbase.com/careers/positions/7701651?gh_jid=7701651,207,7,"score=7 skills=lead,software",no,0020_raw,,70400-120000 EUR,queued,ok,greenhouse:coinbase,cv_match_0020
CV20-0413,cv_match_0020,Airbnb,"Senior Software Engineer, Content Platform",United States,https://careers.airbnb.com/positions/8077451?gh_jid=8077451,https://careers.airbnb.com/positions/8077451?gh_jid=8077451,https://careers.airbnb.com/positions/8077451?gh_jid=8077451,207,7,"score=7 skills=lead,software",no,0020_raw,,70400-120000 EUR,queued,ok,greenhouse:airbnb,cv_match_0020
CV20-0414,cv_match_0020,Discord,Senior Software Engineer - Safety Platform,San Francisco Bay Area or Los Angeles Area,https://job-boards.greenhouse.io/discord/jobs/8544305002,https://job-boards.greenhouse.io/discord/jobs/8544305002,https://job-boards.greenhouse.io/discord/jobs/8544305002,207,7,"score=7 skills=lead,software",no,0020_raw,,70400-120000 EUR,queued,ok,greenhouse:discord,cv_match_0020
CV20-0415,cv_match_0020,Robinhood,"Senior Software Engineer, Backend","Menlo Park, CA; New York, NY",https://boards.greenhouse.io/robinhood/jobs/7264931?t=gh_src=&gh_jid=7264931,https://boards.greenhouse.io/robinhood/jobs/7264931?t=gh_src=&gh_jid=7264931,https://boards.greenhouse.io/robinhood/jobs/7264931?t=gh_src=&gh_jid=7264931,207,7,"score=7 skills=lead,software",no,0020_raw,,70400-120000 EUR,queued,ok,greenhouse:robinhood,cv_match_0020
CV20-0416,cv_match_0020,Robinhood,"Senior Software Engineer, Cloud Networking","Bellevue, WA",https://boards.greenhouse.io/robinhood/jobs/8080244?t=gh_src=&gh_jid=8080244,https://boards.greenhouse.io/robinhood/jobs/8080244?t=gh_src=&gh_jid=8080244,https://boards.greenhouse.io/robinhood/jobs/8080244?t=gh_src=&gh_jid=8080244,207,7,"score=7 skills=cloud,lead,software",no,0020_raw,,70400-120000 EUR,queued,ok,greenhouse:robinhood,cv_match_0020
CV20-0417,cv_match_0020,Palantir,Senior Software Engineer - Autonomous Systems,"Seattle, WA",https://jobs.lever.co/palantir/88f8f593-af1f-4d27-9042-454c24a64d3f,https://jobs.lever.co/palantir/88f8f593-af1f-4d27-9042-454c24a64d3f,https://jobs.lever.co/palantir/88f8f593-af1f-4d27-9042-454c24a64d3f,207,7,"score=7 skills=cloud,lead,software",no,0020_raw,,70400-120000 EUR,queued,ok,lever:palantir,cv_match_0020
CV20-0418,cv_match_0020,Palantir,Senior Software Engineer - Autonomous Systems,"New York, NY",https://jobs.lever.co/palantir/bba1ecbc-e56d-48b0-b33a-aefcbffbd655,https://jobs.lever.co/palantir/bba1ecbc-e56d-48b0-b33a-aefcbffbd655,https://jobs.lever.co/palantir/bba1ecbc-e56d-48b0-b33a-aefcbffbd655,207,7,"score=7 skills=cloud,lead,software",no,0020_raw,,70400-120000 EUR,queued,ok,lever:palantir,cv_match_0020
CV20-0419,cv_match_0020,Palantir,Senior Software Engineer - Autonomous Systems,"Washington, D.C.",https://jobs.lever.co/palantir/d40d5d19-8f9e-4e6b-b4d3-b7457c90adec,https://jobs.lever.co/palantir/d40d5d19-8f9e-4e6b-b4d3-b7457c90adec,https://jobs.lever.co/palantir/d40d5d19-8f9e-4e6b-b4d3-b7457c90adec,207,7,"score=7 skills=cloud,lead,software",no,0020_raw,,70400-120000 EUR,queued,ok,lever:palantir,cv_match_0020
CV20-0420,cv_match_0020,Palantir,Senior Software Engineer - Autonomous Systems,"Palo Alto, CA",https://jobs.lever.co/palantir/d7030550-f80f-422c-965f-3120db433dea,https://jobs.lever.co/palantir/d7030550-f80f-422c-965f-3120db433dea,https://jobs.lever.co/palantir/d7030550-f80f-422c-965f-3120db433dea,207,7,"score=7 skills=cloud,lead,software",no,0020_raw,,70400-120000 EUR,queued,ok,lever:palantir,cv_match_0020
CV20-0421,cv_match_0020,Palantir,"Senior Software Engineer, Network Infrastructure","Seattle, WA",https://jobs.lever.co/palantir/39c57909-ae76-4c86-9290-9fb50c689c4f,https://jobs.lever.co/palantir/39c57909-ae76-4c86-9290-9fb50c689c4f,https://jobs.lever.co/palantir/39c57909-ae76-4c86-9290-9fb50c689c4f,207,7,"score=7 skills=containers,lead,security,software",no,0020_raw,,70400-120000 EUR,queued,ok,lever:palantir,cv_match_0020
CV20-0422,cv_match_0020,Palantir,"Senior Software Engineer, Network Infrastructure","New York, NY",https://jobs.lever.co/palantir/55005ee7-4e06-4520-b569-f6e8f26745cb,https://jobs.lever.co/palantir/55005ee7-4e06-4520-b569-f6e8f26745cb,https://jobs.lever.co/palantir/55005ee7-4e06-4520-b569-f6e8f26745cb,207,7,"score=7 skills=containers,lead,security,software",no,0020_raw,,70400-120000 EUR,queued,ok,lever:palantir,cv_match_0020
CV20-0423,cv_match_0020,Palantir,"Senior Software Engineer, Network Infrastructure","Washington, D.C.",https://jobs.lever.co/palantir/89a77547-8b74-45b2-8590-f04b16e19a59,https://jobs.lever.co/palantir/89a77547-8b74-45b2-8590-f04b16e19a59,https://jobs.lever.co/palantir/89a77547-8b74-45b2-8590-f04b16e19a59,207,7,"score=7 skills=containers,lead,security,software",no,0020_raw,,70400-120000 EUR,queued,ok,lever:palantir,cv_match_0020
CV20-0424,cv_match_0020,Cloudflare,"Senior Software Engineer, People Ops and AI Tools",In-Office,https://boards.greenhouse.io/cloudflare/jobs/8035679?gh_jid=8035679,https://boards.greenhouse.io/cloudflare/jobs/8035679?gh_jid=8035679,https://boards.greenhouse.io/cloudflare/jobs/8035679?gh_jid=8035679,206,6,"score=6 skills=ai,lead,software",no,0020_raw,,70400-120000 EUR,queued,ok,greenhouse:cloudflare,cv_match_0020
CV20-0425,cv_match_0020,Datadog,Senior Software Engineer - AI (EMEA),"Bordeaux, France; Grenoble, France; Lyon, France; Madrid, Spain; Montpellier, France; Nantes, France; Nice, France; Pari",https://careers.datadoghq.com/detail/8015588/?gh_jid=8015588,https://careers.datadoghq.com/detail/8015588/?gh_jid=8015588,https://careers.datadoghq.com/detail/8015588/?gh_jid=8015588,206,6,"score=6 skills=ai,lead,software",no,0020_raw,,70400-120000 EUR,queued,ok,greenhouse:datadog,cv_match_0020
CV20-0426,cv_match_0020,Datadog,Senior Software Engineer - Security Libraries,"Bordeaux, France; Lyon, France; Madrid, Spain; Nantes, France; Paris, France; Sophia Antipolis, France",https://careers.datadoghq.com/detail/8081477/?gh_jid=8081477,https://careers.datadoghq.com/detail/8081477/?gh_jid=8081477,https://careers.datadoghq.com/detail/8081477/?gh_jid=8081477,206,6,"score=6 skills=lead,security,software",no,0020_raw,,70400-120000 EUR,queued,ok,greenhouse:datadog,cv_match_0020
CV20-0427,cv_match_0020,Elastic,Senior Software Developer - Security - Elasticsearch,Canada,https://jobs.elastic.co/jobs?gh_jid=8082602&gh_jid=8082602,https://jobs.elastic.co/jobs?gh_jid=8082602&gh_jid=8082602,https://jobs.elastic.co/jobs?gh_jid=8082602&gh_jid=8082602,206,6,"score=6 skills=lead,security,software",no,0020_raw,,70400-120000 EUR,queued,ok,greenhouse:elastic,cv_match_0020
CV20-0428,cv_match_0020,Elastic,Senior Software Engineer - Security - Elasticsearch,United States,https://jobs.elastic.co/jobs?gh_jid=8082598&gh_jid=8082598,https://jobs.elastic.co/jobs?gh_jid=8082598&gh_jid=8082598,https://jobs.elastic.co/jobs?gh_jid=8082598&gh_jid=8082598,206,6,"score=6 skills=lead,security,software",no,0020_raw,,70400-120000 EUR,queued,ok,greenhouse:elastic,cv_match_0020
CV20-0429,cv_match_0020,Asana,"Senior Software Engineer, AI Chat","Vancouver, BC",https://www.asana.com/jobs/apply/7962348?gh_jid=7962348,https://www.asana.com/jobs/apply/7962348?gh_jid=7962348,https://www.asana.com/jobs/apply/7962348?gh_jid=7962348,206,6,"score=6 skills=ai,lead,software",no,0020_raw,,70400-120000 EUR,queued,ok,greenhouse:asana,cv_match_0020
CV20-0430,cv_match_0020,Asana,"Senior Software Engineer, AI Developer Experience",New York City,https://www.asana.com/jobs/apply/7964335?gh_jid=7964335,https://www.asana.com/jobs/apply/7964335?gh_jid=7964335,https://www.asana.com/jobs/apply/7964335?gh_jid=7964335,206,6,"score=6 skills=ai,lead,software",no,0020_raw,,70400-120000 EUR,queued,ok,greenhouse:asana,cv_match_0020
CV20-0431,cv_match_0020,Asana,"Senior Software Engineer, AI Retrieval",Warsaw,https://www.asana.com/jobs/apply/7978649?gh_jid=7978649,https://www.asana.com/jobs/apply/7978649?gh_jid=7978649,https://www.asana.com/jobs/apply/7978649?gh_jid=7978649,206,6,"score=6 skills=ai,lead,software",no,0020_raw,,70400-120000 EUR,queued,ok,greenhouse:asana,cv_match_0020
CV20-0432,cv_match_0020,Asana,"Senior Software Engineer, Infrastructure Security",San Francisco,https://www.asana.com/jobs/apply/7403579?gh_jid=7403579,https://www.asana.com/jobs/apply/7403579?gh_jid=7403579,https://www.asana.com/jobs/apply/7403579?gh_jid=7403579,206,6,"score=6 skills=lead,security,software",no,0020_raw,,70400-120000 EUR,queued,ok,greenhouse:asana,cv_match_0020
CV20-0433,cv_match_0020,Asana,"Senior Software Engineer, Security Development",San Francisco,https://www.asana.com/jobs/apply/8069471?gh_jid=8069471,https://www.asana.com/jobs/apply/8069471?gh_jid=8069471,https://www.asana.com/jobs/apply/8069471?gh_jid=8069471,206,6,"score=6 skills=lead,security,software",no,0020_raw,,70400-120000 EUR,queued,ok,greenhouse:asana,cv_match_0020
CV20-0434,cv_match_0020,Coinbase,"Senior Software Engineer, Core AI Infrastructure",Remote - USA,https://www.coinbase.com/careers/positions/7847431?gh_jid=7847431,https://www.coinbase.com/careers/positions/7847431?gh_jid=7847431,https://www.coinbase.com/careers/positions/7847431?gh_jid=7847431,206,6,"score=6 skills=ai,lead,software",no,0020_raw,,70400-120000 EUR,queued,ok,greenhouse:coinbase,cv_match_0020
CV20-0435,cv_match_0020,Discord,"Senior Software Engineer, Machine Learning (Ads)",San Francisco Bay Area,https://job-boards.greenhouse.io/discord/jobs/8644780002,https://job-boards.greenhouse.io/discord/jobs/8644780002,https://job-boards.greenhouse.io/discord/jobs/8644780002,206,6,"score=6 skills=ai,lead,software",no,0020_raw,,70400-120000 EUR,queued,ok,greenhouse:discord,cv_match_0020
CV20-0436,cv_match_0020,Robinhood,"Senior Software Developer, Kubernetes Compute","Toronto, Canada",https://boards.greenhouse.io/robinhood/jobs/7871254?t=gh_src=&gh_jid=7871254,https://boards.greenhouse.io/robinhood/jobs/7871254?t=gh_src=&gh_jid=7871254,https://boards.greenhouse.io/robinhood/jobs/7871254?t=gh_src=&gh_jid=7871254,206,6,"score=6 skills=containers,lead,software",no,0020_raw,,70400-120000 EUR,queued,ok,greenhouse:robinhood,cv_match_0020
CV20-0437,cv_match_0020,Robinhood,"Senior Software Engineer, Kubernetes Compute","Bellevue, WA",https://boards.greenhouse.io/robinhood/jobs/8036588?t=gh_src=&gh_jid=8036588,https://boards.greenhouse.io/robinhood/jobs/8036588?t=gh_src=&gh_jid=8036588,https://boards.greenhouse.io/robinhood/jobs/8036588?t=gh_src=&gh_jid=8036588,206,6,"score=6 skills=containers,lead,software",no,0020_raw,,70400-120000 EUR,queued,ok,greenhouse:robinhood,cv_match_0020
CV20-0438,cv_match_0020,Spotify,Senior Software Engineer - TV Playback (C++),London,https://jobs.lever.co/spotify/827bfa7b-cc50-46d7-bdac-f642a14fe92b,https://jobs.lever.co/spotify/827bfa7b-cc50-46d7-bdac-f642a14fe92b,https://jobs.lever.co/spotify/827bfa7b-cc50-46d7-bdac-f642a14fe92b,206,6,"score=6 skills=integration,lead,software",no,0020_raw,,70400-120000 EUR,queued,ok,lever:spotify,cv_match_0020
CV20-0439,cv_match_0020,Stripe,Senior Software Engineer,San Francisco,https://stripe.com/jobs/search?gh_jid=8026416,https://stripe.com/jobs/search?gh_jid=8026416,https://stripe.com/jobs/search?gh_jid=8026416,205,5,"score=5 skills=lead,software",no,0020_raw,,70400-120000 EUR,queued,ok,greenhouse:stripe,cv_match_0020
CV20-0440,cv_match_0020,Stripe,Senior Software Engineer,"South San Francisco, CA ",https://stripe.com/jobs/search?gh_jid=8026511,https://stripe.com/jobs/search?gh_jid=8026511,https://stripe.com/jobs/search?gh_jid=8026511,205,5,"score=5 skills=lead,software",no,0020_raw,,70400-120000 EUR,queued,ok,greenhouse:stripe,cv_match_0020
CV20-0441,cv_match_0020,Cloudflare,"Senior Software Engineer, Distributed Databases",In-Office,https://boards.greenhouse.io/cloudflare/jobs/7896462?gh_jid=7896462,https://boards.greenhouse.io/cloudflare/jobs/7896462?gh_jid=7896462,https://boards.greenhouse.io/cloudflare/jobs/7896462?gh_jid=7896462,205,5,"score=5 skills=lead,software",no,0020_raw,,70400-120000 EUR,queued,ok,greenhouse:cloudflare,cv_match_0020
CV20-0442,cv_match_0020,Cloudflare,"Senior Software Engineer, Durable Objects (DO)",In-Office,https://boards.greenhouse.io/cloudflare/jobs/5390243?gh_jid=5390243,https://boards.greenhouse.io/cloudflare/jobs/5390243?gh_jid=5390243,https://boards.greenhouse.io/cloudflare/jobs/5390243?gh_jid=5390243,205,5,"score=5 skills=lead,software",no,0020_raw,,70400-120000 EUR,queued,ok,greenhouse:cloudflare,cv_match_0020
CV20-0443,cv_match_0020,Cloudflare,"Senior Software Engineer, R2 Metadata",Hybrid,https://boards.greenhouse.io/cloudflare/jobs/7276690?gh_jid=7276690,https://boards.greenhouse.io/cloudflare/jobs/7276690?gh_jid=7276690,https://boards.greenhouse.io/cloudflare/jobs/7276690?gh_jid=7276690,205,5,"score=5 skills=lead,software",no,0020_raw,,70400-120000 EUR,queued,ok,greenhouse:cloudflare,cv_match_0020
CV20-0444,cv_match_0020,Cloudflare,"Senior Software Engineer, Storage Infrastructure",In-Office,https://boards.greenhouse.io/cloudflare/jobs/7629805?gh_jid=7629805,https://boards.greenhouse.io/cloudflare/jobs/7629805?gh_jid=7629805,https://boards.greenhouse.io/cloudflare/jobs/7629805?gh_jid=7629805,205,5,"score=5 skills=lead,software",no,0020_raw,,70400-120000 EUR,queued,ok,greenhouse:cloudflare,cv_match_0020
CV20-0445,cv_match_0020,Cloudflare,"Senior Software Engineer, Workers Runtime",In-Office,https://boards.greenhouse.io/cloudflare/jobs/6578726?gh_jid=6578726,https://boards.greenhouse.io/cloudflare/jobs/6578726?gh_jid=6578726,https://boards.greenhouse.io/cloudflare/jobs/6578726?gh_jid=6578726,205,5,"score=5 skills=lead,software",no,0020_raw,,70400-120000 EUR,queued,ok,greenhouse:cloudflare,cv_match_0020
CV20-0446,cv_match_0020,Datadog,Senior Software Engineer,"Boston, Massachusetts, USA; New York, New York, USA",https://careers.datadoghq.com/detail/3851935/?gh_jid=3851935,https://careers.datadoghq.com/detail/3851935/?gh_jid=3851935,https://careers.datadoghq.com/detail/3851935/?gh_jid=3851935,205,5,"score=5 skills=lead,software",no,0020_raw,,70400-120000 EUR,queued,ok,greenhouse:datadog,cv_match_0020
CV20-0447,cv_match_0020,Datadog,Senior Software Engineer - Distributed Systems,"Boston, Massachusetts, USA; New York, New York, USA",https://careers.datadoghq.com/detail/3851927/?gh_jid=3851927,https://careers.datadoghq.com/detail/3851927/?gh_jid=3851927,https://careers.datadoghq.com/detail/3851927/?gh_jid=3851927,205,5,"score=5 skills=lead,software",no,0020_raw,,70400-120000 EUR,queued,ok,greenhouse:datadog,cv_match_0020
CV20-0448,cv_match_0020,Datadog,Senior Software Engineer - Linux,"Tel Aviv, Israel",https://careers.datadoghq.com/detail/8038652/?gh_jid=8038652,https://careers.datadoghq.com/detail/8038652/?gh_jid=8038652,https://careers.datadoghq.com/detail/8038652/?gh_jid=8038652,205,5,"score=5 skills=lead,software",no,0020_raw,,70400-120000 EUR,queued,ok,greenhouse:datadog,cv_match_0020
CV20-0449,cv_match_0020,Datadog,Senior Software Engineer - REDAPL Graph Engine,"Lisbon, Portugal",https://careers.datadoghq.com/detail/7959967/?gh_jid=7959967,https://careers.datadoghq.com/detail/7959967/?gh_jid=7959967,https://careers.datadoghq.com/detail/7959967/?gh_jid=7959967,205,5,"score=5 skills=lead,software",no,0020_raw,,70400-120000 EUR,queued,ok,greenhouse:datadog,cv_match_0020
CV20-0450,cv_match_0020,Datadog,Senior Software Engineer - REDAPL Graph Engine,"Dublin, Ireland; Madrid, Spain; Paris, France",https://careers.datadoghq.com/detail/7959962/?gh_jid=7959962,https://careers.datadoghq.com/detail/7959962/?gh_jid=7959962,https://careers.datadoghq.com/detail/7959962/?gh_jid=7959962,205,5,"score=5 skills=lead,software",no,0020_raw,,70400-120000 EUR,queued,ok,greenhouse:datadog,cv_match_0020
CV20-0451,cv_match_0020,Datadog,Senior Software Engineer - REDAPL Graph Engine,"France, Remote; Germany, Remote; Italy, Remote; Spain, Remote; Switzerland, Remote; United Kingdom, Remote",https://careers.datadoghq.com/detail/7959966/?gh_jid=7959966,https://careers.datadoghq.com/detail/7959966/?gh_jid=7959966,https://careers.datadoghq.com/detail/7959966/?gh_jid=7959966,205,5,"score=5 skills=lead,software",no,0020_raw,,70400-120000 EUR,queued,ok,greenhouse:datadog,cv_match_0020
CV20-0452,cv_match_0020,Elastic,Senior Software Developer - Storage Engine - Elasticsearch,Canada,https://jobs.elastic.co/jobs?gh_jid=8074844&gh_jid=8074844,https://jobs.elastic.co/jobs?gh_jid=8074844&gh_jid=8074844,https://jobs.elastic.co/jobs?gh_jid=8074844&gh_jid=8074844,205,5,"score=5 skills=lead,software",no,0020_raw,,70400-120000 EUR,queued,ok,greenhouse:elastic,cv_match_0020
CV20-0453,cv_match_0020,Elastic,Senior Software Engineer - Storage Engine - Elasticsearch,Portugal,https://jobs.elastic.co/jobs?gh_jid=8074889&gh_jid=8074889,https://jobs.elastic.co/jobs?gh_jid=8074889&gh_jid=8074889,https://jobs.elastic.co/jobs?gh_jid=8074889&gh_jid=8074889,205,5,"score=5 skills=lead,software",no,0020_raw,,70400-120000 EUR,queued,ok,greenhouse:elastic,cv_match_0020
CV20-0454,cv_match_0020,Elastic,Senior Software Engineer - Storage Engine - Elasticsearch,United States,https://jobs.elastic.co/jobs?gh_jid=8066491&gh_jid=8066491,https://jobs.elastic.co/jobs?gh_jid=8066491&gh_jid=8066491,https://jobs.elastic.co/jobs?gh_jid=8066491&gh_jid=8066491,205,5,"score=5 skills=lead,software",no,0020_raw,,70400-120000 EUR,queued,ok,greenhouse:elastic,cv_match_0020
CV20-0455,cv_match_0020,Elastic,Senior Software Engineer - Storage Engine - Elasticsearch,Romania,https://jobs.elastic.co/jobs?gh_jid=8074894&gh_jid=8074894,https://jobs.elastic.co/jobs?gh_jid=8074894&gh_jid=8074894,https://jobs.elastic.co/jobs?gh_jid=8074894&gh_jid=8074894,205,5,"score=5 skills=lead,software",no,0020_raw,,70400-120000 EUR,queued,ok,greenhouse:elastic,cv_match_0020
CV20-0456,cv_match_0020,Elastic,Senior Software Engineer - Storage Engine - Elasticsearch,Greece,https://jobs.elastic.co/jobs?gh_jid=8074886&gh_jid=8074886,https://jobs.elastic.co/jobs?gh_jid=8074886&gh_jid=8074886,https://jobs.elastic.co/jobs?gh_jid=8074886&gh_jid=8074886,205,5,"score=5 skills=lead,software",no,0020_raw,,70400-120000 EUR,queued,ok,greenhouse:elastic,cv_match_0020
CV20-0457,cv_match_0020,Elastic,Senior Software Engineer - Storage Engine - Elasticsearch,Ireland,https://jobs.elastic.co/jobs?gh_jid=8074854&gh_jid=8074854,https://jobs.elastic.co/jobs?gh_jid=8074854&gh_jid=8074854,https://jobs.elastic.co/jobs?gh_jid=8074854&gh_jid=8074854,205,5,"score=5 skills=lead,software",no,0020_raw,,70400-120000 EUR,queued,ok,greenhouse:elastic,cv_match_0020
CV20-0458,cv_match_0020,Elastic,Senior Software Engineer - Storage Engine - Elasticsearch,Spain,https://jobs.elastic.co/jobs?gh_jid=8074855&gh_jid=8074855,https://jobs.elastic.co/jobs?gh_jid=8074855&gh_jid=8074855,https://jobs.elastic.co/jobs?gh_jid=8074855&gh_jid=8074855,205,5,"score=5 skills=lead,software",no,0020_raw,,70400-120000 EUR,queued,ok,greenhouse:elastic,cv_match_0020
CV20-0459,cv_match_0020,Elastic,Senior Software Engineer - Storage Engine - Elasticsearch,Norway,https://jobs.elastic.co/jobs?gh_jid=8074895&gh_jid=8074895,https://jobs.elastic.co/jobs?gh_jid=8074895&gh_jid=8074895,https://jobs.elastic.co/jobs?gh_jid=8074895&gh_jid=8074895,205,5,"score=5 skills=lead,software",no,0020_raw,,70400-120000 EUR,queued,ok,greenhouse:elastic,cv_match_0020
CV20-0460,cv_match_0020,Twilio,Senior Software Engineer,Remote - Ireland,https://job-boards.greenhouse.io/twilio/jobs/8015771,https://job-boards.greenhouse.io/twilio/jobs/8015771,https://job-boards.greenhouse.io/twilio/jobs/8015771,205,5,"score=5 skills=lead,software",no,0020_raw,,70400-120000 EUR,queued,ok,greenhouse:twilio,cv_match_0020
CV20-0461,cv_match_0020,Twilio,Senior Software Engineer,Remote - US,https://job-boards.greenhouse.io/twilio/jobs/8065028,https://job-boards.greenhouse.io/twilio/jobs/8065028,https://job-boards.greenhouse.io/twilio/jobs/8065028,205,5,"score=5 skills=lead,software",no,0020_raw,,70400-120000 EUR,queued,ok,greenhouse:twilio,cv_match_0020
CV20-0462,cv_match_0020,Twilio,Senior Software Engineer,Remote - Estonia,https://job-boards.greenhouse.io/twilio/jobs/7993530,https://job-boards.greenhouse.io/twilio/jobs/7993530,https://job-boards.greenhouse.io/twilio/jobs/7993530,205,5,"score=5 skills=lead,software",no,0020_raw,,70400-120000 EUR,queued,ok,greenhouse:twilio,cv_match_0020
CV20-0463,cv_match_0020,Twilio,"Senior Software Engineer, Fraud",Remote - US,https://job-boards.greenhouse.io/twilio/jobs/7595407,https://job-boards.greenhouse.io/twilio/jobs/7595407,https://job-boards.greenhouse.io/twilio/jobs/7595407,205,5,"score=5 skills=lead,software",no,0020_raw,,70400-120000 EUR,queued,ok,greenhouse:twilio,cv_match_0020
CV20-0464,cv_match_0020,Twilio,"Senior Software Engineer, Identity",Remote - US,https://job-boards.greenhouse.io/twilio/jobs/8056276,https://job-boards.greenhouse.io/twilio/jobs/8056276,https://job-boards.greenhouse.io/twilio/jobs/8056276,205,5,"score=5 skills=lead,software",no,0020_raw,,70400-120000 EUR,queued,ok,greenhouse:twilio,cv_match_0020
CV20-0465,cv_match_0020,Twilio,Senior Software Engineer- Video Signalling,Remote - Ireland,https://job-boards.greenhouse.io/twilio/jobs/7394811,https://job-boards.greenhouse.io/twilio/jobs/7394811,https://job-boards.greenhouse.io/twilio/jobs/7394811,205,5,"score=5 skills=lead,software",no,0020_raw,,70400-120000 EUR,queued,ok,greenhouse:twilio,cv_match_0020
CV20-0466,cv_match_0020,Asana,Senior Software Engineer,New York City,https://www.asana.com/jobs/apply/7962245?gh_jid=7962245,https://www.asana.com/jobs/apply/7962245?gh_jid=7962245,https://www.asana.com/jobs/apply/7962245?gh_jid=7962245,205,5,"score=5 skills=lead,software",no,0020_raw,,70400-120000 EUR,queued,ok,greenhouse:asana,cv_match_0020
CV20-0467,cv_match_0020,Asana,Senior Software Engineer,Warsaw,https://www.asana.com/jobs/apply/7961508?gh_jid=7961508,https://www.asana.com/jobs/apply/7961508?gh_jid=7961508,https://www.asana.com/jobs/apply/7961508?gh_jid=7961508,205,5,"score=5 skills=lead,software",no,0020_raw,,70400-120000 EUR,queued,ok,greenhouse:asana,cv_match_0020
CV20-0468,cv_match_0020,Asana,"Senior Software Engineer, Account Management","Vancouver, BC",https://www.asana.com/jobs/apply/7962239?gh_jid=7962239,https://www.asana.com/jobs/apply/7962239?gh_jid=7962239,https://www.asana.com/jobs/apply/7962239?gh_jid=7962239,205,5,"score=5 skills=lead,software",no,0020_raw,,70400-120000 EUR,queued,ok,greenhouse:asana,cv_match_0020
CV20-0469,cv_match_0020,Asana,"Senior Software Engineer, Consumption Based Billing & Licensing","Vancouver, BC",https://www.asana.com/jobs/apply/7968145?gh_jid=7968145,https://www.asana.com/jobs/apply/7968145?gh_jid=7968145,https://www.asana.com/jobs/apply/7968145?gh_jid=7968145,205,5,"score=5 skills=lead,software",no,0020_raw,,70400-120000 EUR,queued,ok,greenhouse:asana,cv_match_0020
CV20-0470,cv_match_0020,Asana,"Senior Software Engineer, Site Reliability",Warsaw,https://www.asana.com/jobs/apply/6887013?gh_jid=6887013,https://www.asana.com/jobs/apply/6887013?gh_jid=6887013,https://www.asana.com/jobs/apply/6887013?gh_jid=6887013,205,5,"score=5 skills=lead,software",no,0020_raw,,70400-120000 EUR,queued,ok,greenhouse:asana,cv_match_0020
CV20-0471,cv_match_0020,Asana,"Senior Software Engineer, Web App Performance","Vancouver, BC",https://www.asana.com/jobs/apply/7968154?gh_jid=7968154,https://www.asana.com/jobs/apply/7968154?gh_jid=7968154,https://www.asana.com/jobs/apply/7968154?gh_jid=7968154,205,5,"score=5 skills=lead,software",no,0020_raw,,70400-120000 EUR,queued,ok,greenhouse:asana,cv_match_0020
CV20-0472,cv_match_0020,Reddit,"Senior Backend Engineer, IAM",Remote - United States,https://job-boards.greenhouse.io/reddit/jobs/8044767,https://job-boards.greenhouse.io/reddit/jobs/8044767,https://job-boards.greenhouse.io/reddit/jobs/8044767,205,5,"score=5 skills=lead,software_related",no,0020_raw,,70400-120000 EUR,queued,ok,greenhouse:reddit,cv_match_0020
CV20-0473,cv_match_0020,Reddit,"Senior Software Engineer, Ads",Remote - United States,https://job-boards.greenhouse.io/reddit/jobs/6909091,https://job-boards.greenhouse.io/reddit/jobs/6909091,https://job-boards.greenhouse.io/reddit/jobs/6909091,205,5,"score=5 skills=lead,software",no,0020_raw,,70400-120000 EUR,queued,ok,greenhouse:reddit,cv_match_0020
CV20-0474,cv_match_0020,Reddit,Senior Software Engineer - DevX,Remote - United States,https://job-boards.greenhouse.io/reddit/jobs/7950520,https://job-boards.greenhouse.io/reddit/jobs/7950520,https://job-boards.greenhouse.io/reddit/jobs/7950520,205,5,"score=5 skills=lead,software",no,0020_raw,,70400-120000 EUR,queued,ok,greenhouse:reddit,cv_match_0020
CV20-0475,cv_match_0020,Reddit,"Senior Software Engineer, GraphQL",Remote - United States,https://job-boards.greenhouse.io/reddit/jobs/7309137,https://job-boards.greenhouse.io/reddit/jobs/7309137,https://job-boards.greenhouse.io/reddit/jobs/7309137,205,5,"score=5 skills=lead,software",no,0020_raw,,70400-120000 EUR,queued,ok,greenhouse:reddit,cv_match_0020
CV20-0476,cv_match_0020,Reddit,"Senior Software Engineer, Presence",Remote - United States,https://job-boards.greenhouse.io/reddit/jobs/8024892,https://job-boards.greenhouse.io/reddit/jobs/8024892,https://job-boards.greenhouse.io/reddit/jobs/8024892,205,5,"score=5 skills=lead,software",no,0020_raw,,70400-120000 EUR,queued,ok,greenhouse:reddit,cv_match_0020
CV20-0477,cv_match_0020,Reddit,"Senior Software Engineer, Storage",Remote - United States,https://job-boards.greenhouse.io/reddit/jobs/7511679,https://job-boards.greenhouse.io/reddit/jobs/7511679,https://job-boards.greenhouse.io/reddit/jobs/7511679,205,5,"score=5 skills=lead,software",no,0020_raw,,70400-120000 EUR,queued,ok,greenhouse:reddit,cv_match_0020
CV20-0478,cv_match_0020,Brex,"Senior Software Engineer, Full Stack","New York, New York, United States",https://www.brex.com/careers/8472634002?gh_jid=8472634002,https://www.brex.com/careers/8472634002?gh_jid=8472634002,https://www.brex.com/careers/8472634002?gh_jid=8472634002,205,5,"score=5 skills=lead,software",no,0020_raw,,70400-120000 EUR,queued,ok,greenhouse:brex,cv_match_0020
CV20-0479,cv_match_0020,Brex,"Senior Software Engineer, Full Stack","San Francisco, California, United States",https://www.brex.com/careers/8472635002?gh_jid=8472635002,https://www.brex.com/careers/8472635002?gh_jid=8472635002,https://www.brex.com/careers/8472635002?gh_jid=8472635002,205,5,"score=5 skills=lead,software",no,0020_raw,,70400-120000 EUR,queued,ok,greenhouse:brex,cv_match_0020
CV20-0480,cv_match_0020,Brex,"Senior Software Engineer, Full Stack","São Paulo, São Paulo, Brazil",https://www.brex.com/careers/8477314002?gh_jid=8477314002,https://www.brex.com/careers/8477314002?gh_jid=8477314002,https://www.brex.com/careers/8477314002?gh_jid=8477314002,205,5,"score=5 skills=lead,software",no,0020_raw,,70400-120000 EUR,queued,ok,greenhouse:brex,cv_match_0020
CV20-0481,cv_match_0020,Brex,"Senior Software Engineer, Full Stack","Vancouver, British Columbia, Canada",https://www.brex.com/careers/8472632002?gh_jid=8472632002,https://www.brex.com/careers/8472632002?gh_jid=8472632002,https://www.brex.com/careers/8472632002?gh_jid=8472632002,205,5,"score=5 skills=lead,software",no,0020_raw,,70400-120000 EUR,queued,ok,greenhouse:brex,cv_match_0020
CV20-0482,cv_match_0020,Brex,"Senior Software Engineer, Full Stack","Seattle, Washington, United States",https://www.brex.com/careers/8472633002?gh_jid=8472633002,https://www.brex.com/careers/8472633002?gh_jid=8472633002,https://www.brex.com/careers/8472633002?gh_jid=8472633002,205,5,"score=5 skills=lead,software",no,0020_raw,,70400-120000 EUR,queued,ok,greenhouse:brex,cv_match_0020
CV20-0483,cv_match_0020,Brex,"Senior Software Engineer, Release Infra","San Francisco, California, United States",https://www.brex.com/careers/8617113002?gh_jid=8617113002,https://www.brex.com/careers/8617113002?gh_jid=8617113002,https://www.brex.com/careers/8617113002?gh_jid=8617113002,205,5,"score=5 skills=lead,software",no,0020_raw,,70400-120000 EUR,queued,ok,greenhouse:brex,cv_match_0020
CV20-0484,cv_match_0020,Brex,"Senior Software Engineer, Release Infra","Seattle, Washington, United States",https://www.brex.com/careers/8617114002?gh_jid=8617114002,https://www.brex.com/careers/8617114002?gh_jid=8617114002,https://www.brex.com/careers/8617114002?gh_jid=8617114002,205,5,"score=5 skills=lead,software",no,0020_raw,,70400-120000 EUR,queued,ok,greenhouse:brex,cv_match_0020
CV20-0485,cv_match_0020,Brex,"Senior Software Engineer, Release Infra","New York, New York, United States",https://www.brex.com/careers/8617115002?gh_jid=8617115002,https://www.brex.com/careers/8617115002?gh_jid=8617115002,https://www.brex.com/careers/8617115002?gh_jid=8617115002,205,5,"score=5 skills=lead,software",no,0020_raw,,70400-120000 EUR,queued,ok,greenhouse:brex,cv_match_0020
CV20-0486,cv_match_0020,Brex,"Senior Software Engineer, Release Infra","São Paulo, São Paulo, Brazil",https://www.brex.com/careers/8522011002?gh_jid=8522011002,https://www.brex.com/careers/8522011002?gh_jid=8522011002,https://www.brex.com/careers/8522011002?gh_jid=8522011002,205,5,"score=5 skills=lead,software",no,0020_raw,,70400-120000 EUR,queued,ok,greenhouse:brex,cv_match_0020
CV20-0487,cv_match_0020,Coinbase,Senior Software Engineer,Remote - USA,https://www.coinbase.com/careers/positions/8021647?gh_jid=8021647,https://www.coinbase.com/careers/positions/8021647?gh_jid=8021647,https://www.coinbase.com/careers/positions/8021647?gh_jid=8021647,205,5,"score=5 skills=lead,software",no,0020_raw,,70400-120000 EUR,queued,ok,greenhouse:coinbase,cv_match_0020
CV20-0488,cv_match_0020,Coinbase,Senior Software Engineer,Remote - USA,https://www.coinbase.com/careers/positions/7961318?gh_jid=7961318,https://www.coinbase.com/careers/positions/7961318?gh_jid=7961318,https://www.coinbase.com/careers/positions/7961318?gh_jid=7961318,205,5,"score=5 skills=lead,software",no,0020_raw,,70400-120000 EUR,queued,ok,greenhouse:coinbase,cv_match_0020
CV20-0489,cv_match_0020,Coinbase,Senior Software Engineer - Blockchain Network,Remote - USA,https://www.coinbase.com/careers/positions/7967649?gh_jid=7967649,https://www.coinbase.com/careers/positions/7967649?gh_jid=7967649,https://www.coinbase.com/careers/positions/7967649?gh_jid=7967649,205,5,"score=5 skills=lead,software",no,0020_raw,,70400-120000 EUR,queued,ok,greenhouse:coinbase,cv_match_0020
CV20-0490,cv_match_0020,Coinbase,"Senior Software Engineer, CDP - Money Movement",Remote - Canada,https://www.coinbase.com/careers/positions/8013129?gh_jid=8013129,https://www.coinbase.com/careers/positions/8013129?gh_jid=8013129,https://www.coinbase.com/careers/positions/8013129?gh_jid=8013129,205,5,"score=5 skills=lead,software",no,0020_raw,,70400-120000 EUR,queued,ok,greenhouse:coinbase,cv_match_0020
CV20-0491,cv_match_0020,Coinbase,"Senior Software Engineer, Consumer",Remote - Singapore,https://www.coinbase.com/careers/positions/8067033?gh_jid=8067033,https://www.coinbase.com/careers/positions/8067033?gh_jid=8067033,https://www.coinbase.com/careers/positions/8067033?gh_jid=8067033,205,5,"score=5 skills=lead,software",no,0020_raw,,70400-120000 EUR,queued,ok,greenhouse:coinbase,cv_match_0020
CV20-0492,cv_match_0020,Coinbase,"Senior Software Engineer, Data Layer",Remote - USA,https://www.coinbase.com/careers/positions/8064873?gh_jid=8064873,https://www.coinbase.com/careers/positions/8064873?gh_jid=8064873,https://www.coinbase.com/careers/positions/8064873?gh_jid=8064873,205,5,"score=5 skills=lead,software",no,0020_raw,,70400-120000 EUR,queued,ok,greenhouse:coinbase,cv_match_0020
CV20-0493,cv_match_0020,Coinbase,"Senior Software Engineer, Developer Infrastructure",Remote - USA,https://www.coinbase.com/careers/positions/7964402?gh_jid=7964402,https://www.coinbase.com/careers/positions/7964402?gh_jid=7964402,https://www.coinbase.com/careers/positions/7964402?gh_jid=7964402,205,5,"score=5 skills=lead,software",no,0020_raw,,70400-120000 EUR,queued,ok,greenhouse:coinbase,cv_match_0020
CV20-0494,cv_match_0020,Coinbase,Senior Software Engineer (EAA),Remote - USA,https://www.coinbase.com/careers/positions/7483221?gh_jid=7483221,https://www.coinbase.com/careers/positions/7483221?gh_jid=7483221,https://www.coinbase.com/careers/positions/7483221?gh_jid=7483221,205,5,"score=5 skills=lead,software",no,0020_raw,,70400-120000 EUR,queued,ok,greenhouse:coinbase,cv_match_0020
CV20-0495,cv_match_0020,Coinbase,"Senior Software Engineer, Frontend (Consumer - Payments)",Remote - USA,https://www.coinbase.com/careers/positions/8029035?gh_jid=8029035,https://www.coinbase.com/careers/positions/8029035?gh_jid=8029035,https://www.coinbase.com/careers/positions/8029035?gh_jid=8029035,205,5,"score=5 skills=lead,software",no,0020_raw,,70400-120000 EUR,queued,ok,greenhouse:coinbase,cv_match_0020
CV20-0496,cv_match_0020,Coinbase,"Senior Software Engineer, Full Stack (Coinbase Advisor - Agentic Trading)",Remote - USA,https://www.coinbase.com/careers/positions/8070574?gh_jid=8070574,https://www.coinbase.com/careers/positions/8070574?gh_jid=8070574,https://www.coinbase.com/careers/positions/8070574?gh_jid=8070574,205,5,"score=5 skills=lead,software",no,0020_raw,,70400-120000 EUR,queued,ok,greenhouse:coinbase,cv_match_0020
CV20-0497,cv_match_0020,Coinbase,"Senior Software Engineer, Infrastructure - Core Infra Systems",Remote - USA,https://www.coinbase.com/careers/positions/8026678?gh_jid=8026678,https://www.coinbase.com/careers/positions/8026678?gh_jid=8026678,https://www.coinbase.com/careers/positions/8026678?gh_jid=8026678,205,5,"score=5 skills=lead,software",no,0020_raw,,70400-120000 EUR,queued,ok,greenhouse:coinbase,cv_match_0020
CV20-0498,cv_match_0020,Coinbase,Senior Software Engineer - Trading,Remote - Singapore,https://www.coinbase.com/careers/positions/7866674?gh_jid=7866674,https://www.coinbase.com/careers/positions/7866674?gh_jid=7866674,https://www.coinbase.com/careers/positions/7866674?gh_jid=7866674,205,5,"score=5 skills=lead,software",no,0020_raw,,70400-120000 EUR,queued,ok,greenhouse:coinbase,cv_match_0020
CV20-0499,cv_match_0020,Airbnb,"Senior Software Engineer, Infrastructure",Brazil - Remote,https://careers.airbnb.com/positions/7453202?gh_jid=7453202,https://careers.airbnb.com/positions/7453202?gh_jid=7453202,https://careers.airbnb.com/positions/7453202?gh_jid=7453202,205,5,"score=5 skills=lead,software",no,0020_raw,,70400-120000 EUR,queued,ok,greenhouse:airbnb,cv_match_0020
CV20-0500,cv_match_0020,Airbnb,"Senior Software Engineer, Reliability Engineering Team",Brazil,https://careers.airbnb.com/positions/8026696?gh_jid=8026696,https://careers.airbnb.com/positions/8026696?gh_jid=8026696,https://careers.airbnb.com/positions/8026696?gh_jid=8026696,205,5,"score=5 skills=lead,software",no,0020_raw,,70400-120000 EUR,queued,ok,greenhouse:airbnb,cv_match_0020
CV20-0501,cv_match_0020,Airbnb,"Senior Software Engineer, Service Tools",Brazil,https://careers.airbnb.com/positions/8024057?gh_jid=8024057,https://careers.airbnb.com/positions/8024057?gh_jid=8024057,https://careers.airbnb.com/positions/8024057?gh_jid=8024057,205,5,"score=5 skills=lead,software",no,0020_raw,,70400-120000 EUR,queued,ok,greenhouse:airbnb,cv_match_0020
CV20-0502,cv_match_0020,Discord,"Senior Software Engineer, Ads Measurement & Targeting",San Francisco Bay Area,https://job-boards.greenhouse.io/discord/jobs/8575644002,https://job-boards.greenhouse.io/discord/jobs/8575644002,https://job-boards.greenhouse.io/discord/jobs/8575644002,205,5,"score=5 skills=lead,software",no,0020_raw,,70400-120000 EUR,queued,ok,greenhouse:discord,cv_match_0020
CV20-0503,cv_match_0020,Discord,"Senior Software Engineer, Consumer Revenue",San Francisco Bay Area,https://job-boards.greenhouse.io/discord/jobs/8460791002,https://job-boards.greenhouse.io/discord/jobs/8460791002,https://job-boards.greenhouse.io/discord/jobs/8460791002,205,5,"score=5 skills=lead,software",no,0020_raw,,70400-120000 EUR,queued,ok,greenhouse:discord,cv_match_0020
CV20-0504,cv_match_0020,Discord,"Senior Software Engineer, Enforce - Safety Processing",San Francisco Bay Area or Los Angeles Area,https://job-boards.greenhouse.io/discord/jobs/8545675002,https://job-boards.greenhouse.io/discord/jobs/8545675002,https://job-boards.greenhouse.io/discord/jobs/8545675002,205,5,"score=5 skills=lead,software",no,0020_raw,,70400-120000 EUR,queued,ok,greenhouse:discord,cv_match_0020
CV20-0505,cv_match_0020,Discord,Senior Software Engineer - Safety Processing,San Francisco Bay Area or Los Angeles Area,https://job-boards.greenhouse.io/discord/jobs/8377248002,https://job-boards.greenhouse.io/discord/jobs/8377248002,https://job-boards.greenhouse.io/discord/jobs/8377248002,205,5,"score=5 skills=lead,software",no,0020_raw,,70400-120000 EUR,queued,ok,greenhouse:discord,cv_match_0020
CV20-0506,cv_match_0020,Robinhood,Senior Cloud Engineer,"London, UK",https://boards.greenhouse.io/robinhood/jobs/8035713?t=gh_src=&gh_jid=8035713,https://boards.greenhouse.io/robinhood/jobs/8035713?t=gh_src=&gh_jid=8035713,https://boards.greenhouse.io/robinhood/jobs/8035713?t=gh_src=&gh_jid=8035713,205,5,"score=5 skills=cloud,lead",no,0020_raw,,70400-120000 EUR,queued,ok,greenhouse:robinhood,cv_match_0020
CV20-0507,cv_match_0020,Robinhood,"Senior Software Developer, Infrastructure","Toronto, Canada",https://boards.greenhouse.io/robinhood/jobs/6889390?t=gh_src=&gh_jid=6889390,https://boards.greenhouse.io/robinhood/jobs/6889390?t=gh_src=&gh_jid=6889390,https://boards.greenhouse.io/robinhood/jobs/6889390?t=gh_src=&gh_jid=6889390,205,5,"score=5 skills=lead,software",no,0020_raw,,70400-120000 EUR,queued,ok,greenhouse:robinhood,cv_match_0020
CV20-0508,cv_match_0020,Robinhood,Senior Software Engineer,"Menlo Park, CA",https://boards.greenhouse.io/robinhood/jobs/7975544?t=gh_src=&gh_jid=7975544,https://boards.greenhouse.io/robinhood/jobs/7975544?t=gh_src=&gh_jid=7975544,https://boards.greenhouse.io/robinhood/jobs/7975544?t=gh_src=&gh_jid=7975544,205,5,"score=5 skills=lead,software",no,0020_raw,,70400-120000 EUR,queued,ok,greenhouse:robinhood,cv_match_0020
CV20-0509,cv_match_0020,Robinhood,Senior Software Engineer,"Menlo Park, CA",https://boards.greenhouse.io/robinhood/jobs/7975563?t=gh_src=&gh_jid=7975563,https://boards.greenhouse.io/robinhood/jobs/7975563?t=gh_src=&gh_jid=7975563,https://boards.greenhouse.io/robinhood/jobs/7975563?t=gh_src=&gh_jid=7975563,205,5,"score=5 skills=lead,software",no,0020_raw,,70400-120000 EUR,queued,ok,greenhouse:robinhood,cv_match_0020
CV20-0510,cv_match_0020,Robinhood,Senior Software Engineer - Robinhood Command Center,"Menlo Park, CA",https://boards.greenhouse.io/robinhood/jobs/7838644?t=gh_src=&gh_jid=7838644,https://boards.greenhouse.io/robinhood/jobs/7838644?t=gh_src=&gh_jid=7838644,https://boards.greenhouse.io/robinhood/jobs/7838644?t=gh_src=&gh_jid=7838644,205,5,"score=5 skills=lead,software",no,0020_raw,,70400-120000 EUR,queued,ok,greenhouse:robinhood,cv_match_0020
CV20-0511,cv_match_0020,Robinhood,"Senior Software Engineer, Robinhood Command Center","New York, NY",https://boards.greenhouse.io/robinhood/jobs/7993511?t=gh_src=&gh_jid=7993511,https://boards.greenhouse.io/robinhood/jobs/7993511?t=gh_src=&gh_jid=7993511,https://boards.greenhouse.io/robinhood/jobs/7993511?t=gh_src=&gh_jid=7993511,205,5,"score=5 skills=lead,software",no,0020_raw,,70400-120000 EUR,queued,ok,greenhouse:robinhood,cv_match_0020
CV20-0512,cv_match_0020,Spotify,Senior Backend Engineer - Advertising,"New York, NY",https://jobs.lever.co/spotify/5b977d60-af96-435a-acf6-28c83be57888,https://jobs.lever.co/spotify/5b977d60-af96-435a-acf6-28c83be57888,https://jobs.lever.co/spotify/5b977d60-af96-435a-acf6-28c83be57888,205,5,"score=5 skills=lead,software_related",no,0020_raw,,70400-120000 EUR,queued,ok,lever:spotify,cv_match_0020
CV20-0513,cv_match_0020,Spotify,Senior Backend Engineer - Subscriptions,London,https://jobs.lever.co/spotify/c857c37d-9fdc-4103-82cc-f1d252c120c3,https://jobs.lever.co/spotify/c857c37d-9fdc-4103-82cc-f1d252c120c3,https://jobs.lever.co/spotify/c857c37d-9fdc-4103-82cc-f1d252c120c3,205,5,"score=5 skills=lead,software_related",no,0020_raw,,70400-120000 EUR,queued,ok,lever:spotify,cv_match_0020
CV20-0514,cv_match_0020,Palantir,Senior Software Engineer - Observability,"New York, NY",https://jobs.lever.co/palantir/8a95dba1-b814-4243-be14-eba1df340ceb,https://jobs.lever.co/palantir/8a95dba1-b814-4243-be14-eba1df340ceb,https://jobs.lever.co/palantir/8a95dba1-b814-4243-be14-eba1df340ceb,205,5,"score=5 skills=lead,software",no,0020_raw,,70400-120000 EUR,queued,ok,lever:palantir,cv_match_0020
CV20-0515,cv_match_0020,Pinterest,"Sr. Software Engineer, Backend","San Francisco, CA, US; Remote, US",https://www.pinterestcareers.com/jobs/?gh_jid=4902175,https://www.pinterestcareers.com/jobs/?gh_jid=4902175,https://www.pinterestcareers.com/jobs/?gh_jid=4902175,204,4,score=4 skills=software,no,0020_raw,,70400-120000 EUR,queued,ok,greenhouse:pinterest,cv_match_0020
CV20-0516,cv_match_0020,Pinterest,"Sr. Software Engineer, Backend","Toronto, ON, CA",https://www.pinterestcareers.com/jobs/?gh_jid=5572858,https://www.pinterestcareers.com/jobs/?gh_jid=5572858,https://www.pinterestcareers.com/jobs/?gh_jid=5572858,204,4,score=4 skills=software,no,0020_raw,,70400-120000 EUR,queued,ok,greenhouse:pinterest,cv_match_0020
CV20-0517,cv_match_0020,Pinterest,"Sr. Software Engineer, Machine Learning, tvScientific","San Francisco, CA, US; Remote, US",https://www.pinterestcareers.com/jobs/?gh_jid=7999050,https://www.pinterestcareers.com/jobs/?gh_jid=7999050,https://www.pinterestcareers.com/jobs/?gh_jid=7999050,203,3,"score=3 skills=ai,software",no,0020_raw,,70400-120000 EUR,queued,ok,greenhouse:pinterest,cv_match_0020
CV20-0518,cv_match_0020,Spotify,Senior Full Stack Engineer - WhoSampled,London,https://jobs.lever.co/spotify/6cd45243-8674-4313-8405-a5a0734122f6,https://jobs.lever.co/spotify/6cd45243-8674-4313-8405-a5a0734122f6,https://jobs.lever.co/spotify/6cd45243-8674-4313-8405-a5a0734122f6,203,3,score=3 skills=lead,no,0020_raw,,70400-120000 EUR,queued,ok,lever:spotify,cv_match_0020
CV20-0519,cv_match_0020,GitLab,"Staff Backend Engineer, Software Supply Chain Security","Bangalore, India",https://job-boards.greenhouse.io/gitlab/jobs/8480559002,https://job-boards.greenhouse.io/gitlab/jobs/8480559002,https://job-boards.greenhouse.io/gitlab/jobs/8480559002,62,12,"score=12 skills=devops,lead,security,software",no,0020_raw,,70400-120000 EUR,queued,ok,greenhouse:gitlab,cv_match_0020
CV20-0520,cv_match_0020,Airbnb,"Software Engineer, BizTech(Python, Java, GenAI)","Bangalore, India",https://careers.airbnb.com/positions/7902817?gh_jid=7902817,https://careers.airbnb.com/positions/7902817?gh_jid=7902817,https://careers.airbnb.com/positions/7902817?gh_jid=7902817,58,8,"score=8 skills=java,python,software",no,0020_raw,,70400-120000 EUR,queued,ok,greenhouse:airbnb,cv_match_0020
CV20-0521,cv_match_0020,Twilio,"Staff, Software Engineer (L4) - Email",Remote - US,https://job-boards.greenhouse.io/twilio/jobs/7967685,https://job-boards.greenhouse.io/twilio/jobs/7967685,https://job-boards.greenhouse.io/twilio/jobs/7967685,57,7,"score=7 skills=lead,software",no,0020_raw,,70400-120000 EUR,queued,ok,greenhouse:twilio,cv_match_0020
CV20-0522,cv_match_0020,Dropbox,"Staff Fullstack Software Engineer, Core Performance",Remote - Canada: Select locations,https://jobs.dropbox.com/listing/7421153?gh_jid=7421153,https://jobs.dropbox.com/listing/7421153?gh_jid=7421153,https://jobs.dropbox.com/listing/7421153?gh_jid=7421153,57,7,"score=7 skills=lead,software",no,0020_raw,,70400-120000 EUR,queued,ok,greenhouse:dropbox,cv_match_0020
CV20-0523,cv_match_0020,Dropbox,"Staff Fullstack Software Engineer, Core Performance",Remote - US: All locations,https://jobs.dropbox.com/listing/7421149?gh_jid=7421149,https://jobs.dropbox.com/listing/7421149?gh_jid=7421149,https://jobs.dropbox.com/listing/7421149?gh_jid=7421149,57,7,"score=7 skills=lead,software",no,0020_raw,,70400-120000 EUR,queued,ok,greenhouse:dropbox,cv_match_0020
CV20-0524,cv_match_0020,Palantir,Backend Software Engineer - Application Development,"London, United Kingdom",https://jobs.lever.co/palantir/10dfc8bc-99ad-4ca2-ab76-853cb90a92c2,https://jobs.lever.co/palantir/10dfc8bc-99ad-4ca2-ab76-853cb90a92c2,https://jobs.lever.co/palantir/10dfc8bc-99ad-4ca2-ab76-853cb90a92c2,57,7,"score=7 skills=architect,architecture,software",no,0020_raw,,70400-120000 EUR,queued,ok,lever:palantir,cv_match_0020
CV20-0525,cv_match_0020,Palantir,Backend Software Engineer - Application Development,"New York, NY",https://jobs.lever.co/palantir/ab7e3425-81d5-4705-a7b5-cd60c8a45cdb,https://jobs.lever.co/palantir/ab7e3425-81d5-4705-a7b5-cd60c8a45cdb,https://jobs.lever.co/palantir/ab7e3425-81d5-4705-a7b5-cd60c8a45cdb,57,7,"score=7 skills=architect,architecture,software",no,0020_raw,,70400-120000 EUR,queued,ok,lever:palantir,cv_match_0020
CV20-0526,cv_match_0020,Palantir,Software Engineer - Apollo Platform,"New York, NY",https://jobs.lever.co/palantir/8f308f3e-43d2-49c9-accd-cc7af0f1565c,https://jobs.lever.co/palantir/8f308f3e-43d2-49c9-accd-cc7af0f1565c,https://jobs.lever.co/palantir/8f308f3e-43d2-49c9-accd-cc7af0f1565c,56,6,"score=6 skills=cloud,software",no,0020_raw,,70400-120000 EUR,queued,ok,lever:palantir,cv_match_0020
CV20-0527,cv_match_0020,Palantir,Software Engineer - Apollo Platform,"Seattle, WA",https://jobs.lever.co/palantir/afea07a8-2721-45e6-a9ca-6580f3f9783c,https://jobs.lever.co/palantir/afea07a8-2721-45e6-a9ca-6580f3f9783c,https://jobs.lever.co/palantir/afea07a8-2721-45e6-a9ca-6580f3f9783c,56,6,"score=6 skills=cloud,software",no,0020_raw,,70400-120000 EUR,queued,ok,lever:palantir,cv_match_0020
CV20-0528,cv_match_0020,Palantir,Software Engineer - Apollo Platform,"London, United Kingdom",https://jobs.lever.co/palantir/f75cb0d2-6608-450b-848e-0f27937c930d,https://jobs.lever.co/palantir/f75cb0d2-6608-450b-848e-0f27937c930d,https://jobs.lever.co/palantir/f75cb0d2-6608-450b-848e-0f27937c930d,56,6,"score=6 skills=cloud,software",no,0020_raw,,70400-120000 EUR,queued,ok,lever:palantir,cv_match_0020
CV20-0529,cv_match_0020,Palantir,Software Engineer - Edge,"Washington, D.C.",https://jobs.lever.co/palantir/397fb983-47b7-4a53-a7df-f080f43f7720,https://jobs.lever.co/palantir/397fb983-47b7-4a53-a7df-f080f43f7720,https://jobs.lever.co/palantir/397fb983-47b7-4a53-a7df-f080f43f7720,56,6,"score=6 skills=architecture,cloud,software",no,0020_raw,,70400-120000 EUR,queued,ok,lever:palantir,cv_match_0020
CV20-0530,cv_match_0020,Palantir,Software Engineer - Environment Platform,"Seattle, WA",https://jobs.lever.co/palantir/cd2423c6-da68-430c-8be5-0ae7eea36497,https://jobs.lever.co/palantir/cd2423c6-da68-430c-8be5-0ae7eea36497,https://jobs.lever.co/palantir/cd2423c6-da68-430c-8be5-0ae7eea36497,56,6,"score=6 skills=containers,integration,software",no,0020_raw,,70400-120000 EUR,queued,ok,lever:palantir,cv_match_0020
CV20-0531,cv_match_0020,Palantir,Software Engineer - Environment Platform,"New York, NY",https://jobs.lever.co/palantir/d5d83a8f-cb96-41cc-9612-c7224fbb2fbc,https://jobs.lever.co/palantir/d5d83a8f-cb96-41cc-9612-c7224fbb2fbc,https://jobs.lever.co/palantir/d5d83a8f-cb96-41cc-9612-c7224fbb2fbc,56,6,"score=6 skills=containers,integration,software",no,0020_raw,,70400-120000 EUR,queued,ok,lever:palantir,cv_match_0020
CV20-0532,cv_match_0020,Palantir,Software Engineer - Mission Manager,"Washington, D.C.",https://jobs.lever.co/palantir/8aec0fba-0ac9-48a5-8f54-f2d8465d6698,https://jobs.lever.co/palantir/8aec0fba-0ac9-48a5-8f54-f2d8465d6698,https://jobs.lever.co/palantir/8aec0fba-0ac9-48a5-8f54-f2d8465d6698,56,6,"score=6 skills=cloud,containers,integration,software",no,0020_raw,,70400-120000 EUR,queued,ok,lever:palantir,cv_match_0020
CV20-0533,cv_match_0020,Palantir,Software Engineer - Mission Manager,"New York, NY",https://jobs.lever.co/palantir/c0b60d64-1244-4270-9d55-14115c97c24b,https://jobs.lever.co/palantir/c0b60d64-1244-4270-9d55-14115c97c24b,https://jobs.lever.co/palantir/c0b60d64-1244-4270-9d55-14115c97c24b,56,6,"score=6 skills=cloud,containers,integration,software",no,0020_raw,,70400-120000 EUR,queued,ok,lever:palantir,cv_match_0020
CV20-0534,cv_match_0020,Palantir,Software Engineer - Mission Manager,"Seattle, WA",https://jobs.lever.co/palantir/e168a922-a2f0-45d0-912c-678d66e15118,https://jobs.lever.co/palantir/e168a922-a2f0-45d0-912c-678d66e15118,https://jobs.lever.co/palantir/e168a922-a2f0-45d0-912c-678d66e15118,56,6,"score=6 skills=cloud,containers,integration,software",no,0020_raw,,70400-120000 EUR,queued,ok,lever:palantir,cv_match_0020
CV20-0535,cv_match_0020,Stripe,"Software Engineer, Product Security Data Platforms",Seattle,https://stripe.com/jobs/search?gh_jid=8039800,https://stripe.com/jobs/search?gh_jid=8039800,https://stripe.com/jobs/search?gh_jid=8039800,55,5,"score=5 skills=security,software",no,0020_raw,,70400-120000 EUR,queued,ok,greenhouse:stripe,cv_match_0020
CV20-0536,cv_match_0020,Stripe,"Software Engineer, Product Security Data Platforms",Seattle,https://stripe.com/jobs/search?gh_jid=7761694,https://stripe.com/jobs/search?gh_jid=7761694,https://stripe.com/jobs/search?gh_jid=7761694,55,5,"score=5 skills=security,software",no,0020_raw,,70400-120000 EUR,queued,ok,greenhouse:stripe,cv_match_0020
CV20-0537,cv_match_0020,Figma,"Software Engineer, AI Platforms","San Francisco, CA • New York, NY • United States",https://boards.greenhouse.io/figma/jobs/5691886004?gh_jid=5691886004,https://boards.greenhouse.io/figma/jobs/5691886004?gh_jid=5691886004,https://boards.greenhouse.io/figma/jobs/5691886004?gh_jid=5691886004,55,5,"score=5 skills=ai,software",no,0020_raw,,70400-120000 EUR,queued,ok,greenhouse:figma,cv_match_0020
CV20-0538,cv_match_0020,Palantir,Backend Software Engineer - Infrastructure,"New York, NY",https://jobs.lever.co/palantir/6fe5515f-f677-4d98-8ac2-1775a425f5e7,https://jobs.lever.co/palantir/6fe5515f-f677-4d98-8ac2-1775a425f5e7,https://jobs.lever.co/palantir/6fe5515f-f677-4d98-8ac2-1775a425f5e7,55,5,"score=5 skills=security,software",no,0020_raw,,70400-120000 EUR,queued,ok,lever:palantir,cv_match_0020
CV20-0539,cv_match_0020,Palantir,Backend Software Engineer - Infrastructure,"London, United Kingdom",https://jobs.lever.co/palantir/f70cdff7-c62f-4b73-a136-909e5e3d1891,https://jobs.lever.co/palantir/f70cdff7-c62f-4b73-a136-909e5e3d1891,https://jobs.lever.co/palantir/f70cdff7-c62f-4b73-a136-909e5e3d1891,55,5,"score=5 skills=security,software",no,0020_raw,,70400-120000 EUR,queued,ok,lever:palantir,cv_match_0020
CV20-0540,cv_match_0020,Palantir,"Backend Software Engineer - Infrastructure, Foundations","New York, NY",https://jobs.lever.co/palantir/fb2d3222-dbd8-4e03-8d39-47b820e9509c,https://jobs.lever.co/palantir/fb2d3222-dbd8-4e03-8d39-47b820e9509c,https://jobs.lever.co/palantir/fb2d3222-dbd8-4e03-8d39-47b820e9509c,55,5,"score=5 skills=security,software",no,0020_raw,,70400-120000 EUR,queued,ok,lever:palantir,cv_match_0020
CV20-0541,cv_match_0020,Palantir,Forward Deployed Software Engineer,"Seoul, South Korea",https://jobs.lever.co/palantir/1bb19522-3936-4adc-9ced-c3df8b5900b9,https://jobs.lever.co/palantir/1bb19522-3936-4adc-9ced-c3df8b5900b9,https://jobs.lever.co/palantir/1bb19522-3936-4adc-9ced-c3df8b5900b9,55,5,"score=5 skills=ai,architecture,software",no,0020_raw,,70400-120000 EUR,queued,ok,lever:palantir,cv_match_0020
CV20-0542,cv_match_0020,Palantir,Forward Deployed Software Engineer,"London, United Kingdom",https://jobs.lever.co/palantir/5168e8fd-fec1-4fea-b7a1-81bdaea65850,https://jobs.lever.co/palantir/5168e8fd-fec1-4fea-b7a1-81bdaea65850,https://jobs.lever.co/palantir/5168e8fd-fec1-4fea-b7a1-81bdaea65850,55,5,"score=5 skills=ai,architecture,software",no,0020_raw,,70400-120000 EUR,queued,ok,lever:palantir,cv_match_0020
CV20-0543,cv_match_0020,Palantir,Forward Deployed Software Engineer,"New York, NY",https://jobs.lever.co/palantir/dab396d4-2f14-4796-aac0-0d82883dccf0,https://jobs.lever.co/palantir/dab396d4-2f14-4796-aac0-0d82883dccf0,https://jobs.lever.co/palantir/dab396d4-2f14-4796-aac0-0d82883dccf0,55,5,"score=5 skills=ai,architecture,software",no,0020_raw,,70400-120000 EUR,queued,ok,lever:palantir,cv_match_0020
CV20-0544,cv_match_0020,Palantir,Forward Deployed Software Engineer - Intel,"Washington, D.C.",https://jobs.lever.co/palantir/34b3a697-6e22-4751-befd-0b7921abbd5f,https://jobs.lever.co/palantir/34b3a697-6e22-4751-befd-0b7921abbd5f,https://jobs.lever.co/palantir/34b3a697-6e22-4751-befd-0b7921abbd5f,55,5,"score=5 skills=integration,lead,software",no,0020_raw,,70400-120000 EUR,queued,ok,lever:palantir,cv_match_0020
CV20-0545,cv_match_0020,Palantir,Forward Deployed Software Engineer - Japan Forward Deployed,"Washington, D.C.",https://jobs.lever.co/palantir/8aba5995-653d-4805-96e8-24488e6abf37,https://jobs.lever.co/palantir/8aba5995-653d-4805-96e8-24488e6abf37,https://jobs.lever.co/palantir/8aba5995-653d-4805-96e8-24488e6abf37,55,5,"score=5 skills=integration,lead,software",no,0020_raw,,70400-120000 EUR,queued,ok,lever:palantir,cv_match_0020
CV20-0546,cv_match_0020,Palantir,Forward Deployed Software Engineer - Korea Forward Deployed,"Washington, D.C.",https://jobs.lever.co/palantir/a39bf84c-6648-4871-bd07-9b882d401c4c,https://jobs.lever.co/palantir/a39bf84c-6648-4871-bd07-9b882d401c4c,https://jobs.lever.co/palantir/a39bf84c-6648-4871-bd07-9b882d401c4c,55,5,"score=5 skills=integration,lead,software",no,0020_raw,,70400-120000 EUR,queued,ok,lever:palantir,cv_match_0020
CV20-0547,cv_match_0020,Palantir,Forward Deployed Software Engineer - UK Government,"London, United Kingdom",https://jobs.lever.co/palantir/57a3f928-e7d3-4037-8196-b38e2f867152,https://jobs.lever.co/palantir/57a3f928-e7d3-4037-8196-b38e2f867152,https://jobs.lever.co/palantir/57a3f928-e7d3-4037-8196-b38e2f867152,55,5,"score=5 skills=integration,lead,software",no,0020_raw,,70400-120000 EUR,queued,ok,lever:palantir,cv_match_0020
CV20-0548,cv_match_0020,Palantir,Forward Deployed Software Engineer - US Government,"San Diego, CA",https://jobs.lever.co/palantir/84131e3f-455e-47fc-9c11-898d95f09048,https://jobs.lever.co/palantir/84131e3f-455e-47fc-9c11-898d95f09048,https://jobs.lever.co/palantir/84131e3f-455e-47fc-9c11-898d95f09048,55,5,"score=5 skills=integration,lead,software",no,0020_raw,,70400-120000 EUR,queued,ok,lever:palantir,cv_match_0020
CV20-0549,cv_match_0020,Palantir,Forward Deployed Software Engineer - US Government,"Honolulu, HI",https://jobs.lever.co/palantir/ce8ca664-60dc-4f9a-8986-3c96673bcfdf,https://jobs.lever.co/palantir/ce8ca664-60dc-4f9a-8986-3c96673bcfdf,https://jobs.lever.co/palantir/ce8ca664-60dc-4f9a-8986-3c96673bcfdf,55,5,"score=5 skills=integration,lead,software",no,0020_raw,,70400-120000 EUR,queued,ok,lever:palantir,cv_match_0020
CV20-0550,cv_match_0020,Palantir,Forward Deployed Software Engineer - US Government,"Fayetteville, NC",https://jobs.lever.co/palantir/d83fac1c-353e-4b77-a586-3276b1090b6e,https://jobs.lever.co/palantir/d83fac1c-353e-4b77-a586-3276b1090b6e,https://jobs.lever.co/palantir/d83fac1c-353e-4b77-a586-3276b1090b6e,55,5,"score=5 skills=integration,lead,software",no,0020_raw,,70400-120000 EUR,queued,ok,lever:palantir,cv_match_0020
CV20-0551,cv_match_0020,Palantir,Forward Deployed Software Engineer - US Government,"New York, NY",https://jobs.lever.co/palantir/e82b696e-a085-4bbf-8bcb-6d2c4f8cf2f7,https://jobs.lever.co/palantir/e82b696e-a085-4bbf-8bcb-6d2c4f8cf2f7,https://jobs.lever.co/palantir/e82b696e-a085-4bbf-8bcb-6d2c4f8cf2f7,55,5,"score=5 skills=integration,lead,software",no,0020_raw,,70400-120000 EUR,queued,ok,lever:palantir,cv_match_0020
CV20-0552,cv_match_0020,Palantir,Forward Deployed Software Engineer - US Government - Federal Health and Civilian,"New York, NY",https://jobs.lever.co/palantir/be4ab5cb-9caa-4c2a-97b9-c73805fca4fc,https://jobs.lever.co/palantir/be4ab5cb-9caa-4c2a-97b9-c73805fca4fc,https://jobs.lever.co/palantir/be4ab5cb-9caa-4c2a-97b9-c73805fca4fc,55,5,"score=5 skills=ai,architecture,software",no,0020_raw,,70400-120000 EUR,queued,ok,lever:palantir,cv_match_0020
CV20-0553,cv_match_0020,Palantir,Forward Deployed Software Engineer - US Government - Federal Health and Civilian,"Washington, D.C.",https://jobs.lever.co/palantir/e7100322-be11-40c8-9dba-7a21b7302c08,https://jobs.lever.co/palantir/e7100322-be11-40c8-9dba-7a21b7302c08,https://jobs.lever.co/palantir/e7100322-be11-40c8-9dba-7a21b7302c08,55,5,"score=5 skills=ai,architecture,software",no,0020_raw,,70400-120000 EUR,queued,ok,lever:palantir,cv_match_0020
CV20-0554,cv_match_0020,Palantir,Software Engineer - Apollo Systems,"New York, NY",https://jobs.lever.co/palantir/832e4652-5088-4e5b-aeac-1e82ec3ebad4,https://jobs.lever.co/palantir/832e4652-5088-4e5b-aeac-1e82ec3ebad4,https://jobs.lever.co/palantir/832e4652-5088-4e5b-aeac-1e82ec3ebad4,55,5,"score=5 skills=cloud,containers,software",no,0020_raw,,70400-120000 EUR,queued,ok,lever:palantir,cv_match_0020
CV20-0555,cv_match_0020,Palantir,Software Engineer - Apollo Systems,"Seattle, WA",https://jobs.lever.co/palantir/e47d4410-2542-47d8-b558-b5295fc28821,https://jobs.lever.co/palantir/e47d4410-2542-47d8-b558-b5295fc28821,https://jobs.lever.co/palantir/e47d4410-2542-47d8-b558-b5295fc28821,55,5,"score=5 skills=cloud,containers,software",no,0020_raw,,70400-120000 EUR,queued,ok,lever:palantir,cv_match_0020
CV20-0556,cv_match_0020,Stripe,"Software Engineer, New Grad, Developer & End User Experience Platform",Toronto,https://stripe.com/jobs/search?gh_jid=7991718,https://stripe.com/jobs/search?gh_jid=7991718,https://stripe.com/jobs/search?gh_jid=7991718,54,4,score=4 skills=software,no,0020_raw,,70400-120000 EUR,queued,ok,greenhouse:stripe,cv_match_0020
CV20-0557,cv_match_0020,Cloudflare,Software Engineer - Network Platforms,Hybrid,https://boards.greenhouse.io/cloudflare/jobs/7541032?gh_jid=7541032,https://boards.greenhouse.io/cloudflare/jobs/7541032?gh_jid=7541032,https://boards.greenhouse.io/cloudflare/jobs/7541032?gh_jid=7541032,54,4,score=4 skills=software,no,0020_raw,,70400-120000 EUR,queued,ok,greenhouse:cloudflare,cv_match_0020
CV20-0558,cv_match_0020,Airtable,"Software Engineer, Product Backend (8+ YOE)","San Francisco, CA; New York, NY",https://job-boards.greenhouse.io/airtable/jobs/8397618002,https://job-boards.greenhouse.io/airtable/jobs/8397618002,https://job-boards.greenhouse.io/airtable/jobs/8397618002,54,4,score=4 skills=software,no,0020_raw,,70400-120000 EUR,queued,ok,greenhouse:airtable,cv_match_0020
CV20-0559,cv_match_0020,Twilio,Software Engineer L2 - Cloud Infrastructure,Remote - US,https://job-boards.greenhouse.io/twilio/jobs/7434770,https://job-boards.greenhouse.io/twilio/jobs/7434770,https://job-boards.greenhouse.io/twilio/jobs/7434770,54,4,"score=4 skills=cloud,software",no,0020_raw,,70400-120000 EUR,queued,ok,greenhouse:twilio,cv_match_0020
CV20-0560,cv_match_0020,Asana,Backend Software Engineer,Reykjavík,https://www.asana.com/jobs/apply/7964297?gh_jid=7964297,https://www.asana.com/jobs/apply/7964297?gh_jid=7964297,https://www.asana.com/jobs/apply/7964297?gh_jid=7964297,54,4,score=4 skills=software,no,0020_raw,,70400-120000 EUR,queued,ok,greenhouse:asana,cv_match_0020
CV20-0561,cv_match_0020,Pinterest,"Software Engineer I, Backend","Seattle, WA, US; San Francisco, CA, US",https://www.pinterestcareers.com/jobs/?gh_jid=6816337,https://www.pinterestcareers.com/jobs/?gh_jid=6816337,https://www.pinterestcareers.com/jobs/?gh_jid=6816337,54,4,score=4 skills=software,no,0020_raw,,70400-120000 EUR,queued,ok,greenhouse:pinterest,cv_match_0020
CV20-0562,cv_match_0020,Pinterest,"Software Engineer II, Backend","Toronto, ON, CA",https://www.pinterestcareers.com/jobs/?gh_jid=5132899,https://www.pinterestcareers.com/jobs/?gh_jid=5132899,https://www.pinterestcareers.com/jobs/?gh_jid=5132899,54,4,score=4 skills=software,no,0020_raw,,70400-120000 EUR,queued,ok,greenhouse:pinterest,cv_match_0020
CV20-0563,cv_match_0020,Pinterest,"Software Engineer II, Backend","San Francisco, CA, US; Seattle, WA, US",https://www.pinterestcareers.com/jobs/?gh_jid=4813946,https://www.pinterestcareers.com/jobs/?gh_jid=4813946,https://www.pinterestcareers.com/jobs/?gh_jid=4813946,54,4,score=4 skills=software,no,0020_raw,,70400-120000 EUR,queued,ok,greenhouse:pinterest,cv_match_0020
CV20-0564,cv_match_0020,Pinterest,"Software Engineer II, Backend, tvScientific","San Francisco, CA, US; Remote, US",https://www.pinterestcareers.com/jobs/?gh_jid=7782552,https://www.pinterestcareers.com/jobs/?gh_jid=7782552,https://www.pinterestcareers.com/jobs/?gh_jid=7782552,54,4,score=4 skills=software,no,0020_raw,,70400-120000 EUR,queued,ok,greenhouse:pinterest,cv_match_0020
CV20-0565,cv_match_0020,Reddit,Software Engineer - Data Movement Platform,Remote - United States,https://job-boards.greenhouse.io/reddit/jobs/7997866,https://job-boards.greenhouse.io/reddit/jobs/7997866,https://job-boards.greenhouse.io/reddit/jobs/7997866,54,4,score=4 skills=software,no,0020_raw,,70400-120000 EUR,queued,ok,greenhouse:reddit,cv_match_0020
CV20-0566,cv_match_0020,Brex,"Software Engineer II, Backend","São Paulo, São Paulo, Brazil",https://www.brex.com/careers/8545586002?gh_jid=8545586002,https://www.brex.com/careers/8545586002?gh_jid=8545586002,https://www.brex.com/careers/8545586002?gh_jid=8545586002,54,4,score=4 skills=software,no,0020_raw,,70400-120000 EUR,queued,ok,greenhouse:brex,cv_match_0020
CV20-0567,cv_match_0020,Brex,"Software Engineer II, Backend","San Francisco, California, United States",https://www.brex.com/careers/8459783002?gh_jid=8459783002,https://www.brex.com/careers/8459783002?gh_jid=8459783002,https://www.brex.com/careers/8459783002?gh_jid=8459783002,54,4,score=4 skills=software,no,0020_raw,,70400-120000 EUR,queued,ok,greenhouse:brex,cv_match_0020
CV20-0568,cv_match_0020,Brex,"Software Engineer II, Backend","Vancouver, British Columbia, Canada",https://www.brex.com/careers/8603327002?gh_jid=8603327002,https://www.brex.com/careers/8603327002?gh_jid=8603327002,https://www.brex.com/careers/8603327002?gh_jid=8603327002,54,4,score=4 skills=software,no,0020_raw,,70400-120000 EUR,queued,ok,greenhouse:brex,cv_match_0020
CV20-0569,cv_match_0020,Brex,"Software Engineer II, Backend","New York, New York, United States",https://www.brex.com/careers/8536424002?gh_jid=8536424002,https://www.brex.com/careers/8536424002?gh_jid=8536424002,https://www.brex.com/careers/8536424002?gh_jid=8536424002,54,4,score=4 skills=software,no,0020_raw,,70400-120000 EUR,queued,ok,greenhouse:brex,cv_match_0020
CV20-0570,cv_match_0020,Brex,"Software Engineer II, Cloud Infrastructure","São Paulo, São Paulo, Brazil",https://www.brex.com/careers/8587789002?gh_jid=8587789002,https://www.brex.com/careers/8587789002?gh_jid=8587789002,https://www.brex.com/careers/8587789002?gh_jid=8587789002,54,4,"score=4 skills=cloud,software",no,0020_raw,,70400-120000 EUR,queued,ok,greenhouse:brex,cv_match_0020
CV20-0571,cv_match_0020,Coinbase,Software Engineer - Salesforce Platform (EAA),Remote - USA,https://www.coinbase.com/careers/positions/7652048?gh_jid=7652048,https://www.coinbase.com/careers/positions/7652048?gh_jid=7652048,https://www.coinbase.com/careers/positions/7652048?gh_jid=7652048,54,4,score=4 skills=software,no,0020_raw,,70400-120000 EUR,queued,ok,greenhouse:coinbase,cv_match_0020
CV20-0572,cv_match_0020,Airbnb,"Software Engineer, Cloud Networking",Remote - USA or Canada,https://careers.airbnb.com/positions/8037090?gh_jid=8037090,https://careers.airbnb.com/positions/8037090?gh_jid=8037090,https://careers.airbnb.com/positions/8037090?gh_jid=8037090,54,4,"score=4 skills=cloud,software",no,0020_raw,,70400-120000 EUR,queued,ok,greenhouse:airbnb,cv_match_0020
CV20-0573,cv_match_0020,Airbnb,"Software Engineer, Quality Platform",Brazil,https://careers.airbnb.com/positions/8077506?gh_jid=8077506,https://careers.airbnb.com/positions/8077506?gh_jid=8077506,https://careers.airbnb.com/positions/8077506?gh_jid=8077506,54,4,score=4 skills=software,no,0020_raw,,70400-120000 EUR,queued,ok,greenhouse:airbnb,cv_match_0020
CV20-0574,cv_match_0020,Discord,"Software Engineer, Data Platform",San Francisco Bay Area,https://job-boards.greenhouse.io/discord/jobs/8396927002,https://job-boards.greenhouse.io/discord/jobs/8396927002,https://job-boards.greenhouse.io/discord/jobs/8396927002,54,4,score=4 skills=software,no,0020_raw,,70400-120000 EUR,queued,ok,greenhouse:discord,cv_match_0020
CV20-0575,cv_match_0020,Robinhood,"Software Engineer, Backend","Menlo Park, CA",https://boards.greenhouse.io/robinhood/jobs/7263592?t=gh_src=&gh_jid=7263592,https://boards.greenhouse.io/robinhood/jobs/7263592?t=gh_src=&gh_jid=7263592,https://boards.greenhouse.io/robinhood/jobs/7263592?t=gh_src=&gh_jid=7263592,54,4,score=4 skills=software,no,0020_raw,,70400-120000 EUR,queued,ok,greenhouse:robinhood,cv_match_0020
CV20-0576,cv_match_0020,Palantir,Backend Software Engineer - Defense,"Washington, D.C.",https://jobs.lever.co/palantir/1345438c-ebfc-4fa5-b545-30c1414f317c,https://jobs.lever.co/palantir/1345438c-ebfc-4fa5-b545-30c1414f317c,https://jobs.lever.co/palantir/1345438c-ebfc-4fa5-b545-30c1414f317c,54,4,score=4 skills=software,no,0020_raw,,70400-120000 EUR,queued,ok,lever:palantir,cv_match_0020
CV20-0577,cv_match_0020,Palantir,Backend Software Engineer - Defense,"Palo Alto, CA",https://jobs.lever.co/palantir/a8174f9c-6f46-46b4-8e15-d1ff9e37c9eb,https://jobs.lever.co/palantir/a8174f9c-6f46-46b4-8e15-d1ff9e37c9eb,https://jobs.lever.co/palantir/a8174f9c-6f46-46b4-8e15-d1ff9e37c9eb,54,4,score=4 skills=software,no,0020_raw,,70400-120000 EUR,queued,ok,lever:palantir,cv_match_0020
CV20-0578,cv_match_0020,Palantir,Backend Software Engineer - Defense,"New York, NY",https://jobs.lever.co/palantir/d33e0c31-ac7e-4f57-ba74-36f2df6ae2f5,https://jobs.lever.co/palantir/d33e0c31-ac7e-4f57-ba74-36f2df6ae2f5,https://jobs.lever.co/palantir/d33e0c31-ac7e-4f57-ba74-36f2df6ae2f5,54,4,score=4 skills=software,no,0020_raw,,70400-120000 EUR,queued,ok,lever:palantir,cv_match_0020
CV20-0579,cv_match_0020,Palantir,Forward Deployed Software Engineer,"Amsterdam, Netherlands",https://jobs.lever.co/palantir/492a16bb-6b9f-457e-82c3-294e1a2c565d,https://jobs.lever.co/palantir/492a16bb-6b9f-457e-82c3-294e1a2c565d,https://jobs.lever.co/palantir/492a16bb-6b9f-457e-82c3-294e1a2c565d,54,4,"score=4 skills=architecture,software",no,0020_raw,,70400-120000 EUR,queued,ok,lever:palantir,cv_match_0020
CV20-0580,cv_match_0020,Palantir,Forward Deployed Software Engineer,"Dubai, United Arab Emirates",https://jobs.lever.co/palantir/8148182c-6127-4689-b615-7815a94173bb,https://jobs.lever.co/palantir/8148182c-6127-4689-b615-7815a94173bb,https://jobs.lever.co/palantir/8148182c-6127-4689-b615-7815a94173bb,54,4,"score=4 skills=architecture,software",no,0020_raw,,70400-120000 EUR,queued,ok,lever:palantir,cv_match_0020
CV20-0581,cv_match_0020,Palantir,Forward Deployed Software Engineer,"Abu Dhabi, United Arab Emirates",https://jobs.lever.co/palantir/90aa8748-3fef-4e2b-9ea9-c4dc5f37f0d2,https://jobs.lever.co/palantir/90aa8748-3fef-4e2b-9ea9-c4dc5f37f0d2,https://jobs.lever.co/palantir/90aa8748-3fef-4e2b-9ea9-c4dc5f37f0d2,54,4,"score=4 skills=architecture,software",no,0020_raw,,70400-120000 EUR,queued,ok,lever:palantir,cv_match_0020
CV20-0582,cv_match_0020,Palantir,Forward Deployed Software Engineer,"Vilnius, Lithuania",https://jobs.lever.co/palantir/98b81271-9e15-40b7-8dce-0c62f24702f9,https://jobs.lever.co/palantir/98b81271-9e15-40b7-8dce-0c62f24702f9,https://jobs.lever.co/palantir/98b81271-9e15-40b7-8dce-0c62f24702f9,54,4,"score=4 skills=architecture,software",no,0020_raw,,70400-120000 EUR,queued,ok,lever:palantir,cv_match_0020
CV20-0583,cv_match_0020,Palantir,Forward Deployed Software Engineer,"Tel Aviv, Israel",https://jobs.lever.co/palantir/c4442730-2926-41ad-8c0e-5e5a6b4d14ae,https://jobs.lever.co/palantir/c4442730-2926-41ad-8c0e-5e5a6b4d14ae,https://jobs.lever.co/palantir/c4442730-2926-41ad-8c0e-5e5a6b4d14ae,54,4,"score=4 skills=architecture,software",no,0020_raw,,70400-120000 EUR,queued,ok,lever:palantir,cv_match_0020
CV20-0584,cv_match_0020,Palantir,Forward Deployed Software Engineer,"Stockholm, Sweden",https://jobs.lever.co/palantir/d084b769-6f53-4409-afa8-c183b059b384,https://jobs.lever.co/palantir/d084b769-6f53-4409-afa8-c183b059b384,https://jobs.lever.co/palantir/d084b769-6f53-4409-afa8-c183b059b384,54,4,"score=4 skills=architecture,software",no,0020_raw,,70400-120000 EUR,queued,ok,lever:palantir,cv_match_0020
CV20-0585,cv_match_0020,Palantir,Forward Deployed Software Engineer - AUS Government,"Canberra, Australia",https://jobs.lever.co/palantir/8f15d728-99cc-4003-9add-928bd72a7f30,https://jobs.lever.co/palantir/8f15d728-99cc-4003-9add-928bd72a7f30,https://jobs.lever.co/palantir/8f15d728-99cc-4003-9add-928bd72a7f30,54,4,"score=4 skills=architecture,software",no,0020_raw,,70400-120000 EUR,queued,ok,lever:palantir,cv_match_0020
CV20-0586,cv_match_0020,Palantir,Forward Deployed Software Engineer - AUS Government,"Sydney, Australia",https://jobs.lever.co/palantir/909875b4-1940-41bd-b08d-a269c7235100,https://jobs.lever.co/palantir/909875b4-1940-41bd-b08d-a269c7235100,https://jobs.lever.co/palantir/909875b4-1940-41bd-b08d-a269c7235100,54,4,"score=4 skills=architecture,software",no,0020_raw,,70400-120000 EUR,queued,ok,lever:palantir,cv_match_0020
CV20-0587,cv_match_0020,Palantir,Forward Deployed Software Engineer - Japan Government,"Tokyo, Japan",https://jobs.lever.co/palantir/12e94938-55cb-4ad9-9c05-405ebc9ef430,https://jobs.lever.co/palantir/12e94938-55cb-4ad9-9c05-405ebc9ef430,https://jobs.lever.co/palantir/12e94938-55cb-4ad9-9c05-405ebc9ef430,54,4,"score=4 skills=architecture,software",no,0020_raw,,70400-120000 EUR,queued,ok,lever:palantir,cv_match_0020
CV20-0588,cv_match_0020,Palantir,Forward Deployed Software Engineer - NATO,"London, United Kingdom",https://jobs.lever.co/palantir/73d1a90c-162d-4cb6-9e0c-4c8de9561ad0,https://jobs.lever.co/palantir/73d1a90c-162d-4cb6-9e0c-4c8de9561ad0,https://jobs.lever.co/palantir/73d1a90c-162d-4cb6-9e0c-4c8de9561ad0,54,4,"score=4 skills=architecture,software",no,0020_raw,,70400-120000 EUR,queued,ok,lever:palantir,cv_match_0020
CV20-0589,cv_match_0020,Palantir,Forward Deployed Software Engineer - Norwegian Government,"Oslo, Norway",https://jobs.lever.co/palantir/0a0d2db2-75a5-48e4-b0a0-81baa6588e36,https://jobs.lever.co/palantir/0a0d2db2-75a5-48e4-b0a0-81baa6588e36,https://jobs.lever.co/palantir/0a0d2db2-75a5-48e4-b0a0-81baa6588e36,54,4,"score=4 skills=architecture,software",no,0020_raw,,70400-120000 EUR,queued,ok,lever:palantir,cv_match_0020
CV20-0590,cv_match_0020,Palantir,Forward Deployed Software Engineer - Spain,"Madrid, Spain",https://jobs.lever.co/palantir/53fb4c05-f949-4146-a046-5c063c36a628,https://jobs.lever.co/palantir/53fb4c05-f949-4146-a046-5c063c36a628,https://jobs.lever.co/palantir/53fb4c05-f949-4146-a046-5c063c36a628,54,4,"score=4 skills=architecture,software",no,0020_raw,,70400-120000 EUR,queued,ok,lever:palantir,cv_match_0020
CV20-0591,cv_match_0020,Palantir,Forward Deployed Software Engineer - US Government,"Washington, D.C.",https://jobs.lever.co/palantir/289ad049-7b4e-41e3-8a39-146fbeb6fb64,https://jobs.lever.co/palantir/289ad049-7b4e-41e3-8a39-146fbeb6fb64,https://jobs.lever.co/palantir/289ad049-7b4e-41e3-8a39-146fbeb6fb64,54,4,"score=4 skills=architecture,software",no,0020_raw,,70400-120000 EUR,queued,ok,lever:palantir,cv_match_0020
CV20-0592,cv_match_0020,Palantir,Forward Deployed Software Engineer - Warp Speed,"New York, NY",https://jobs.lever.co/palantir/13f99633-43b5-4459-8e84-25073f257c18,https://jobs.lever.co/palantir/13f99633-43b5-4459-8e84-25073f257c18,https://jobs.lever.co/palantir/13f99633-43b5-4459-8e84-25073f257c18,54,4,"score=4 skills=architecture,software",no,0020_raw,,70400-120000 EUR,queued,ok,lever:palantir,cv_match_0020
CV20-0593,cv_match_0020,Palantir,"Forward Deployed Software Engineer, New Grad - Intel, US Government","Washington, D.C.",https://jobs.lever.co/palantir/fbca0358-083a-4222-bdbb-3bd729b48382,https://jobs.lever.co/palantir/fbca0358-083a-4222-bdbb-3bd729b48382,https://jobs.lever.co/palantir/fbca0358-083a-4222-bdbb-3bd729b48382,54,4,"score=4 skills=architecture,software",no,0020_raw,,70400-120000 EUR,queued,ok,lever:palantir,cv_match_0020
CV20-0594,cv_match_0020,Palantir,"Forward Deployed Software Engineer, New Grad - US Government","Washington, D.C.",https://jobs.lever.co/palantir/cbe90327-3e6e-451c-a54c-1d3cbcef5aeb,https://jobs.lever.co/palantir/cbe90327-3e6e-451c-a54c-1d3cbcef5aeb,https://jobs.lever.co/palantir/cbe90327-3e6e-451c-a54c-1d3cbcef5aeb,54,4,"score=4 skills=architecture,software",no,0020_raw,,70400-120000 EUR,queued,ok,lever:palantir,cv_match_0020
CV20-0595,cv_match_0020,Palantir,"Forward Deployed Software Engineer, New Grad - US Government","New York, NY",https://jobs.lever.co/palantir/d1ac83d0-e923-42a5-8e6d-58dd0cab25ca,https://jobs.lever.co/palantir/d1ac83d0-e923-42a5-8e6d-58dd0cab25ca,https://jobs.lever.co/palantir/d1ac83d0-e923-42a5-8e6d-58dd0cab25ca,54,4,"score=4 skills=architecture,software",no,0020_raw,,70400-120000 EUR,queued,ok,lever:palantir,cv_match_0020
CV20-0596,cv_match_0020,Palantir,Full Stack Software Engineer - Application Development,"New York, NY",https://jobs.lever.co/palantir/2da4be12-bc7a-4950-87db-e9d68d955ff7,https://jobs.lever.co/palantir/2da4be12-bc7a-4950-87db-e9d68d955ff7,https://jobs.lever.co/palantir/2da4be12-bc7a-4950-87db-e9d68d955ff7,54,4,"score=4 skills=architecture,software",no,0020_raw,,70400-120000 EUR,queued,ok,lever:palantir,cv_match_0020
CV20-0597,cv_match_0020,Palantir,Full Stack Software Engineer - Application Development,"London, United Kingdom",https://jobs.lever.co/palantir/c44510a1-9537-4c52-ae81-51546979fe47,https://jobs.lever.co/palantir/c44510a1-9537-4c52-ae81-51546979fe47,https://jobs.lever.co/palantir/c44510a1-9537-4c52-ae81-51546979fe47,54,4,"score=4 skills=architecture,software",no,0020_raw,,70400-120000 EUR,queued,ok,lever:palantir,cv_match_0020
CV20-0598,cv_match_0020,Palantir,Software Engineer - Defense Applications,"New York, NY",https://jobs.lever.co/palantir/c288bb43-3c63-4557-bd96-600ef0d1b7a6,https://jobs.lever.co/palantir/c288bb43-3c63-4557-bd96-600ef0d1b7a6,https://jobs.lever.co/palantir/c288bb43-3c63-4557-bd96-600ef0d1b7a6,54,4,"score=4 skills=ai,javascript,software",no,0020_raw,,70400-120000 EUR,queued,ok,lever:palantir,cv_match_0020
CV20-0599,cv_match_0020,Palantir,Software Engineer - Defense Applications,"Washington, D.C.",https://jobs.lever.co/palantir/f7dbfdf1-0bb1-4c11-ac15-6a139cee3410,https://jobs.lever.co/palantir/f7dbfdf1-0bb1-4c11-ac15-6a139cee3410,https://jobs.lever.co/palantir/f7dbfdf1-0bb1-4c11-ac15-6a139cee3410,54,4,"score=4 skills=ai,javascript,software",no,0020_raw,,70400-120000 EUR,queued,ok,lever:palantir,cv_match_0020
CV20-0600,cv_match_0020,Palantir,Software Engineer - Hosted Model Infrastructure,"New York, NY",https://jobs.lever.co/palantir/4df4cca5-e361-498b-806d-05f21638c93a,https://jobs.lever.co/palantir/4df4cca5-e361-498b-806d-05f21638c93a,https://jobs.lever.co/palantir/4df4cca5-e361-498b-806d-05f21638c93a,54,4,"score=4 skills=ai,integration,software",no,0020_raw,,70400-120000 EUR,queued,ok,lever:palantir,cv_match_0020
CV20-0601,cv_match_0020,Palantir,Software Engineer - Hosted Model Infrastructure,"Washington, D.C.",https://jobs.lever.co/palantir/7a9600be-cdcb-4311-bb5c-65b6939b5956,https://jobs.lever.co/palantir/7a9600be-cdcb-4311-bb5c-65b6939b5956,https://jobs.lever.co/palantir/7a9600be-cdcb-4311-bb5c-65b6939b5956,54,4,"score=4 skills=ai,integration,software",no,0020_raw,,70400-120000 EUR,queued,ok,lever:palantir,cv_match_0020
CV20-0602,cv_match_0020,Palantir,Software Engineer - Hosted Model Infrastructure,"Palo Alto, CA",https://jobs.lever.co/palantir/e9aecd15-c7e9-4803-9928-fc0b67e70f5b,https://jobs.lever.co/palantir/e9aecd15-c7e9-4803-9928-fc0b67e70f5b,https://jobs.lever.co/palantir/e9aecd15-c7e9-4803-9928-fc0b67e70f5b,54,4,"score=4 skills=ai,integration,software",no,0020_raw,,70400-120000 EUR,queued,ok,lever:palantir,cv_match_0020
CV20-0603,cv_match_0020,Palantir,"Software Engineer, New Grad - Production Infrastructure","Washington, D.C.",https://jobs.lever.co/palantir/15844944-fb69-4b57-9531-e988650b20c6,https://jobs.lever.co/palantir/15844944-fb69-4b57-9531-e988650b20c6,https://jobs.lever.co/palantir/15844944-fb69-4b57-9531-e988650b20c6,54,4,"score=4 skills=ai,containers,software",no,0020_raw,,70400-120000 EUR,queued,ok,lever:palantir,cv_match_0020
CV20-0604,cv_match_0020,Palantir,"Software Engineer, New Grad - Production Infrastructure","Seattle, WA",https://jobs.lever.co/palantir/4d5a144e-87ea-45e2-a68c-3fad590629af,https://jobs.lever.co/palantir/4d5a144e-87ea-45e2-a68c-3fad590629af,https://jobs.lever.co/palantir/4d5a144e-87ea-45e2-a68c-3fad590629af,54,4,"score=4 skills=ai,containers,software",no,0020_raw,,70400-120000 EUR,queued,ok,lever:palantir,cv_match_0020
CV20-0605,cv_match_0020,Palantir,"Software Engineer, New Grad - Production Infrastructure","New York, NY",https://jobs.lever.co/palantir/e1a6c138-98bf-45e2-97f7-2c70371cc38a,https://jobs.lever.co/palantir/e1a6c138-98bf-45e2-97f7-2c70371cc38a,https://jobs.lever.co/palantir/e1a6c138-98bf-45e2-97f7-2c70371cc38a,54,4,"score=4 skills=ai,containers,software",no,0020_raw,,70400-120000 EUR,queued,ok,lever:palantir,cv_match_0020
CV20-0606,cv_match_0020,Stripe,"Software Engineer, Machine Learning Infrastructure","Toronto, Canada",https://stripe.com/jobs/search?gh_jid=8084476,https://stripe.com/jobs/search?gh_jid=8084476,https://stripe.com/jobs/search?gh_jid=8084476,53,3,"score=3 skills=ai,software",no,0020_raw,,70400-120000 EUR,queued,ok,greenhouse:stripe,cv_match_0020
CV20-0607,cv_match_0020,Stripe,"Software Engineer, Security Analytics Infrastructure",US - Remote,https://stripe.com/jobs/search?gh_jid=7826761,https://stripe.com/jobs/search?gh_jid=7826761,https://stripe.com/jobs/search?gh_jid=7826761,53,3,"score=3 skills=security,software",no,0020_raw,,70400-120000 EUR,queued,ok,greenhouse:stripe,cv_match_0020
CV20-0608,cv_match_0020,Cloudflare,"Software Engineer, AI Agents",In-Office,https://boards.greenhouse.io/cloudflare/jobs/7831810?gh_jid=7831810,https://boards.greenhouse.io/cloudflare/jobs/7831810?gh_jid=7831810,https://boards.greenhouse.io/cloudflare/jobs/7831810?gh_jid=7831810,53,3,"score=3 skills=ai,software",no,0020_raw,,70400-120000 EUR,queued,ok,greenhouse:cloudflare,cv_match_0020
CV20-0609,cv_match_0020,Datadog,Software Engineer - AI Developer Workflows,"Tel Aviv, Israel",https://careers.datadoghq.com/detail/8023250/?gh_jid=8023250,https://careers.datadoghq.com/detail/8023250/?gh_jid=8023250,https://careers.datadoghq.com/detail/8023250/?gh_jid=8023250,53,3,"score=3 skills=ai,software",no,0020_raw,,70400-120000 EUR,queued,ok,greenhouse:datadog,cv_match_0020
CV20-0610,cv_match_0020,Figma,"Software Engineer, AI Product","San Francisco, CA • New York, NY • United States",https://boards.greenhouse.io/figma/jobs/5551730004?gh_jid=5551730004,https://boards.greenhouse.io/figma/jobs/5551730004?gh_jid=5551730004,https://boards.greenhouse.io/figma/jobs/5551730004?gh_jid=5551730004,53,3,"score=3 skills=ai,software",no,0020_raw,,70400-120000 EUR,queued,ok,greenhouse:figma,cv_match_0020
CV20-0611,cv_match_0020,Figma,"Software Engineer, AI Product (London, United Kingdom)","London, England",https://boards.greenhouse.io/figma/jobs/5551697004?gh_jid=5551697004,https://boards.greenhouse.io/figma/jobs/5551697004?gh_jid=5551697004,https://boards.greenhouse.io/figma/jobs/5551697004?gh_jid=5551697004,53,3,"score=3 skills=ai,software",no,0020_raw,,70400-120000 EUR,queued,ok,greenhouse:figma,cv_match_0020
CV20-0612,cv_match_0020,Figma,"Software Engineer, Machine Learning","San Francisco, CA • New York, NY • United States",https://boards.greenhouse.io/figma/jobs/5551532004?gh_jid=5551532004,https://boards.greenhouse.io/figma/jobs/5551532004?gh_jid=5551532004,https://boards.greenhouse.io/figma/jobs/5551532004?gh_jid=5551532004,53,3,"score=3 skills=ai,software",no,0020_raw,,70400-120000 EUR,queued,ok,greenhouse:figma,cv_match_0020
CV20-0613,cv_match_0020,Asana,"Software Engineer, AI Developer Experience",New York City,https://www.asana.com/jobs/apply/7964275?gh_jid=7964275,https://www.asana.com/jobs/apply/7964275?gh_jid=7964275,https://www.asana.com/jobs/apply/7964275?gh_jid=7964275,53,3,"score=3 skills=ai,software",no,0020_raw,,70400-120000 EUR,queued,ok,greenhouse:asana,cv_match_0020
CV20-0614,cv_match_0020,Asana,"Software Engineer, Communications Integrations","Vancouver, BC",https://www.asana.com/jobs/apply/7979618?gh_jid=7979618,https://www.asana.com/jobs/apply/7979618?gh_jid=7979618,https://www.asana.com/jobs/apply/7979618?gh_jid=7979618,53,3,"score=3 skills=integration,software",no,0020_raw,,70400-120000 EUR,queued,ok,greenhouse:asana,cv_match_0020
CV20-0615,cv_match_0020,Pinterest,"Security Software Engineer II, Detection and Response","San Francisco, CA, US; Remote, US",https://www.pinterestcareers.com/jobs/?gh_jid=8015490,https://www.pinterestcareers.com/jobs/?gh_jid=8015490,https://www.pinterestcareers.com/jobs/?gh_jid=8015490,53,3,"score=3 skills=security,software",no,0020_raw,,70400-120000 EUR,queued,ok,greenhouse:pinterest,cv_match_0020
CV20-0616,cv_match_0020,Pinterest,"Sr. Security Software Engineer, Application Security","Chicago, IL, US; Remote, US",https://www.pinterestcareers.com/jobs/?gh_jid=7494708,https://www.pinterestcareers.com/jobs/?gh_jid=7494708,https://www.pinterestcareers.com/jobs/?gh_jid=7494708,53,3,"score=3 skills=security,software",no,0020_raw,,70400-120000 EUR,queued,ok,greenhouse:pinterest,cv_match_0020
CV20-0617,cv_match_0020,Coinbase,"Software Engineer, EAA Integrations",Remote - India,https://www.coinbase.com/careers/positions/7558051?gh_jid=7558051,https://www.coinbase.com/careers/positions/7558051?gh_jid=7558051,https://www.coinbase.com/careers/positions/7558051?gh_jid=7558051,53,3,"score=3 skills=integration,software",no,0020_raw,,70400-120000 EUR,queued,ok,greenhouse:coinbase,cv_match_0020
CV20-0618,cv_match_0020,Coinbase,"Software Engineer, Enterprise Apps",Remote - Brazil,https://www.coinbase.com/careers/positions/8024814?gh_jid=8024814,https://www.coinbase.com/careers/positions/8024814?gh_jid=8024814,https://www.coinbase.com/careers/positions/8024814?gh_jid=8024814,53,3,"score=3 skills=integration,software",no,0020_raw,,70400-120000 EUR,queued,ok,greenhouse:coinbase,cv_match_0020
CV20-0619,cv_match_0020,Palantir,"Forward Deployed Software Engineer, New Grad - Commercial","New York, NY",https://jobs.lever.co/palantir/2e6b0ac8-83e9-4be5-a3aa-cf319f751728,https://jobs.lever.co/palantir/2e6b0ac8-83e9-4be5-a3aa-cf319f751728,https://jobs.lever.co/palantir/2e6b0ac8-83e9-4be5-a3aa-cf319f751728,53,3,"score=3 skills=ai,software",no,0020_raw,,70400-120000 EUR,queued,ok,lever:palantir,cv_match_0020
CV20-0620,cv_match_0020,Palantir,"Forward Deployed Software Engineer, New Grad - Commercial","Chicago, IL",https://jobs.lever.co/palantir/e500bcf3-19d8-4d3c-b340-4d76e4a55b40,https://jobs.lever.co/palantir/e500bcf3-19d8-4d3c-b340-4d76e4a55b40,https://jobs.lever.co/palantir/e500bcf3-19d8-4d3c-b340-4d76e4a55b40,53,3,"score=3 skills=ai,software",no,0020_raw,,70400-120000 EUR,queued,ok,lever:palantir,cv_match_0020
CV20-0621,cv_match_0020,Palantir,Software Engineer - Edge AI Systems,"Seattle, WA",https://jobs.lever.co/palantir/67110929-adea-41c3-851a-8882e222d9e4,https://jobs.lever.co/palantir/67110929-adea-41c3-851a-8882e222d9e4,https://jobs.lever.co/palantir/67110929-adea-41c3-851a-8882e222d9e4,53,3,"score=3 skills=ai,software",no,0020_raw,,70400-120000 EUR,queued,ok,lever:palantir,cv_match_0020
CV20-0622,cv_match_0020,GitLab,"Staff Backend Engineer (Ruby on Rails/AI), Verify","Remote, United Kingdom",https://job-boards.greenhouse.io/gitlab/jobs/8448283002,https://job-boards.greenhouse.io/gitlab/jobs/8448283002,https://job-boards.greenhouse.io/gitlab/jobs/8448283002,10,10,"score=10 skills=ai,devops,lead,software_related",no,0020_raw,,70400-120000 EUR,queued,ok,greenhouse:gitlab,cv_match_0020
CV20-0623,cv_match_0020,GitLab,"Staff Backend Engineer, Gitlab Delivery: Upgrades","Bangalore, India",https://job-boards.greenhouse.io/gitlab/jobs/8463922002,https://job-boards.greenhouse.io/gitlab/jobs/8463922002,https://job-boards.greenhouse.io/gitlab/jobs/8463922002,9,9,"score=9 skills=devops,lead,software_related",no,0020_raw,,70400-120000 EUR,queued,ok,greenhouse:gitlab,cv_match_0020
CV20-0624,cv_match_0020,GitLab,"Staff Backend Engineer (Go), Events Platform","Bangalore, India",https://job-boards.greenhouse.io/gitlab/jobs/8488961002,https://job-boards.greenhouse.io/gitlab/jobs/8488961002,https://job-boards.greenhouse.io/gitlab/jobs/8488961002,9,9,"score=9 skills=devops,lead,software_related",no,0020_raw,,70400-120000 EUR,queued,ok,greenhouse:gitlab,cv_match_0020
CV20-0625,cv_match_0020,Elastic,"Principal Java Developer - Distributed Systems, Serverless - Elasticsearch",Canada,https://jobs.elastic.co/jobs?gh_jid=7982102&gh_jid=7982102,https://jobs.elastic.co/jobs?gh_jid=7982102&gh_jid=7982102,https://jobs.elastic.co/jobs?gh_jid=7982102&gh_jid=7982102,9,9,"score=9 skills=java,lead,software_related",no,0020_raw,,70400-120000 EUR,queued,ok,greenhouse:elastic,cv_match_0020
CV20-0626,cv_match_0020,Elastic,"Principal Java Engineer - Distributed Systems, Serverless - Elasticsearch",United States,https://jobs.elastic.co/jobs?gh_jid=7982100&gh_jid=7982100,https://jobs.elastic.co/jobs?gh_jid=7982100&gh_jid=7982100,https://jobs.elastic.co/jobs?gh_jid=7982100&gh_jid=7982100,9,9,"score=9 skills=java,lead,software_related",no,0020_raw,,70400-120000 EUR,queued,ok,greenhouse:elastic,cv_match_0020
CV20-0627,cv_match_0020,Elastic,"Principal Java Engineer - Distributed Systems, Serverless - Elasticsearch",Portugal,https://jobs.elastic.co/jobs?gh_jid=8002560&gh_jid=8002560,https://jobs.elastic.co/jobs?gh_jid=8002560&gh_jid=8002560,https://jobs.elastic.co/jobs?gh_jid=8002560&gh_jid=8002560,9,9,"score=9 skills=java,lead,software_related",no,0020_raw,,70400-120000 EUR,queued,ok,greenhouse:elastic,cv_match_0020
CV20-0628,cv_match_0020,Elastic,"Principal Java Engineer - Distributed Systems, Serverless - Elasticsearch",Norway,https://jobs.elastic.co/jobs?gh_jid=8002559&gh_jid=8002559,https://jobs.elastic.co/jobs?gh_jid=8002559&gh_jid=8002559,https://jobs.elastic.co/jobs?gh_jid=8002559&gh_jid=8002559,9,9,"score=9 skills=java,lead,software_related",no,0020_raw,,70400-120000 EUR,queued,ok,greenhouse:elastic,cv_match_0020
CV20-0629,cv_match_0020,Elastic,"Principal Java Engineer - Distributed Systems, Serverless - Elasticsearch",Spain,https://jobs.elastic.co/jobs?gh_jid=8002562&gh_jid=8002562,https://jobs.elastic.co/jobs?gh_jid=8002562&gh_jid=8002562,https://jobs.elastic.co/jobs?gh_jid=8002562&gh_jid=8002562,9,9,"score=9 skills=java,lead,software_related",no,0020_raw,,70400-120000 EUR,queued,ok,greenhouse:elastic,cv_match_0020
CV20-0630,cv_match_0020,Elastic,"Principal Java Engineer - Distributed Systems, Serverless - Elasticsearch",Ireland,https://jobs.elastic.co/jobs?gh_jid=8002558&gh_jid=8002558,https://jobs.elastic.co/jobs?gh_jid=8002558&gh_jid=8002558,https://jobs.elastic.co/jobs?gh_jid=8002558&gh_jid=8002558,9,9,"score=9 skills=java,lead,software_related",no,0020_raw,,70400-120000 EUR,queued,ok,greenhouse:elastic,cv_match_0020
CV20-0631,cv_match_0020,Elastic,"Principal Java Engineer - Distributed Systems, Serverless - Elasticsearch",Romania,https://jobs.elastic.co/jobs?gh_jid=8002561&gh_jid=8002561,https://jobs.elastic.co/jobs?gh_jid=8002561&gh_jid=8002561,https://jobs.elastic.co/jobs?gh_jid=8002561&gh_jid=8002561,9,9,"score=9 skills=java,lead,software_related",no,0020_raw,,70400-120000 EUR,queued,ok,greenhouse:elastic,cv_match_0020
CV20-0632,cv_match_0020,Elastic,"Principal Java Engineer - Distributed Systems, Serverless - Elasticsearch",Greece,https://jobs.elastic.co/jobs?gh_jid=8002555&gh_jid=8002555,https://jobs.elastic.co/jobs?gh_jid=8002555&gh_jid=8002555,https://jobs.elastic.co/jobs?gh_jid=8002555&gh_jid=8002555,9,9,"score=9 skills=java,lead,software_related",no,0020_raw,,70400-120000 EUR,queued,ok,greenhouse:elastic,cv_match_0020
CV20-0633,cv_match_0020,Palantir,DevOps Engineer,"Washington, D.C.",https://jobs.lever.co/palantir/51ea4a3b-7764-4c87-96e4-310e19c856d5,https://jobs.lever.co/palantir/51ea4a3b-7764-4c87-96e4-310e19c856d5,https://jobs.lever.co/palantir/51ea4a3b-7764-4c87-96e4-310e19c856d5,9,9,"score=9 skills=architecture,devops,security,software",no,0020_raw,,70400-120000 EUR,queued,ok,lever:palantir,cv_match_0020
CV20-0634,cv_match_0020,Palantir,DevOps Engineer,"New York, NY",https://jobs.lever.co/palantir/c3f40e41-6258-4233-a7f9-091bf67df30b,https://jobs.lever.co/palantir/c3f40e41-6258-4233-a7f9-091bf67df30b,https://jobs.lever.co/palantir/c3f40e41-6258-4233-a7f9-091bf67df30b,9,9,"score=9 skills=architecture,devops,security,software",no,0020_raw,,70400-120000 EUR,queued,ok,lever:palantir,cv_match_0020
CV20-0635,cv_match_0020,GitLab,"Senior Director, Production and Tenant Platform Engineering","Remote, Canada; Remote, US",https://job-boards.greenhouse.io/gitlab/jobs/8516340002,https://job-boards.greenhouse.io/gitlab/jobs/8516340002,https://job-boards.greenhouse.io/gitlab/jobs/8516340002,7,7,"score=7 skills=devops,lead,software_related",no,0020_raw,,70400-120000 EUR,queued,ok,greenhouse:gitlab,cv_match_0020
CV20-0636,cv_match_0020,GitLab,Staff Fullstack Engineer - Data Products,"Bangalore, India",https://job-boards.greenhouse.io/gitlab/jobs/8623763002,https://job-boards.greenhouse.io/gitlab/jobs/8623763002,https://job-boards.greenhouse.io/gitlab/jobs/8623763002,7,7,"score=7 skills=devops,lead",no,0020_raw,,70400-120000 EUR,queued,ok,greenhouse:gitlab,cv_match_0020
CV20-0637,cv_match_0020,GitLab,Staff Fullstack Engineer - Data Products,"Bangalore, India",https://job-boards.greenhouse.io/gitlab/jobs/8613165002,https://job-boards.greenhouse.io/gitlab/jobs/8613165002,https://job-boards.greenhouse.io/gitlab/jobs/8613165002,7,7,"score=7 skills=devops,lead",no,0020_raw,,70400-120000 EUR,queued,ok,greenhouse:gitlab,cv_match_0020
CV20-0638,cv_match_0020,Reddit,"Staff Backend Engineer, Safety",Remote - United States,https://job-boards.greenhouse.io/reddit/jobs/8011428,https://job-boards.greenhouse.io/reddit/jobs/8011428,https://job-boards.greenhouse.io/reddit/jobs/8011428,7,7,"score=7 skills=lead,software_related",no,0020_raw,,70400-120000 EUR,queued,ok,greenhouse:reddit,cv_match_0020
CV20-0639,cv_match_0020,Airbnb,Staff Backend Engineer - Ads Platform,Remote - USA,https://careers.airbnb.com/positions/8074897?gh_jid=8074897,https://careers.airbnb.com/positions/8074897?gh_jid=8074897,https://careers.airbnb.com/positions/8074897?gh_jid=8074897,7,7,"score=7 skills=lead,software_related",no,0020_raw,,70400-120000 EUR,queued,ok,greenhouse:airbnb,cv_match_0020
CV20-0640,cv_match_0020,Airbnb,"Staff Backend Engineer, Host Serving and Access",Remote - USA,https://careers.airbnb.com/positions/8077995?gh_jid=8077995,https://careers.airbnb.com/positions/8077995?gh_jid=8077995,https://careers.airbnb.com/positions/8077995?gh_jid=8077995,7,7,"score=7 skills=lead,software_related",no,0020_raw,,70400-120000 EUR,queued,ok,greenhouse:airbnb,cv_match_0020
CV20-0641,cv_match_0020,Stripe,"Staff Full Stack Engineer, Identity",Remote,https://stripe.com/jobs/search?gh_jid=7895467,https://stripe.com/jobs/search?gh_jid=7895467,https://stripe.com/jobs/search?gh_jid=7895467,5,5,score=5 skills=lead,no,0020_raw,,70400-120000 EUR,queued,ok,greenhouse:stripe,cv_match_0020
CV20-0642,cv_match_0020,Stripe,Staff Full Stack Engineer - Premium Merchant Experiences,Dublin,https://stripe.com/jobs/search?gh_jid=7925073,https://stripe.com/jobs/search?gh_jid=7925073,https://stripe.com/jobs/search?gh_jid=7925073,5,5,score=5 skills=lead,no,0020_raw,,70400-120000 EUR,queued,ok,greenhouse:stripe,cv_match_0020
CV20-0643,cv_match_0020,Discord,QA/DevOps Engineer,San Francisco Bay Area,https://job-boards.greenhouse.io/discord/jobs/8637648002,https://job-boards.greenhouse.io/discord/jobs/8637648002,https://job-boards.greenhouse.io/discord/jobs/8637648002,5,5,"score=5 skills=devops,security,software_related",no,0020_raw,,70400-120000 EUR,queued,ok,greenhouse:discord,cv_match_0020
CV20-0644,cv_match_0020,Figma,"Data Scientist, Core Data - PhD (2026)","San Francisco, CA • New York, NY",https://boards.greenhouse.io/figma/jobs/5976930004?gh_jid=5976930004,https://boards.greenhouse.io/figma/jobs/5976930004?gh_jid=5976930004,https://boards.greenhouse.io/figma/jobs/5976930004?gh_jid=5976930004,4,4,phd_track score=4 skills=phd,no,0020_raw,,70400-120000 EUR,queued,ok,greenhouse:figma,cv_match_0020
CV20-0645,cv_match_0020,Palantir,Site Reliability Engineer - US Government,"Washington, D.C.",https://jobs.lever.co/palantir/211f99dc-269e-4f25-84d3-d73dea782080,https://jobs.lever.co/palantir/211f99dc-269e-4f25-84d3-d73dea782080,https://jobs.lever.co/palantir/211f99dc-269e-4f25-84d3-d73dea782080,4,4,"score=4 skills=cloud,software",no,0020_raw,,70400-120000 EUR,queued,ok,lever:palantir,cv_match_0020
