app_id,board,company,title,location,apply_url,employer_url,careers_url,match_score,cv_path,certs_path,salary_target,status,resolve,source_note,market
CRAWL-0001,web_crawl,Elastic,"Principal software developer/Tech Lead, Agent Framework - Observability",Canada,https://jobs.elastic.co/jobs?gh_jid=8106089&gh_jid=8106089,https://jobs.elastic.co/jobs?gh_jid=8106089&gh_jid=8106089,https://jobs.elastic.co/jobs?gh_jid=8106089&gh_jid=8106089,180,/home/runner/work/job-cv-match-0020/job-cv-match-0020/0020_raw_marti__bayo_alemany_curriculum.pdf,/home/runner/work/job-cv-match-0020/job-cv-match-0020/Marti__Bayo_Alemany_certificates_2020_compressed.pdf,70400-120000 EUR,queued,ok,greenhouse:elastic,eu-global
CRAWL-0002,web_crawl,Airbnb,"Engineering Manager, Cloud & Data Security",United States,https://careers.airbnb.com/positions/8074765?gh_jid=8074765,https://careers.airbnb.com/positions/8074765?gh_jid=8074765,https://careers.airbnb.com/positions/8074765?gh_jid=8074765,175,/home/runner/work/job-cv-match-0020/job-cv-match-0020/0020_raw_marti__bayo_alemany_curriculum.pdf,/home/runner/work/job-cv-match-0020/job-cv-match-0020/Marti__Bayo_Alemany_certificates_2020_compressed.pdf,70400-120000 EUR,queued,ok,greenhouse:airbnb,eu-global
CRAWL-0003,web_crawl,Airbnb,"Engineering Manager, Community Support Engineering",China,https://careers.airbnb.com/positions/7760914?gh_jid=7760914,https://careers.airbnb.com/positions/7760914?gh_jid=7760914,https://careers.airbnb.com/positions/7760914?gh_jid=7760914,175,/home/runner/work/job-cv-match-0020/job-cv-match-0020/0020_raw_marti__bayo_alemany_curriculum.pdf,/home/runner/work/job-cv-match-0020/job-cv-match-0020/Marti__Bayo_Alemany_certificates_2020_compressed.pdf,70400-120000 EUR,queued,ok,greenhouse:airbnb,eu-global
CRAWL-0004,web_crawl,Airbnb,"Engineering Manager, Guest & Host","London, United Kingdom",https://careers.airbnb.com/positions/7532824?gh_jid=7532824,https://careers.airbnb.com/positions/7532824?gh_jid=7532824,https://careers.airbnb.com/positions/7532824?gh_jid=7532824,175,/home/runner/work/job-cv-match-0020/job-cv-match-0020/0020_raw_marti__bayo_alemany_curriculum.pdf,/home/runner/work/job-cv-match-0020/job-cv-match-0020/Marti__Bayo_Alemany_certificates_2020_compressed.pdf,70400-120000 EUR,queued,ok,greenhouse:airbnb,eu-global
CRAWL-0005,web_crawl,Airbnb,"Engineering Manager, Payments",USA - Remote,https://careers.airbnb.com/positions/8044558?gh_jid=8044558,https://careers.airbnb.com/positions/8044558?gh_jid=8044558,https://careers.airbnb.com/positions/8044558?gh_jid=8044558,175,/home/runner/work/job-cv-match-0020/job-cv-match-0020/0020_raw_marti__bayo_alemany_curriculum.pdf,/home/runner/work/job-cv-match-0020/job-cv-match-0020/Marti__Bayo_Alemany_certificates_2020_compressed.pdf,70400-120000 EUR,queued,ok,greenhouse:airbnb,eu-global
CRAWL-0006,web_crawl,Airbnb,"Senior Engineering Manager, Media Foundation",United States,https://careers.airbnb.com/positions/7968034?gh_jid=7968034,https://careers.airbnb.com/positions/7968034?gh_jid=7968034,https://careers.airbnb.com/positions/7968034?gh_jid=7968034,175,/home/runner/work/job-cv-match-0020/job-cv-match-0020/0020_raw_marti__bayo_alemany_curriculum.pdf,/home/runner/work/job-cv-match-0020/job-cv-match-0020/Marti__Bayo_Alemany_certificates_2020_compressed.pdf,70400-120000 EUR,queued,ok,greenhouse:airbnb,eu-global
CRAWL-0007,web_crawl,Airtable,"Engineering Manager, Admin & Governance","San Francisco, CA",https://job-boards.greenhouse.io/airtable/jobs/8625370002,https://job-boards.greenhouse.io/airtable/jobs/8625370002,https://job-boards.greenhouse.io/airtable/jobs/8625370002,175,/home/runner/work/job-cv-match-0020/job-cv-match-0020/0020_raw_marti__bayo_alemany_curriculum.pdf,/home/runner/work/job-cv-match-0020/job-cv-match-0020/Marti__Bayo_Alemany_certificates_2020_compressed.pdf,70400-120000 EUR,queued,ok,greenhouse:airtable,eu-global
CRAWL-0008,web_crawl,Airtable,"Engineering Manager, AI Tooling","San Francisco, CA",https://job-boards.greenhouse.io/airtable/jobs/8606309002,https://job-boards.greenhouse.io/airtable/jobs/8606309002,https://job-boards.greenhouse.io/airtable/jobs/8606309002,175,/home/runner/work/job-cv-match-0020/job-cv-match-0020/0020_raw_marti__bayo_alemany_curriculum.pdf,/home/runner/work/job-cv-match-0020/job-cv-match-0020/Marti__Bayo_Alemany_certificates_2020_compressed.pdf,70400-120000 EUR,queued,ok,greenhouse:airtable,eu-global
CRAWL-0009,web_crawl,Airtable,"Sr. Engineering Manager, Enterprise Platform","San Francisco, CA",https://job-boards.greenhouse.io/airtable/jobs/8177765002,https://job-boards.greenhouse.io/airtable/jobs/8177765002,https://job-boards.greenhouse.io/airtable/jobs/8177765002,175,/home/runner/work/job-cv-match-0020/job-cv-match-0020/0020_raw_marti__bayo_alemany_curriculum.pdf,/home/runner/work/job-cv-match-0020/job-cv-match-0020/Marti__Bayo_Alemany_certificates_2020_compressed.pdf,70400-120000 EUR,queued,ok,greenhouse:airtable,eu-global
CRAWL-0010,web_crawl,Asana,Engineering Manager,"Vancouver, BC",https://www.asana.com/jobs/apply/7555402?gh_jid=7555402,https://www.asana.com/jobs/apply/7555402?gh_jid=7555402,https://www.asana.com/jobs/apply/7555402?gh_jid=7555402,175,/home/runner/work/job-cv-match-0020/job-cv-match-0020/0020_raw_marti__bayo_alemany_curriculum.pdf,/home/runner/work/job-cv-match-0020/job-cv-match-0020/Marti__Bayo_Alemany_certificates_2020_compressed.pdf,70400-120000 EUR,queued,ok,greenhouse:asana,eu-global
CRAWL-0011,web_crawl,Asana,"Engineering Manager, Development Infrastructure",Reykjavík,https://www.asana.com/jobs/apply/6174752?gh_jid=6174752,https://www.asana.com/jobs/apply/6174752?gh_jid=6174752,https://www.asana.com/jobs/apply/6174752?gh_jid=6174752,175,/home/runner/work/job-cv-match-0020/job-cv-match-0020/0020_raw_marti__bayo_alemany_curriculum.pdf,/home/runner/work/job-cv-match-0020/job-cv-match-0020/Marti__Bayo_Alemany_certificates_2020_compressed.pdf,70400-120000 EUR,queued,ok,greenhouse:asana,eu-global
CRAWL-0012,web_crawl,Asana,"Engineering Manager, Growth",Warsaw,https://www.asana.com/jobs/apply/7629755?gh_jid=7629755,https://www.asana.com/jobs/apply/7629755?gh_jid=7629755,https://www.asana.com/jobs/apply/7629755?gh_jid=7629755,175,/home/runner/work/job-cv-match-0020/job-cv-match-0020/0020_raw_marti__bayo_alemany_curriculum.pdf,/home/runner/work/job-cv-match-0020/job-cv-match-0020/Marti__Bayo_Alemany_certificates_2020_compressed.pdf,70400-120000 EUR,queued,ok,greenhouse:asana,eu-global
CRAWL-0013,web_crawl,Asana,"Engineering Manager, Platform Reliability",Warsaw,https://www.asana.com/jobs/apply/7586980?gh_jid=7586980,https://www.asana.com/jobs/apply/7586980?gh_jid=7586980,https://www.asana.com/jobs/apply/7586980?gh_jid=7586980,175,/home/runner/work/job-cv-match-0020/job-cv-match-0020/0020_raw_marti__bayo_alemany_curriculum.pdf,/home/runner/work/job-cv-match-0020/job-cv-match-0020/Marti__Bayo_Alemany_certificates_2020_compressed.pdf,70400-120000 EUR,queued,ok,greenhouse:asana,eu-global
CRAWL-0014,web_crawl,Asana,Head of Engineering Operations,San Francisco,https://www.asana.com/jobs/apply/7874977?gh_jid=7874977,https://www.asana.com/jobs/apply/7874977?gh_jid=7874977,https://www.asana.com/jobs/apply/7874977?gh_jid=7874977,175,/home/runner/work/job-cv-match-0020/job-cv-match-0020/0020_raw_marti__bayo_alemany_curriculum.pdf,/home/runner/work/job-cv-match-0020/job-cv-match-0020/Marti__Bayo_Alemany_certificates_2020_compressed.pdf,70400-120000 EUR,queued,ok,greenhouse:asana,eu-global
CRAWL-0015,web_crawl,Asana,Senior Analytical Engineering Manager,Warsaw,https://www.asana.com/jobs/apply/8044811?gh_jid=8044811,https://www.asana.com/jobs/apply/8044811?gh_jid=8044811,https://www.asana.com/jobs/apply/8044811?gh_jid=8044811,175,/home/runner/work/job-cv-match-0020/job-cv-match-0020/0020_raw_marti__bayo_alemany_curriculum.pdf,/home/runner/work/job-cv-match-0020/job-cv-match-0020/Marti__Bayo_Alemany_certificates_2020_compressed.pdf,70400-120000 EUR,queued,ok,greenhouse:asana,eu-global
CRAWL-0016,web_crawl,Asana,"Senior Engineering Manager, Agent Context",New York City,https://www.asana.com/jobs/apply/8052206?gh_jid=8052206,https://www.asana.com/jobs/apply/8052206?gh_jid=8052206,https://www.asana.com/jobs/apply/8052206?gh_jid=8052206,175,/home/runner/work/job-cv-match-0020/job-cv-match-0020/0020_raw_marti__bayo_alemany_curriculum.pdf,/home/runner/work/job-cv-match-0020/job-cv-match-0020/Marti__Bayo_Alemany_certificates_2020_compressed.pdf,70400-120000 EUR,queued,ok,greenhouse:asana,eu-global
CRAWL-0017,web_crawl,Asana,"Senior Engineering Manager, AI Agents","Vancouver, BC",https://www.asana.com/jobs/apply/7586942?gh_jid=7586942,https://www.asana.com/jobs/apply/7586942?gh_jid=7586942,https://www.asana.com/jobs/apply/7586942?gh_jid=7586942,175,/home/runner/work/job-cv-match-0020/job-cv-match-0020/0020_raw_marti__bayo_alemany_curriculum.pdf,/home/runner/work/job-cv-match-0020/job-cv-match-0020/Marti__Bayo_Alemany_certificates_2020_compressed.pdf,70400-120000 EUR,queued,ok,greenhouse:asana,eu-global
CRAWL-0018,web_crawl,Asana,"Senior Engineering Manager, AI Agents",San Francisco,https://www.asana.com/jobs/apply/7454232?gh_jid=7454232,https://www.asana.com/jobs/apply/7454232?gh_jid=7454232,https://www.asana.com/jobs/apply/7454232?gh_jid=7454232,175,/home/runner/work/job-cv-match-0020/job-cv-match-0020/0020_raw_marti__bayo_alemany_curriculum.pdf,/home/runner/work/job-cv-match-0020/job-cv-match-0020/Marti__Bayo_Alemany_certificates_2020_compressed.pdf,70400-120000 EUR,queued,ok,greenhouse:asana,eu-global
CRAWL-0019,web_crawl,Asana,"Senior Engineering Manager, Consumption Based Billing & Licensing","Vancouver, BC",https://www.asana.com/jobs/apply/7904869?gh_jid=7904869,https://www.asana.com/jobs/apply/7904869?gh_jid=7904869,https://www.asana.com/jobs/apply/7904869?gh_jid=7904869,175,/home/runner/work/job-cv-match-0020/job-cv-match-0020/0020_raw_marti__bayo_alemany_curriculum.pdf,/home/runner/work/job-cv-match-0020/job-cv-match-0020/Marti__Bayo_Alemany_certificates_2020_compressed.pdf,70400-120000 EUR,queued,ok,greenhouse:asana,eu-global
CRAWL-0020,web_crawl,Asana,"Senior Engineering Manager, Security",San Francisco,https://www.asana.com/jobs/apply/7565961?gh_jid=7565961,https://www.asana.com/jobs/apply/7565961?gh_jid=7565961,https://www.asana.com/jobs/apply/7565961?gh_jid=7565961,175,/home/runner/work/job-cv-match-0020/job-cv-match-0020/0020_raw_marti__bayo_alemany_curriculum.pdf,/home/runner/work/job-cv-match-0020/job-cv-match-0020/Marti__Bayo_Alemany_certificates_2020_compressed.pdf,70400-120000 EUR,queued,ok,greenhouse:asana,eu-global
CRAWL-0021,web_crawl,Brex,"Engineering Manager, Cloud Infrastructure","Seattle, Washington, United States",https://www.brex.com/careers/8534621002?gh_jid=8534621002,https://www.brex.com/careers/8534621002?gh_jid=8534621002,https://www.brex.com/careers/8534621002?gh_jid=8534621002,175,/home/runner/work/job-cv-match-0020/job-cv-match-0020/0020_raw_marti__bayo_alemany_curriculum.pdf,/home/runner/work/job-cv-match-0020/job-cv-match-0020/Marti__Bayo_Alemany_certificates_2020_compressed.pdf,70400-120000 EUR,queued,ok,greenhouse:brex,eu-global
CRAWL-0022,web_crawl,Brex,"Engineering Manager, Cloud Infrastructure","New York, New York, United States",https://www.brex.com/careers/8534634002?gh_jid=8534634002,https://www.brex.com/careers/8534634002?gh_jid=8534634002,https://www.brex.com/careers/8534634002?gh_jid=8534634002,175,/home/runner/work/job-cv-match-0020/job-cv-match-0020/0020_raw_marti__bayo_alemany_curriculum.pdf,/home/runner/work/job-cv-match-0020/job-cv-match-0020/Marti__Bayo_Alemany_certificates_2020_compressed.pdf,70400-120000 EUR,queued,ok,greenhouse:brex,eu-global
CRAWL-0023,web_crawl,Brex,"Engineering Manager, Cloud Infrastructure","San Francisco, California, United States",https://www.brex.com/careers/8534633002?gh_jid=8534633002,https://www.brex.com/careers/8534633002?gh_jid=8534633002,https://www.brex.com/careers/8534633002?gh_jid=8534633002,175,/home/runner/work/job-cv-match-0020/job-cv-match-0020/0020_raw_marti__bayo_alemany_curriculum.pdf,/home/runner/work/job-cv-match-0020/job-cv-match-0020/Marti__Bayo_Alemany_certificates_2020_compressed.pdf,70400-120000 EUR,queued,ok,greenhouse:brex,eu-global
CRAWL-0024,web_crawl,Brex,"Engineering Manager, GTM Engineering","San Francisco, California, United States",https://www.brex.com/careers/8339037002?gh_jid=8339037002,https://www.brex.com/careers/8339037002?gh_jid=8339037002,https://www.brex.com/careers/8339037002?gh_jid=8339037002,175,/home/runner/work/job-cv-match-0020/job-cv-match-0020/0020_raw_marti__bayo_alemany_curriculum.pdf,/home/runner/work/job-cv-match-0020/job-cv-match-0020/Marti__Bayo_Alemany_certificates_2020_compressed.pdf,70400-120000 EUR,queued,ok,greenhouse:brex,eu-global
CRAWL-0025,web_crawl,Brex,"Engineering Manager, GTM Engineering","Vancouver, British Columbia, Canada",https://www.brex.com/careers/8367553002?gh_jid=8367553002,https://www.brex.com/careers/8367553002?gh_jid=8367553002,https://www.brex.com/careers/8367553002?gh_jid=8367553002,175,/home/runner/work/job-cv-match-0020/job-cv-match-0020/0020_raw_marti__bayo_alemany_curriculum.pdf,/home/runner/work/job-cv-match-0020/job-cv-match-0020/Marti__Bayo_Alemany_certificates_2020_compressed.pdf,70400-120000 EUR,queued,ok,greenhouse:brex,eu-global
CRAWL-0026,web_crawl,Brex,"Engineering Manager, GTM Engineering","New York, New York, United States",https://www.brex.com/careers/8367549002?gh_jid=8367549002,https://www.brex.com/careers/8367549002?gh_jid=8367549002,https://www.brex.com/careers/8367549002?gh_jid=8367549002,175,/home/runner/work/job-cv-match-0020/job-cv-match-0020/0020_raw_marti__bayo_alemany_curriculum.pdf,/home/runner/work/job-cv-match-0020/job-cv-match-0020/Marti__Bayo_Alemany_certificates_2020_compressed.pdf,70400-120000 EUR,queued,ok,greenhouse:brex,eu-global
CRAWL-0027,web_crawl,Brex,"Engineering Manager, GTM Engineering","Seattle, Washington, United States",https://www.brex.com/careers/8367552002?gh_jid=8367552002,https://www.brex.com/careers/8367552002?gh_jid=8367552002,https://www.brex.com/careers/8367552002?gh_jid=8367552002,175,/home/runner/work/job-cv-match-0020/job-cv-match-0020/0020_raw_marti__bayo_alemany_curriculum.pdf,/home/runner/work/job-cv-match-0020/job-cv-match-0020/Marti__Bayo_Alemany_certificates_2020_compressed.pdf,70400-120000 EUR,queued,ok,greenhouse:brex,eu-global
CRAWL-0028,web_crawl,Brex,"Engineering Manager, Onboarding","Vancouver, British Columbia, Canada",https://www.brex.com/careers/8461597002?gh_jid=8461597002,https://www.brex.com/careers/8461597002?gh_jid=8461597002,https://www.brex.com/careers/8461597002?gh_jid=8461597002,175,/home/runner/work/job-cv-match-0020/job-cv-match-0020/0020_raw_marti__bayo_alemany_curriculum.pdf,/home/runner/work/job-cv-match-0020/job-cv-match-0020/Marti__Bayo_Alemany_certificates_2020_compressed.pdf,70400-120000 EUR,queued,ok,greenhouse:brex,eu-global
CRAWL-0029,web_crawl,Brex,"Engineering Manager, Onboarding","San Francisco, California, United States",https://www.brex.com/careers/8461600002?gh_jid=8461600002,https://www.brex.com/careers/8461600002?gh_jid=8461600002,https://www.brex.com/careers/8461600002?gh_jid=8461600002,175,/home/runner/work/job-cv-match-0020/job-cv-match-0020/0020_raw_marti__bayo_alemany_curriculum.pdf,/home/runner/work/job-cv-match-0020/job-cv-match-0020/Marti__Bayo_Alemany_certificates_2020_compressed.pdf,70400-120000 EUR,queued,ok,greenhouse:brex,eu-global
CRAWL-0030,web_crawl,Brex,"Engineering Manager, Onboarding","New York, New York, United States",https://www.brex.com/careers/8461599002?gh_jid=8461599002,https://www.brex.com/careers/8461599002?gh_jid=8461599002,https://www.brex.com/careers/8461599002?gh_jid=8461599002,175,/home/runner/work/job-cv-match-0020/job-cv-match-0020/0020_raw_marti__bayo_alemany_curriculum.pdf,/home/runner/work/job-cv-match-0020/job-cv-match-0020/Marti__Bayo_Alemany_certificates_2020_compressed.pdf,70400-120000 EUR,queued,ok,greenhouse:brex,eu-global
CRAWL-0031,web_crawl,Brex,"Engineering Manager, Onboarding","Seattle, Washington, United States",https://www.brex.com/careers/8461598002?gh_jid=8461598002,https://www.brex.com/careers/8461598002?gh_jid=8461598002,https://www.brex.com/careers/8461598002?gh_jid=8461598002,175,/home/runner/work/job-cv-match-0020/job-cv-match-0020/0020_raw_marti__bayo_alemany_curriculum.pdf,/home/runner/work/job-cv-match-0020/job-cv-match-0020/Marti__Bayo_Alemany_certificates_2020_compressed.pdf,70400-120000 EUR,queued,ok,greenhouse:brex,eu-global
CRAWL-0032,web_crawl,Brex,"Engineering Manager, Travel","New York, New York, United States",https://www.brex.com/careers/8641189002?gh_jid=8641189002,https://www.brex.com/careers/8641189002?gh_jid=8641189002,https://www.brex.com/careers/8641189002?gh_jid=8641189002,175,/home/runner/work/job-cv-match-0020/job-cv-match-0020/0020_raw_marti__bayo_alemany_curriculum.pdf,/home/runner/work/job-cv-match-0020/job-cv-match-0020/Marti__Bayo_Alemany_certificates_2020_compressed.pdf,70400-120000 EUR,queued,ok,greenhouse:brex,eu-global
CRAWL-0033,web_crawl,Brex,"Engineering Manager, Travel","Seattle, Washington, United States",https://www.brex.com/careers/8623291002?gh_jid=8623291002,https://www.brex.com/careers/8623291002?gh_jid=8623291002,https://www.brex.com/careers/8623291002?gh_jid=8623291002,175,/home/runner/work/job-cv-match-0020/job-cv-match-0020/0020_raw_marti__bayo_alemany_curriculum.pdf,/home/runner/work/job-cv-match-0020/job-cv-match-0020/Marti__Bayo_Alemany_certificates_2020_compressed.pdf,70400-120000 EUR,queued,ok,greenhouse:brex,eu-global
CRAWL-0034,web_crawl,Brex,"Engineering Manager, Travel","Vancouver, British Columbia, Canada",https://www.brex.com/careers/8641195002?gh_jid=8641195002,https://www.brex.com/careers/8641195002?gh_jid=8641195002,https://www.brex.com/careers/8641195002?gh_jid=8641195002,175,/home/runner/work/job-cv-match-0020/job-cv-match-0020/0020_raw_marti__bayo_alemany_curriculum.pdf,/home/runner/work/job-cv-match-0020/job-cv-match-0020/Marti__Bayo_Alemany_certificates_2020_compressed.pdf,70400-120000 EUR,queued,ok,greenhouse:brex,eu-global
CRAWL-0035,web_crawl,Brex,"Engineering Manager, Travel","San Francisco, California, United States",https://www.brex.com/careers/8641194002?gh_jid=8641194002,https://www.brex.com/careers/8641194002?gh_jid=8641194002,https://www.brex.com/careers/8641194002?gh_jid=8641194002,175,/home/runner/work/job-cv-match-0020/job-cv-match-0020/0020_raw_marti__bayo_alemany_curriculum.pdf,/home/runner/work/job-cv-match-0020/job-cv-match-0020/Marti__Bayo_Alemany_certificates_2020_compressed.pdf,70400-120000 EUR,queued,ok,greenhouse:brex,eu-global
CRAWL-0036,web_crawl,Cloudflare,Engineering Manager - Security Platform,Distributed; Hybrid,https://boards.greenhouse.io/cloudflare/jobs/8007815?gh_jid=8007815,https://boards.greenhouse.io/cloudflare/jobs/8007815?gh_jid=8007815,https://boards.greenhouse.io/cloudflare/jobs/8007815?gh_jid=8007815,175,/home/runner/work/job-cv-match-0020/job-cv-match-0020/0020_raw_marti__bayo_alemany_curriculum.pdf,/home/runner/work/job-cv-match-0020/job-cv-match-0020/Marti__Bayo_Alemany_certificates_2020_compressed.pdf,70400-120000 EUR,queued,ok,greenhouse:cloudflare,eu-global
CRAWL-0037,web_crawl,Cloudflare,"Engineering Manager - Workers Runtime, Edge Team",Hybrid,https://boards.greenhouse.io/cloudflare/jobs/7653558?gh_jid=7653558,https://boards.greenhouse.io/cloudflare/jobs/7653558?gh_jid=7653558,https://boards.greenhouse.io/cloudflare/jobs/7653558?gh_jid=7653558,175,/home/runner/work/job-cv-match-0020/job-cv-match-0020/0020_raw_marti__bayo_alemany_curriculum.pdf,/home/runner/work/job-cv-match-0020/job-cv-match-0020/Marti__Bayo_Alemany_certificates_2020_compressed.pdf,70400-120000 EUR,queued,ok,greenhouse:cloudflare,eu-global
CRAWL-0038,web_crawl,Cloudflare,"Engineering Manager, Browser Run",Hybrid,https://boards.greenhouse.io/cloudflare/jobs/8099000?gh_jid=8099000,https://boards.greenhouse.io/cloudflare/jobs/8099000?gh_jid=8099000,https://boards.greenhouse.io/cloudflare/jobs/8099000?gh_jid=8099000,175,/home/runner/work/job-cv-match-0020/job-cv-match-0020/0020_raw_marti__bayo_alemany_curriculum.pdf,/home/runner/work/job-cv-match-0020/job-cv-match-0020/Marti__Bayo_Alemany_certificates_2020_compressed.pdf,70400-120000 EUR,queued,ok,greenhouse:cloudflare,eu-global
CRAWL-0039,web_crawl,Cloudflare,"Engineering Manager, Cloudflare Network Interconnect",Hybrid,https://boards.greenhouse.io/cloudflare/jobs/8083701?gh_jid=8083701,https://boards.greenhouse.io/cloudflare/jobs/8083701?gh_jid=8083701,https://boards.greenhouse.io/cloudflare/jobs/8083701?gh_jid=8083701,175,/home/runner/work/job-cv-match-0020/job-cv-match-0020/0020_raw_marti__bayo_alemany_curriculum.pdf,/home/runner/work/job-cv-match-0020/job-cv-match-0020/Marti__Bayo_Alemany_certificates_2020_compressed.pdf,70400-120000 EUR,queued,ok,greenhouse:cloudflare,eu-global
CRAWL-0040,web_crawl,Cloudflare,"Engineering Manager, Linux Team",Hybrid,https://boards.greenhouse.io/cloudflare/jobs/7647474?gh_jid=7647474,https://boards.greenhouse.io/cloudflare/jobs/7647474?gh_jid=7647474,https://boards.greenhouse.io/cloudflare/jobs/7647474?gh_jid=7647474,175,/home/runner/work/job-cv-match-0020/job-cv-match-0020/0020_raw_marti__bayo_alemany_curriculum.pdf,/home/runner/work/job-cv-match-0020/job-cv-match-0020/Marti__Bayo_Alemany_certificates_2020_compressed.pdf,70400-120000 EUR,queued,ok,greenhouse:cloudflare,eu-global
CRAWL-0041,web_crawl,Cloudflare,"Senior Customer Engineering Manager, Majors - Texas",Distributed,https://boards.greenhouse.io/cloudflare/jobs/8070722?gh_jid=8070722,https://boards.greenhouse.io/cloudflare/jobs/8070722?gh_jid=8070722,https://boards.greenhouse.io/cloudflare/jobs/8070722?gh_jid=8070722,175,/home/runner/work/job-cv-match-0020/job-cv-match-0020/0020_raw_marti__bayo_alemany_curriculum.pdf,/home/runner/work/job-cv-match-0020/job-cv-match-0020/Marti__Bayo_Alemany_certificates_2020_compressed.pdf,70400-120000 EUR,queued,ok,greenhouse:cloudflare,eu-global
CRAWL-0042,web_crawl,Cloudflare,Senior Engineering Manager - Cloudforce One,Hybrid,https://boards.greenhouse.io/cloudflare/jobs/8020472?gh_jid=8020472,https://boards.greenhouse.io/cloudflare/jobs/8020472?gh_jid=8020472,https://boards.greenhouse.io/cloudflare/jobs/8020472?gh_jid=8020472,175,/home/runner/work/job-cv-match-0020/job-cv-match-0020/0020_raw_marti__bayo_alemany_curriculum.pdf,/home/runner/work/job-cv-match-0020/job-cv-match-0020/Marti__Bayo_Alemany_certificates_2020_compressed.pdf,70400-120000 EUR,queued,ok,greenhouse:cloudflare,eu-global
CRAWL-0043,web_crawl,Cloudflare,"Senior Engineering Manager, AI Gateway",In-Office,https://boards.greenhouse.io/cloudflare/jobs/7997706?gh_jid=7997706,https://boards.greenhouse.io/cloudflare/jobs/7997706?gh_jid=7997706,https://boards.greenhouse.io/cloudflare/jobs/7997706?gh_jid=7997706,175,/home/runner/work/job-cv-match-0020/job-cv-match-0020/0020_raw_marti__bayo_alemany_curriculum.pdf,/home/runner/work/job-cv-match-0020/job-cv-match-0020/Marti__Bayo_Alemany_certificates_2020_compressed.pdf,70400-120000 EUR,queued,ok,greenhouse:cloudflare,eu-global
CRAWL-0044,web_crawl,Coinbase,Engineering Manager - Customer Experience AI,Remote - India,https://www.coinbase.com/careers/positions/7741187?gh_jid=7741187,https://www.coinbase.com/careers/positions/7741187?gh_jid=7741187,https://www.coinbase.com/careers/positions/7741187?gh_jid=7741187,175,/home/runner/work/job-cv-match-0020/job-cv-match-0020/0020_raw_marti__bayo_alemany_curriculum.pdf,/home/runner/work/job-cv-match-0020/job-cv-match-0020/Marti__Bayo_Alemany_certificates_2020_compressed.pdf,70400-120000 EUR,queued,ok,greenhouse:coinbase,eu-global
CRAWL-0045,web_crawl,Datadog,"Engineering Manager I, Commercial Audit","New York, New York, USA",https://careers.datadoghq.com/detail/8098939/?gh_jid=8098939,https://careers.datadoghq.com/detail/8098939/?gh_jid=8098939,https://careers.datadoghq.com/detail/8098939/?gh_jid=8098939,175,/home/runner/work/job-cv-match-0020/job-cv-match-0020/0020_raw_marti__bayo_alemany_curriculum.pdf,/home/runner/work/job-cv-match-0020/job-cv-match-0020/Marti__Bayo_Alemany_certificates_2020_compressed.pdf,70400-120000 EUR,queued,ok,greenhouse:datadog,eu-global
CRAWL-0046,web_crawl,Datadog,"Engineering Manager I, Threat Detection","New York, New York, USA",https://careers.datadoghq.com/detail/7958663/?gh_jid=7958663,https://careers.datadoghq.com/detail/7958663/?gh_jid=7958663,https://careers.datadoghq.com/detail/7958663/?gh_jid=7958663,175,/home/runner/work/job-cv-match-0020/job-cv-match-0020/0020_raw_marti__bayo_alemany_curriculum.pdf,/home/runner/work/job-cv-match-0020/job-cv-match-0020/Marti__Bayo_Alemany_certificates_2020_compressed.pdf,70400-120000 EUR,queued,ok,greenhouse:datadog,eu-global
CRAWL-0047,web_crawl,Discord,"Engineering Manager, Notifications",Remote,https://job-boards.greenhouse.io/discord/jobs/8537955002,https://job-boards.greenhouse.io/discord/jobs/8537955002,https://job-boards.greenhouse.io/discord/jobs/8537955002,175,/home/runner/work/job-cv-match-0020/job-cv-match-0020/0020_raw_marti__bayo_alemany_curriculum.pdf,/home/runner/work/job-cv-match-0020/job-cv-match-0020/Marti__Bayo_Alemany_certificates_2020_compressed.pdf,70400-120000 EUR,queued,ok,greenhouse:discord,eu-global
CRAWL-0048,web_crawl,Discord,"Engineering Manager, Platform Security",San Francisco Bay Area ,https://job-boards.greenhouse.io/discord/jobs/8649856002,https://job-boards.greenhouse.io/discord/jobs/8649856002,https://job-boards.greenhouse.io/discord/jobs/8649856002,175,/home/runner/work/job-cv-match-0020/job-cv-match-0020/0020_raw_marti__bayo_alemany_curriculum.pdf,/home/runner/work/job-cv-match-0020/job-cv-match-0020/Marti__Bayo_Alemany_certificates_2020_compressed.pdf,70400-120000 EUR,queued,ok,greenhouse:discord,eu-global
CRAWL-0049,web_crawl,Discord,"Engineering Manager, Revenue",San Francisco Bay Area or Remote,https://job-boards.greenhouse.io/discord/jobs/8502342002,https://job-boards.greenhouse.io/discord/jobs/8502342002,https://job-boards.greenhouse.io/discord/jobs/8502342002,175,/home/runner/work/job-cv-match-0020/job-cv-match-0020/0020_raw_marti__bayo_alemany_curriculum.pdf,/home/runner/work/job-cv-match-0020/job-cv-match-0020/Marti__Bayo_Alemany_certificates_2020_compressed.pdf,70400-120000 EUR,queued,ok,greenhouse:discord,eu-global
CRAWL-0050,web_crawl,Discord,"Engineering Manager, Safety",San Francisco Bay Area ,https://job-boards.greenhouse.io/discord/jobs/8637688002,https://job-boards.greenhouse.io/discord/jobs/8637688002,https://job-boards.greenhouse.io/discord/jobs/8637688002,175,/home/runner/work/job-cv-match-0020/job-cv-match-0020/0020_raw_marti__bayo_alemany_curriculum.pdf,/home/runner/work/job-cv-match-0020/job-cv-match-0020/Marti__Bayo_Alemany_certificates_2020_compressed.pdf,70400-120000 EUR,queued,ok,greenhouse:discord,eu-global
CRAWL-0051,web_crawl,Discord,"Engineering Manager, Social Commerce",San Francisco Bay Area,https://job-boards.greenhouse.io/discord/jobs/8509325002,https://job-boards.greenhouse.io/discord/jobs/8509325002,https://job-boards.greenhouse.io/discord/jobs/8509325002,175,/home/runner/work/job-cv-match-0020/job-cv-match-0020/0020_raw_marti__bayo_alemany_curriculum.pdf,/home/runner/work/job-cv-match-0020/job-cv-match-0020/Marti__Bayo_Alemany_certificates_2020_compressed.pdf,70400-120000 EUR,queued,ok,greenhouse:discord,eu-global
CRAWL-0052,web_crawl,GitLab,"Engineering Manager, AI Engineering: Chat","Remote, Americas; Remote, Canada; Remote, United Kingdom",https://job-boards.greenhouse.io/gitlab/jobs/8603824002,https://job-boards.greenhouse.io/gitlab/jobs/8603824002,https://job-boards.greenhouse.io/gitlab/jobs/8603824002,175,/home/runner/work/job-cv-match-0020/job-cv-match-0020/0020_raw_marti__bayo_alemany_curriculum.pdf,/home/runner/work/job-cv-match-0020/job-cv-match-0020/Marti__Bayo_Alemany_certificates_2020_compressed.pdf,70400-120000 EUR,queued,ok,greenhouse:gitlab,eu-global
CRAWL-0053,web_crawl,GitLab,"Engineering Manager, Cell Infrastructure","Bangalore, India",https://job-boards.greenhouse.io/gitlab/jobs/8615946002,https://job-boards.greenhouse.io/gitlab/jobs/8615946002,https://job-boards.greenhouse.io/gitlab/jobs/8615946002,175,/home/runner/work/job-cv-match-0020/job-cv-match-0020/0020_raw_marti__bayo_alemany_curriculum.pdf,/home/runner/work/job-cv-match-0020/job-cv-match-0020/Marti__Bayo_Alemany_certificates_2020_compressed.pdf,70400-120000 EUR,queued,ok,greenhouse:gitlab,eu-global
CRAWL-0054,web_crawl,GitLab,"Engineering Manager, Data Foundations","Remote, US",https://job-boards.greenhouse.io/gitlab/jobs/8592950002,https://job-boards.greenhouse.io/gitlab/jobs/8592950002,https://job-boards.greenhouse.io/gitlab/jobs/8592950002,175,/home/runner/work/job-cv-match-0020/job-cv-match-0020/0020_raw_marti__bayo_alemany_curriculum.pdf,/home/runner/work/job-cv-match-0020/job-cv-match-0020/Marti__Bayo_Alemany_certificates_2020_compressed.pdf,70400-120000 EUR,queued,ok,greenhouse:gitlab,eu-global
CRAWL-0055,web_crawl,GitLab,"Engineering Manager, Geo for Self-Managed Customers","Remote, United Kingdom",https://job-boards.greenhouse.io/gitlab/jobs/8607714002,https://job-boards.greenhouse.io/gitlab/jobs/8607714002,https://job-boards.greenhouse.io/gitlab/jobs/8607714002,175,/home/runner/work/job-cv-match-0020/job-cv-match-0020/0020_raw_marti__bayo_alemany_curriculum.pdf,/home/runner/work/job-cv-match-0020/job-cv-match-0020/Marti__Bayo_Alemany_certificates_2020_compressed.pdf,70400-120000 EUR,queued,ok,greenhouse:gitlab,eu-global
CRAWL-0056,web_crawl,GitLab,"Engineering Manager, Growth","Remote, Canada; Remote, US",https://job-boards.greenhouse.io/gitlab/jobs/8592891002,https://job-boards.greenhouse.io/gitlab/jobs/8592891002,https://job-boards.greenhouse.io/gitlab/jobs/8592891002,175,/home/runner/work/job-cv-match-0020/job-cv-match-0020/0020_raw_marti__bayo_alemany_curriculum.pdf,/home/runner/work/job-cv-match-0020/job-cv-match-0020/Marti__Bayo_Alemany_certificates_2020_compressed.pdf,70400-120000 EUR,queued,ok,greenhouse:gitlab,eu-global
CRAWL-0057,web_crawl,GitLab,"Engineering Manager, SSCS: Supply Chain","Bangalore, India",https://job-boards.greenhouse.io/gitlab/jobs/8478405002,https://job-boards.greenhouse.io/gitlab/jobs/8478405002,https://job-boards.greenhouse.io/gitlab/jobs/8478405002,175,/home/runner/work/job-cv-match-0020/job-cv-match-0020/0020_raw_marti__bayo_alemany_curriculum.pdf,/home/runner/work/job-cv-match-0020/job-cv-match-0020/Marti__Bayo_Alemany_certificates_2020_compressed.pdf,70400-120000 EUR,queued,ok,greenhouse:gitlab,eu-global
CRAWL-0058,web_crawl,GitLab,"Engineering Manager, Switchboard","Remote, United Kingdom",https://job-boards.greenhouse.io/gitlab/jobs/8586632002,https://job-boards.greenhouse.io/gitlab/jobs/8586632002,https://job-boards.greenhouse.io/gitlab/jobs/8586632002,175,/home/runner/work/job-cv-match-0020/job-cv-match-0020/0020_raw_marti__bayo_alemany_curriculum.pdf,/home/runner/work/job-cv-match-0020/job-cv-match-0020/Marti__Bayo_Alemany_certificates_2020_compressed.pdf,70400-120000 EUR,queued,ok,greenhouse:gitlab,eu-global
CRAWL-0059,web_crawl,GitLab,"Engineering Manager, Tenant Scale:Git","Remote, Canada; Remote, United Kingdom; Remote, United States",https://job-boards.greenhouse.io/gitlab/jobs/8617538002,https://job-boards.greenhouse.io/gitlab/jobs/8617538002,https://job-boards.greenhouse.io/gitlab/jobs/8617538002,175,/home/runner/work/job-cv-match-0020/job-cv-match-0020/0020_raw_marti__bayo_alemany_curriculum.pdf,/home/runner/work/job-cv-match-0020/job-cv-match-0020/Marti__Bayo_Alemany_certificates_2020_compressed.pdf,70400-120000 EUR,queued,ok,greenhouse:gitlab,eu-global
CRAWL-0060,web_crawl,GitLab,"Senior Engineering Manager, Non-Linear Productivity","Remote, Canada; Remote, United Kingdom; Remote, US",https://job-boards.greenhouse.io/gitlab/jobs/8626290002,https://job-boards.greenhouse.io/gitlab/jobs/8626290002,https://job-boards.greenhouse.io/gitlab/jobs/8626290002,175,/home/runner/work/job-cv-match-0020/job-cv-match-0020/0020_raw_marti__bayo_alemany_curriculum.pdf,/home/runner/work/job-cv-match-0020/job-cv-match-0020/Marti__Bayo_Alemany_certificates_2020_compressed.pdf,70400-120000 EUR,queued,ok,greenhouse:gitlab,eu-global
CRAWL-0061,web_crawl,Pinterest,"Engineering Manager I, Innovative Ad Formats","San Francisco, CA, US; Palo Alto, CA, US",https://www.pinterestcareers.com/jobs/?gh_jid=7684573,https://www.pinterestcareers.com/jobs/?gh_jid=7684573,https://www.pinterestcareers.com/jobs/?gh_jid=7684573,175,/home/runner/work/job-cv-match-0020/job-cv-match-0020/0020_raw_marti__bayo_alemany_curriculum.pdf,/home/runner/work/job-cv-match-0020/job-cv-match-0020/Marti__Bayo_Alemany_certificates_2020_compressed.pdf,70400-120000 EUR,queued,ok,greenhouse:pinterest,eu-global
CRAWL-0062,web_crawl,Pinterest,"Engineering Manager II, Media Rendering","San Francisco, CA, US; Remote, US",https://www.pinterestcareers.com/jobs/?gh_jid=8051472,https://www.pinterestcareers.com/jobs/?gh_jid=8051472,https://www.pinterestcareers.com/jobs/?gh_jid=8051472,175,/home/runner/work/job-cv-match-0020/job-cv-match-0020/0020_raw_marti__bayo_alemany_curriculum.pdf,/home/runner/work/job-cv-match-0020/job-cv-match-0020/Marti__Bayo_Alemany_certificates_2020_compressed.pdf,70400-120000 EUR,queued,ok,greenhouse:pinterest,eu-global
CRAWL-0063,web_crawl,Pinterest,"Sr. Engineering Manager, Programmatic Ad Tech, tvScientific","San Francisco, CA, US; Remote, US",https://www.pinterestcareers.com/jobs/?gh_jid=7782569,https://www.pinterestcareers.com/jobs/?gh_jid=7782569,https://www.pinterestcareers.com/jobs/?gh_jid=7782569,175,/home/runner/work/job-cv-match-0020/job-cv-match-0020/0020_raw_marti__bayo_alemany_curriculum.pdf,/home/runner/work/job-cv-match-0020/job-cv-match-0020/Marti__Bayo_Alemany_certificates_2020_compressed.pdf,70400-120000 EUR,queued,ok,greenhouse:pinterest,eu-global
CRAWL-0064,web_crawl,Reddit,"Ads Conversion Modeling, Machine Learning Engineering Manager",Remote - United States,https://job-boards.greenhouse.io/reddit/jobs/7792848,https://job-boards.greenhouse.io/reddit/jobs/7792848,https://job-boards.greenhouse.io/reddit/jobs/7792848,175,/home/runner/work/job-cv-match-0020/job-cv-match-0020/0020_raw_marti__bayo_alemany_curriculum.pdf,/home/runner/work/job-cv-match-0020/job-cv-match-0020/Marti__Bayo_Alemany_certificates_2020_compressed.pdf,70400-120000 EUR,queued,ok,greenhouse:reddit,eu-global
CRAWL-0065,web_crawl,Reddit,"Engineering Manager, Ads ML Efficiency",Remote - United States,https://job-boards.greenhouse.io/reddit/jobs/8022366,https://job-boards.greenhouse.io/reddit/jobs/8022366,https://job-boards.greenhouse.io/reddit/jobs/8022366,175,/home/runner/work/job-cv-match-0020/job-cv-match-0020/0020_raw_marti__bayo_alemany_curriculum.pdf,/home/runner/work/job-cv-match-0020/job-cv-match-0020/Marti__Bayo_Alemany_certificates_2020_compressed.pdf,70400-120000 EUR,queued,ok,greenhouse:reddit,eu-global
CRAWL-0066,web_crawl,Reddit,"Engineering Manager, Advanced Signals (SWE)",Remote - United States,https://job-boards.greenhouse.io/reddit/jobs/7966985,https://job-boards.greenhouse.io/reddit/jobs/7966985,https://job-boards.greenhouse.io/reddit/jobs/7966985,175,/home/runner/work/job-cv-match-0020/job-cv-match-0020/0020_raw_marti__bayo_alemany_curriculum.pdf,/home/runner/work/job-cv-match-0020/job-cv-match-0020/Marti__Bayo_Alemany_certificates_2020_compressed.pdf,70400-120000 EUR,queued,ok,greenhouse:reddit,eu-global
CRAWL-0067,web_crawl,Reddit,"Engineering Manager, Search Storage",Remote - United States,https://job-boards.greenhouse.io/reddit/jobs/7859086,https://job-boards.greenhouse.io/reddit/jobs/7859086,https://job-boards.greenhouse.io/reddit/jobs/7859086,175,/home/runner/work/job-cv-match-0020/job-cv-match-0020/0020_raw_marti__bayo_alemany_curriculum.pdf,/home/runner/work/job-cv-match-0020/job-cv-match-0020/Marti__Bayo_Alemany_certificates_2020_compressed.pdf,70400-120000 EUR,queued,ok,greenhouse:reddit,eu-global
CRAWL-0068,web_crawl,Reddit,Machine Learning Engineering Manager - Ads Engagement Modeling,Remote - United States,https://job-boards.greenhouse.io/reddit/jobs/7993514,https://job-boards.greenhouse.io/reddit/jobs/7993514,https://job-boards.greenhouse.io/reddit/jobs/7993514,175,/home/runner/work/job-cv-match-0020/job-cv-match-0020/0020_raw_marti__bayo_alemany_curriculum.pdf,/home/runner/work/job-cv-match-0020/job-cv-match-0020/Marti__Bayo_Alemany_certificates_2020_compressed.pdf,70400-120000 EUR,queued,ok,greenhouse:reddit,eu-global
CRAWL-0069,web_crawl,Reddit,"Senior Engineering Manager, Unified Embeddings Platform",Remote - United States,https://job-boards.greenhouse.io/reddit/jobs/7359367,https://job-boards.greenhouse.io/reddit/jobs/7359367,https://job-boards.greenhouse.io/reddit/jobs/7359367,175,/home/runner/work/job-cv-match-0020/job-cv-match-0020/0020_raw_marti__bayo_alemany_curriculum.pdf,/home/runner/work/job-cv-match-0020/job-cv-match-0020/Marti__Bayo_Alemany_certificates_2020_compressed.pdf,70400-120000 EUR,queued,ok,greenhouse:reddit,eu-global
CRAWL-0070,web_crawl,Robinhood,Senior Engineering Manager,"New York, NY",https://boards.greenhouse.io/robinhood/jobs/7804654?t=gh_src=&gh_jid=7804654,https://boards.greenhouse.io/robinhood/jobs/7804654?t=gh_src=&gh_jid=7804654,https://boards.greenhouse.io/robinhood/jobs/7804654?t=gh_src=&gh_jid=7804654,175,/home/runner/work/job-cv-match-0020/job-cv-match-0020/0020_raw_marti__bayo_alemany_curriculum.pdf,/home/runner/work/job-cv-match-0020/job-cv-match-0020/Marti__Bayo_Alemany_certificates_2020_compressed.pdf,70400-120000 EUR,queued,ok,greenhouse:robinhood,eu-global
CRAWL-0071,web_crawl,Spotify,Engineering Manager - Data Platform,London,https://jobs.lever.co/spotify/abcc8b41-7553-4054-b5eb-8d3e49e00e25,https://jobs.lever.co/spotify/abcc8b41-7553-4054-b5eb-8d3e49e00e25,https://jobs.lever.co/spotify/abcc8b41-7553-4054-b5eb-8d3e49e00e25,175,/home/runner/work/job-cv-match-0020/job-cv-match-0020/0020_raw_marti__bayo_alemany_curriculum.pdf,/home/runner/work/job-cv-match-0020/job-cv-match-0020/Marti__Bayo_Alemany_certificates_2020_compressed.pdf,70400-120000 EUR,queued,ok,lever:spotify,eu-global
CRAWL-0072,web_crawl,Spotify,Engineering Manager - Experimentation,Stockholm,https://jobs.lever.co/spotify/64ef2493-3b1e-407a-ac07-9e95a57f6d7c,https://jobs.lever.co/spotify/64ef2493-3b1e-407a-ac07-9e95a57f6d7c,https://jobs.lever.co/spotify/64ef2493-3b1e-407a-ac07-9e95a57f6d7c,175,/home/runner/work/job-cv-match-0020/job-cv-match-0020/0020_raw_marti__bayo_alemany_curriculum.pdf,/home/runner/work/job-cv-match-0020/job-cv-match-0020/Marti__Bayo_Alemany_certificates_2020_compressed.pdf,70400-120000 EUR,queued,ok,lever:spotify,eu-global
CRAWL-0073,web_crawl,Spotify,Engineering Manager - Social Listening,Stockholm,https://jobs.lever.co/spotify/b12565d7-30fb-4eee-84df-9ea90da70174,https://jobs.lever.co/spotify/b12565d7-30fb-4eee-84df-9ea90da70174,https://jobs.lever.co/spotify/b12565d7-30fb-4eee-84df-9ea90da70174,175,/home/runner/work/job-cv-match-0020/job-cv-match-0020/0020_raw_marti__bayo_alemany_curriculum.pdf,/home/runner/work/job-cv-match-0020/job-cv-match-0020/Marti__Bayo_Alemany_certificates_2020_compressed.pdf,70400-120000 EUR,queued,ok,lever:spotify,eu-global
CRAWL-0074,web_crawl,Spotify,Engineering Manager – Messaging Platform & Tooling,"New York, NY",https://jobs.lever.co/spotify/aaa18791-cdb6-493a-87c8-ef233f848a99,https://jobs.lever.co/spotify/aaa18791-cdb6-493a-87c8-ef233f848a99,https://jobs.lever.co/spotify/aaa18791-cdb6-493a-87c8-ef233f848a99,175,/home/runner/work/job-cv-match-0020/job-cv-match-0020/0020_raw_marti__bayo_alemany_curriculum.pdf,/home/runner/work/job-cv-match-0020/job-cv-match-0020/Marti__Bayo_Alemany_certificates_2020_compressed.pdf,70400-120000 EUR,queued,ok,lever:spotify,eu-global
CRAWL-0075,web_crawl,Spotify,"Machine Learning Engineering Manager, Personalization","New York, NY",https://jobs.lever.co/spotify/aca5697a-a87a-415e-8d58-627bb782cce8,https://jobs.lever.co/spotify/aca5697a-a87a-415e-8d58-627bb782cce8,https://jobs.lever.co/spotify/aca5697a-a87a-415e-8d58-627bb782cce8,175,/home/runner/work/job-cv-match-0020/job-cv-match-0020/0020_raw_marti__bayo_alemany_curriculum.pdf,/home/runner/work/job-cv-match-0020/job-cv-match-0020/Marti__Bayo_Alemany_certificates_2020_compressed.pdf,70400-120000 EUR,queued,ok,lever:spotify,eu-global
CRAWL-0076,web_crawl,Stripe,Engineering Manager - Core Performance,"Sydney, Australia",https://stripe.com/jobs/search?gh_jid=7835108,https://stripe.com/jobs/search?gh_jid=7835108,https://stripe.com/jobs/search?gh_jid=7835108,175,/home/runner/work/job-cv-match-0020/job-cv-match-0020/0020_raw_marti__bayo_alemany_curriculum.pdf,/home/runner/work/job-cv-match-0020/job-cv-match-0020/Marti__Bayo_Alemany_certificates_2020_compressed.pdf,70400-120000 EUR,queued,ok,greenhouse:stripe,eu-global
CRAWL-0077,web_crawl,Stripe,"Engineering Manager, AI Conversation Platform","Toronto, Canada",https://stripe.com/jobs/search?gh_jid=7943804,https://stripe.com/jobs/search?gh_jid=7943804,https://stripe.com/jobs/search?gh_jid=7943804,175,/home/runner/work/job-cv-match-0020/job-cv-match-0020/0020_raw_marti__bayo_alemany_curriculum.pdf,/home/runner/work/job-cv-match-0020/job-cv-match-0020/Marti__Bayo_Alemany_certificates_2020_compressed.pdf,70400-120000 EUR,queued,ok,greenhouse:stripe,eu-global
CRAWL-0078,web_crawl,Stripe,"Engineering Manager, APAC & EMEA Cards",Singapore,https://stripe.com/jobs/search?gh_jid=7841757,https://stripe.com/jobs/search?gh_jid=7841757,https://stripe.com/jobs/search?gh_jid=7841757,175,/home/runner/work/job-cv-match-0020/job-cv-match-0020/0020_raw_marti__bayo_alemany_curriculum.pdf,/home/runner/work/job-cv-match-0020/job-cv-match-0020/Marti__Bayo_Alemany_certificates_2020_compressed.pdf,70400-120000 EUR,queued,ok,greenhouse:stripe,eu-global
CRAWL-0079,web_crawl,Stripe,"Engineering Manager, Forward Deployed (Privy)",NYC-Privy,https://stripe.com/jobs/search?gh_jid=7947546,https://stripe.com/jobs/search?gh_jid=7947546,https://stripe.com/jobs/search?gh_jid=7947546,175,/home/runner/work/job-cv-match-0020/job-cv-match-0020/0020_raw_marti__bayo_alemany_curriculum.pdf,/home/runner/work/job-cv-match-0020/job-cv-match-0020/Marti__Bayo_Alemany_certificates_2020_compressed.pdf,70400-120000 EUR,queued,ok,greenhouse:stripe,eu-global
CRAWL-0080,web_crawl,Stripe,"Engineering Manager, Metronome (Billing)","Toronto, Canada",https://stripe.com/jobs/search?gh_jid=7737243,https://stripe.com/jobs/search?gh_jid=7737243,https://stripe.com/jobs/search?gh_jid=7737243,175,/home/runner/work/job-cv-match-0020/job-cv-match-0020/0020_raw_marti__bayo_alemany_curriculum.pdf,/home/runner/work/job-cv-match-0020/job-cv-match-0020/Marti__Bayo_Alemany_certificates_2020_compressed.pdf,70400-120000 EUR,queued,ok,greenhouse:stripe,eu-global
CRAWL-0081,web_crawl,Stripe,"Engineering Manager, Operator Tooling",Bucharest,https://stripe.com/jobs/search?gh_jid=7475396,https://stripe.com/jobs/search?gh_jid=7475396,https://stripe.com/jobs/search?gh_jid=7475396,175,/home/runner/work/job-cv-match-0020/job-cv-match-0020/0020_raw_marti__bayo_alemany_curriculum.pdf,/home/runner/work/job-cv-match-0020/job-cv-match-0020/Marti__Bayo_Alemany_certificates_2020_compressed.pdf,70400-120000 EUR,queued,ok,greenhouse:stripe,eu-global
CRAWL-0082,web_crawl,Stripe,"Engineering Manager, Payments",Singapore,https://stripe.com/jobs/search?gh_jid=8104767,https://stripe.com/jobs/search?gh_jid=8104767,https://stripe.com/jobs/search?gh_jid=8104767,175,/home/runner/work/job-cv-match-0020/job-cv-match-0020/0020_raw_marti__bayo_alemany_curriculum.pdf,/home/runner/work/job-cv-match-0020/job-cv-match-0020/Marti__Bayo_Alemany_certificates_2020_compressed.pdf,70400-120000 EUR,queued,ok,greenhouse:stripe,eu-global
CRAWL-0083,web_crawl,Stripe,"Engineering Manager, Product (Privy)",NYC-Privy,https://stripe.com/jobs/search?gh_jid=7913545,https://stripe.com/jobs/search?gh_jid=7913545,https://stripe.com/jobs/search?gh_jid=7913545,175,/home/runner/work/job-cv-match-0020/job-cv-match-0020/0020_raw_marti__bayo_alemany_curriculum.pdf,/home/runner/work/job-cv-match-0020/job-cv-match-0020/Marti__Bayo_Alemany_certificates_2020_compressed.pdf,70400-120000 EUR,queued,ok,greenhouse:stripe,eu-global
CRAWL-0084,web_crawl,Stripe,"Engineering Manager, Sales Systems",Bengaluru,https://stripe.com/jobs/search?gh_jid=7525370,https://stripe.com/jobs/search?gh_jid=7525370,https://stripe.com/jobs/search?gh_jid=7525370,175,/home/runner/work/job-cv-match-0020/job-cv-match-0020/0020_raw_marti__bayo_alemany_curriculum.pdf,/home/runner/work/job-cv-match-0020/job-cv-match-0020/Marti__Bayo_Alemany_certificates_2020_compressed.pdf,70400-120000 EUR,queued,ok,greenhouse:stripe,eu-global
CRAWL-0085,web_crawl,Stripe,"Engineering Manager, Startup Products",N/A,https://stripe.com/jobs/search?gh_jid=8090147,https://stripe.com/jobs/search?gh_jid=8090147,https://stripe.com/jobs/search?gh_jid=8090147,175,/home/runner/work/job-cv-match-0020/job-cv-match-0020/0020_raw_marti__bayo_alemany_curriculum.pdf,/home/runner/work/job-cv-match-0020/job-cv-match-0020/Marti__Bayo_Alemany_certificates_2020_compressed.pdf,70400-120000 EUR,queued,ok,greenhouse:stripe,eu-global
CRAWL-0086,web_crawl,Stripe,"Engineering Manager, Tax Platform","San Francisco, California",https://stripe.com/jobs/search?gh_jid=8080238,https://stripe.com/jobs/search?gh_jid=8080238,https://stripe.com/jobs/search?gh_jid=8080238,175,/home/runner/work/job-cv-match-0020/job-cv-match-0020/0020_raw_marti__bayo_alemany_curriculum.pdf,/home/runner/work/job-cv-match-0020/job-cv-match-0020/Marti__Bayo_Alemany_certificates_2020_compressed.pdf,70400-120000 EUR,queued,ok,greenhouse:stripe,eu-global
CRAWL-0087,web_crawl,Stripe,"Engineering Manager, Terminal","Toronto, Canada",https://stripe.com/jobs/search?gh_jid=7769005,https://stripe.com/jobs/search?gh_jid=7769005,https://stripe.com/jobs/search?gh_jid=7769005,175,/home/runner/work/job-cv-match-0020/job-cv-match-0020/0020_raw_marti__bayo_alemany_curriculum.pdf,/home/runner/work/job-cv-match-0020/job-cv-match-0020/Marti__Bayo_Alemany_certificates_2020_compressed.pdf,70400-120000 EUR,queued,ok,greenhouse:stripe,eu-global
CRAWL-0088,web_crawl,Stripe,Machine Learning Engineering Manager - Fraud Detection,N/A,https://stripe.com/jobs/search?gh_jid=8069506,https://stripe.com/jobs/search?gh_jid=8069506,https://stripe.com/jobs/search?gh_jid=8069506,175,/home/runner/work/job-cv-match-0020/job-cv-match-0020/0020_raw_marti__bayo_alemany_curriculum.pdf,/home/runner/work/job-cv-match-0020/job-cv-match-0020/Marti__Bayo_Alemany_certificates_2020_compressed.pdf,70400-120000 EUR,queued,ok,greenhouse:stripe,eu-global
CRAWL-0089,web_crawl,Stripe,Technical Solutions Engineering Manager,San Francisco or Seattle,https://stripe.com/jobs/search?gh_jid=8079858,https://stripe.com/jobs/search?gh_jid=8079858,https://stripe.com/jobs/search?gh_jid=8079858,175,/home/runner/work/job-cv-match-0020/job-cv-match-0020/0020_raw_marti__bayo_alemany_curriculum.pdf,/home/runner/work/job-cv-match-0020/job-cv-match-0020/Marti__Bayo_Alemany_certificates_2020_compressed.pdf,70400-120000 EUR,queued,ok,greenhouse:stripe,eu-global
CRAWL-0090,web_crawl,Twilio,Senior Engineering Manager V&V Media,"Remote - Alberta, Canada (DNU)",https://job-boards.greenhouse.io/twilio/jobs/8067500,https://job-boards.greenhouse.io/twilio/jobs/8067500,https://job-boards.greenhouse.io/twilio/jobs/8067500,175,/home/runner/work/job-cv-match-0020/job-cv-match-0020/0020_raw_marti__bayo_alemany_curriculum.pdf,/home/runner/work/job-cv-match-0020/job-cv-match-0020/Marti__Bayo_Alemany_certificates_2020_compressed.pdf,70400-120000 EUR,queued,ok,greenhouse:twilio,eu-global
CRAWL-0091,web_crawl,Twilio,Senior Engineering Manager V&V Media,Remote - US,https://job-boards.greenhouse.io/twilio/jobs/8067678,https://job-boards.greenhouse.io/twilio/jobs/8067678,https://job-boards.greenhouse.io/twilio/jobs/8067678,175,/home/runner/work/job-cv-match-0020/job-cv-match-0020/0020_raw_marti__bayo_alemany_curriculum.pdf,/home/runner/work/job-cv-match-0020/job-cv-match-0020/Marti__Bayo_Alemany_certificates_2020_compressed.pdf,70400-120000 EUR,queued,ok,greenhouse:twilio,eu-global
CRAWL-0092,web_crawl,Twilio,Senior Engineering Manager V&V Media,"Remote - Ontario, Canada (DNU)",https://job-boards.greenhouse.io/twilio/jobs/8067501,https://job-boards.greenhouse.io/twilio/jobs/8067501,https://job-boards.greenhouse.io/twilio/jobs/8067501,175,/home/runner/work/job-cv-match-0020/job-cv-match-0020/0020_raw_marti__bayo_alemany_curriculum.pdf,/home/runner/work/job-cv-match-0020/job-cv-match-0020/Marti__Bayo_Alemany_certificates_2020_compressed.pdf,70400-120000 EUR,queued,ok,greenhouse:twilio,eu-global
CRAWL-0093,web_crawl,Twilio,Senior Engineering Manager V&V Media,Remote - United Kingdom,https://job-boards.greenhouse.io/twilio/jobs/8067147,https://job-boards.greenhouse.io/twilio/jobs/8067147,https://job-boards.greenhouse.io/twilio/jobs/8067147,175,/home/runner/work/job-cv-match-0020/job-cv-match-0020/0020_raw_marti__bayo_alemany_curriculum.pdf,/home/runner/work/job-cv-match-0020/job-cv-match-0020/Marti__Bayo_Alemany_certificates_2020_compressed.pdf,70400-120000 EUR,queued,ok,greenhouse:twilio,eu-global
CRAWL-0094,web_crawl,Twilio,"Senior Engineering Manager, Voice and Video",Remote - Ireland,https://job-boards.greenhouse.io/twilio/jobs/8073683,https://job-boards.greenhouse.io/twilio/jobs/8073683,https://job-boards.greenhouse.io/twilio/jobs/8073683,175,/home/runner/work/job-cv-match-0020/job-cv-match-0020/0020_raw_marti__bayo_alemany_curriculum.pdf,/home/runner/work/job-cv-match-0020/job-cv-match-0020/Marti__Bayo_Alemany_certificates_2020_compressed.pdf,70400-120000 EUR,queued,ok,greenhouse:twilio,eu-global
CRAWL-0095,web_crawl,Twilio,Tech Lead /Sr. Principal Engineer (L6),Remote - India,https://job-boards.greenhouse.io/twilio/jobs/7966928,https://job-boards.greenhouse.io/twilio/jobs/7966928,https://job-boards.greenhouse.io/twilio/jobs/7966928,175,/home/runner/work/job-cv-match-0020/job-cv-match-0020/0020_raw_marti__bayo_alemany_curriculum.pdf,/home/runner/work/job-cv-match-0020/job-cv-match-0020/Marti__Bayo_Alemany_certificates_2020_compressed.pdf,70400-120000 EUR,queued,ok,greenhouse:twilio,eu-global
CRAWL-0096,web_crawl,Airbnb,"Tech Lead Manager, Finance Integrations & Automation - BizTech","Bangalore, India",https://careers.airbnb.com/positions/8102684?gh_jid=8102684,https://careers.airbnb.com/positions/8102684?gh_jid=8102684,https://careers.airbnb.com/positions/8102684?gh_jid=8102684,120,/home/runner/work/job-cv-match-0020/job-cv-match-0020/0020_raw_marti__bayo_alemany_curriculum.pdf,/home/runner/work/job-cv-match-0020/job-cv-match-0020/Marti__Bayo_Alemany_certificates_2020_compressed.pdf,70400-120000 EUR,queued,ok,greenhouse:airbnb,eu-global
CRAWL-0097,web_crawl,Asana,"Group Tech Lead, Security Operations",Warsaw,https://www.asana.com/jobs/apply/7380414?gh_jid=7380414,https://www.asana.com/jobs/apply/7380414?gh_jid=7380414,https://www.asana.com/jobs/apply/7380414?gh_jid=7380414,120,/home/runner/work/job-cv-match-0020/job-cv-match-0020/0020_raw_marti__bayo_alemany_curriculum.pdf,/home/runner/work/job-cv-match-0020/job-cv-match-0020/Marti__Bayo_Alemany_certificates_2020_compressed.pdf,70400-120000 EUR,queued,ok,greenhouse:asana,eu-global
CRAWL-0098,web_crawl,Asana,"Tech Lead, Platform Reliability Engineering",Warsaw,https://www.asana.com/jobs/apply/7557481?gh_jid=7557481,https://www.asana.com/jobs/apply/7557481?gh_jid=7557481,https://www.asana.com/jobs/apply/7557481?gh_jid=7557481,120,/home/runner/work/job-cv-match-0020/job-cv-match-0020/0020_raw_marti__bayo_alemany_curriculum.pdf,/home/runner/work/job-cv-match-0020/job-cv-match-0020/Marti__Bayo_Alemany_certificates_2020_compressed.pdf,70400-120000 EUR,queued,ok,greenhouse:asana,eu-global
CRAWL-0099,web_crawl,Elastic,"Tech Lead, Agent Framework - Observability",United States,https://jobs.elastic.co/jobs?gh_jid=8071641&gh_jid=8071641,https://jobs.elastic.co/jobs?gh_jid=8071641&gh_jid=8071641,https://jobs.elastic.co/jobs?gh_jid=8071641&gh_jid=8071641,120,/home/runner/work/job-cv-match-0020/job-cv-match-0020/0020_raw_marti__bayo_alemany_curriculum.pdf,/home/runner/work/job-cv-match-0020/job-cv-match-0020/Marti__Bayo_Alemany_certificates_2020_compressed.pdf,70400-120000 EUR,queued,ok,greenhouse:elastic,eu-global
CRAWL-0100,web_crawl,Elastic,"Tech Lead, Agent Framework - Observability",Portugal,https://jobs.elastic.co/jobs?gh_jid=8071582&gh_jid=8071582,https://jobs.elastic.co/jobs?gh_jid=8071582&gh_jid=8071582,https://jobs.elastic.co/jobs?gh_jid=8071582&gh_jid=8071582,120,/home/runner/work/job-cv-match-0020/job-cv-match-0020/0020_raw_marti__bayo_alemany_curriculum.pdf,/home/runner/work/job-cv-match-0020/job-cv-match-0020/Marti__Bayo_Alemany_certificates_2020_compressed.pdf,70400-120000 EUR,queued,ok,greenhouse:elastic,eu-global
CRAWL-0101,web_crawl,Elastic,"Tech Lead, Agent Framework - Observability",Ireland,https://jobs.elastic.co/jobs?gh_jid=8071620&gh_jid=8071620,https://jobs.elastic.co/jobs?gh_jid=8071620&gh_jid=8071620,https://jobs.elastic.co/jobs?gh_jid=8071620&gh_jid=8071620,120,/home/runner/work/job-cv-match-0020/job-cv-match-0020/0020_raw_marti__bayo_alemany_curriculum.pdf,/home/runner/work/job-cv-match-0020/job-cv-match-0020/Marti__Bayo_Alemany_certificates_2020_compressed.pdf,70400-120000 EUR,queued,ok,greenhouse:elastic,eu-global
CRAWL-0102,web_crawl,Elastic,"Tech Lead, Agent Framework - Observability",Spain,https://jobs.elastic.co/jobs?gh_jid=8059920&gh_jid=8059920,https://jobs.elastic.co/jobs?gh_jid=8059920&gh_jid=8059920,https://jobs.elastic.co/jobs?gh_jid=8059920&gh_jid=8059920,120,/home/runner/work/job-cv-match-0020/job-cv-match-0020/0020_raw_marti__bayo_alemany_curriculum.pdf,/home/runner/work/job-cv-match-0020/job-cv-match-0020/Marti__Bayo_Alemany_certificates_2020_compressed.pdf,70400-120000 EUR,queued,ok,greenhouse:elastic,eu-global
CRAWL-0103,web_crawl,Stripe,Tax Technology Lead,"San Francisco, Seattle, New York",https://stripe.com/jobs/search?gh_jid=7905025,https://stripe.com/jobs/search?gh_jid=7905025,https://stripe.com/jobs/search?gh_jid=7905025,120,/home/runner/work/job-cv-match-0020/job-cv-match-0020/0020_raw_marti__bayo_alemany_curriculum.pdf,/home/runner/work/job-cv-match-0020/job-cv-match-0020/Marti__Bayo_Alemany_certificates_2020_compressed.pdf,70400-120000 EUR,queued,ok,greenhouse:stripe,eu-global
CRAWL-0104,web_crawl,Twilio,Software Architect (L6),Remote - India,https://job-boards.greenhouse.io/twilio/jobs/7825089,https://job-boards.greenhouse.io/twilio/jobs/7825089,https://job-boards.greenhouse.io/twilio/jobs/7825089,120,/home/runner/work/job-cv-match-0020/job-cv-match-0020/0020_raw_marti__bayo_alemany_curriculum.pdf,/home/runner/work/job-cv-match-0020/job-cv-match-0020/Marti__Bayo_Alemany_certificates_2020_compressed.pdf,70400-120000 EUR,queued,ok,greenhouse:twilio,eu-global
CRAWL-0105,web_crawl,Twilio,"Tech Lead, Applied Research - Emerging Tech",Remote - US,https://job-boards.greenhouse.io/twilio/jobs/8011576,https://job-boards.greenhouse.io/twilio/jobs/8011576,https://job-boards.greenhouse.io/twilio/jobs/8011576,120,/home/runner/work/job-cv-match-0020/job-cv-match-0020/0020_raw_marti__bayo_alemany_curriculum.pdf,/home/runner/work/job-cv-match-0020/job-cv-match-0020/Marti__Bayo_Alemany_certificates_2020_compressed.pdf,70400-120000 EUR,queued,ok,greenhouse:twilio,eu-global
CRAWL-0106,web_crawl,Airtable,Senior Partner Solutions Architect," London, England UK, Remote - US",https://job-boards.greenhouse.io/airtable/jobs/8461582002,https://job-boards.greenhouse.io/airtable/jobs/8461582002,https://job-boards.greenhouse.io/airtable/jobs/8461582002,115,/home/runner/work/job-cv-match-0020/job-cv-match-0020/0020_raw_marti__bayo_alemany_curriculum.pdf,/home/runner/work/job-cv-match-0020/job-cv-match-0020/Marti__Bayo_Alemany_certificates_2020_compressed.pdf,70400-120000 EUR,queued,ok,greenhouse:airtable,eu-global
CRAWL-0107,web_crawl,Airtable,Senior Solutions Architect,Remote - US,https://job-boards.greenhouse.io/airtable/jobs/8498915002,https://job-boards.greenhouse.io/airtable/jobs/8498915002,https://job-boards.greenhouse.io/airtable/jobs/8498915002,115,/home/runner/work/job-cv-match-0020/job-cv-match-0020/0020_raw_marti__bayo_alemany_curriculum.pdf,/home/runner/work/job-cv-match-0020/job-cv-match-0020/Marti__Bayo_Alemany_certificates_2020_compressed.pdf,70400-120000 EUR,queued,ok,greenhouse:airtable,eu-global
CRAWL-0108,web_crawl,Airtable,Senior Solutions Architect- West Coast,Remote-US,https://job-boards.greenhouse.io/airtable/jobs/8597941002,https://job-boards.greenhouse.io/airtable/jobs/8597941002,https://job-boards.greenhouse.io/airtable/jobs/8597941002,115,/home/runner/work/job-cv-match-0020/job-cv-match-0020/0020_raw_marti__bayo_alemany_curriculum.pdf,/home/runner/work/job-cv-match-0020/job-cv-match-0020/Marti__Bayo_Alemany_certificates_2020_compressed.pdf,70400-120000 EUR,queued,ok,greenhouse:airtable,eu-global
CRAWL-0109,web_crawl,Asana,Salesforce Technical Architect,Warsaw,https://www.asana.com/jobs/apply/7918575?gh_jid=7918575,https://www.asana.com/jobs/apply/7918575?gh_jid=7918575,https://www.asana.com/jobs/apply/7918575?gh_jid=7918575,115,/home/runner/work/job-cv-match-0020/job-cv-match-0020/0020_raw_marti__bayo_alemany_curriculum.pdf,/home/runner/work/job-cv-match-0020/job-cv-match-0020/Marti__Bayo_Alemany_certificates_2020_compressed.pdf,70400-120000 EUR,queued,ok,greenhouse:asana,eu-global
CRAWL-0110,web_crawl,Asana,Senior Solutions Architect,Dublin,https://www.asana.com/jobs/apply/8027399?gh_jid=8027399,https://www.asana.com/jobs/apply/8027399?gh_jid=8027399,https://www.asana.com/jobs/apply/8027399?gh_jid=8027399,115,/home/runner/work/job-cv-match-0020/job-cv-match-0020/0020_raw_marti__bayo_alemany_curriculum.pdf,/home/runner/work/job-cv-match-0020/job-cv-match-0020/Marti__Bayo_Alemany_certificates_2020_compressed.pdf,70400-120000 EUR,queued,ok,greenhouse:asana,eu-global
CRAWL-0111,web_crawl,Cloudflare,"Partner Solutions Architect- Service Providers Location New York, Atlanta, Charlotte, New Jersey and FL",Distributed,https://boards.greenhouse.io/cloudflare/jobs/8049820?gh_jid=8049820,https://boards.greenhouse.io/cloudflare/jobs/8049820?gh_jid=8049820,https://boards.greenhouse.io/cloudflare/jobs/8049820?gh_jid=8049820,115,/home/runner/work/job-cv-match-0020/job-cv-match-0020/0020_raw_marti__bayo_alemany_curriculum.pdf,/home/runner/work/job-cv-match-0020/job-cv-match-0020/Marti__Bayo_Alemany_certificates_2020_compressed.pdf,70400-120000 EUR,queued,ok,greenhouse:cloudflare,eu-global
CRAWL-0112,web_crawl,Cloudflare,Principal Solutions Architect - APAC,Hybrid,https://boards.greenhouse.io/cloudflare/jobs/8040851?gh_jid=8040851,https://boards.greenhouse.io/cloudflare/jobs/8040851?gh_jid=8040851,https://boards.greenhouse.io/cloudflare/jobs/8040851?gh_jid=8040851,115,/home/runner/work/job-cv-match-0020/job-cv-match-0020/0020_raw_marti__bayo_alemany_curriculum.pdf,/home/runner/work/job-cv-match-0020/job-cv-match-0020/Marti__Bayo_Alemany_certificates_2020_compressed.pdf,70400-120000 EUR,queued,ok,greenhouse:cloudflare,eu-global
CRAWL-0113,web_crawl,Coinbase,Solutions Architect,"Hybrid - London, UK",https://www.coinbase.com/careers/positions/8096720?gh_jid=8096720,https://www.coinbase.com/careers/positions/8096720?gh_jid=8096720,https://www.coinbase.com/careers/positions/8096720?gh_jid=8096720,115,/home/runner/work/job-cv-match-0020/job-cv-match-0020/0020_raw_marti__bayo_alemany_curriculum.pdf,/home/runner/work/job-cv-match-0020/job-cv-match-0020/Marti__Bayo_Alemany_certificates_2020_compressed.pdf,70400-120000 EUR,queued,ok,greenhouse:coinbase,eu-global
CRAWL-0114,web_crawl,Coinbase,Solutions Architect,"Hybrid - New York, NY",https://www.coinbase.com/careers/positions/8056065?gh_jid=8056065,https://www.coinbase.com/careers/positions/8056065?gh_jid=8056065,https://www.coinbase.com/careers/positions/8056065?gh_jid=8056065,115,/home/runner/work/job-cv-match-0020/job-cv-match-0020/0020_raw_marti__bayo_alemany_curriculum.pdf,/home/runner/work/job-cv-match-0020/job-cv-match-0020/Marti__Bayo_Alemany_certificates_2020_compressed.pdf,70400-120000 EUR,queued,ok,greenhouse:coinbase,eu-global
CRAWL-0115,web_crawl,Datadog,Partner Solutions Architect (ANZ),"Sydney, Australia",https://careers.datadoghq.com/detail/7922975/?gh_jid=7922975,https://careers.datadoghq.com/detail/7922975/?gh_jid=7922975,https://careers.datadoghq.com/detail/7922975/?gh_jid=7922975,115,/home/runner/work/job-cv-match-0020/job-cv-match-0020/0020_raw_marti__bayo_alemany_curriculum.pdf,/home/runner/work/job-cv-match-0020/job-cv-match-0020/Marti__Bayo_Alemany_certificates_2020_compressed.pdf,70400-120000 EUR,queued,ok,greenhouse:datadog,eu-global
CRAWL-0116,web_crawl,Datadog,Partner Solutions Architect (Brazil),"Sao Paulo, Brazil",https://careers.datadoghq.com/detail/7967871/?gh_jid=7967871,https://careers.datadoghq.com/detail/7967871/?gh_jid=7967871,https://careers.datadoghq.com/detail/7967871/?gh_jid=7967871,115,/home/runner/work/job-cv-match-0020/job-cv-match-0020/0020_raw_marti__bayo_alemany_curriculum.pdf,/home/runner/work/job-cv-match-0020/job-cv-match-0020/Marti__Bayo_Alemany_certificates_2020_compressed.pdf,70400-120000 EUR,queued,ok,greenhouse:datadog,eu-global
CRAWL-0117,web_crawl,Datadog,Partner Solutions Architect (Colombia),"Colombia, Remote",https://careers.datadoghq.com/detail/7977644/?gh_jid=7977644,https://careers.datadoghq.com/detail/7977644/?gh_jid=7977644,https://careers.datadoghq.com/detail/7977644/?gh_jid=7977644,115,/home/runner/work/job-cv-match-0020/job-cv-match-0020/0020_raw_marti__bayo_alemany_curriculum.pdf,/home/runner/work/job-cv-match-0020/job-cv-match-0020/Marti__Bayo_Alemany_certificates_2020_compressed.pdf,70400-120000 EUR,queued,ok,greenhouse:datadog,eu-global
CRAWL-0118,web_crawl,Datadog,Partner Solutions Architect (EMEA),"Amsterdam, The Netherlands; Germany, Remote",https://careers.datadoghq.com/detail/8094179/?gh_jid=8094179,https://careers.datadoghq.com/detail/8094179/?gh_jid=8094179,https://careers.datadoghq.com/detail/8094179/?gh_jid=8094179,115,/home/runner/work/job-cv-match-0020/job-cv-match-0020/0020_raw_marti__bayo_alemany_curriculum.pdf,/home/runner/work/job-cv-match-0020/job-cv-match-0020/Marti__Bayo_Alemany_certificates_2020_compressed.pdf,70400-120000 EUR,queued,ok,greenhouse:datadog,eu-global
CRAWL-0119,web_crawl,Datadog,Partner Solutions Architect (EMEA),"Italy, Remote; Paris, France; Portugal, Remote; Spain, Remote",https://careers.datadoghq.com/detail/7683726/?gh_jid=7683726,https://careers.datadoghq.com/detail/7683726/?gh_jid=7683726,https://careers.datadoghq.com/detail/7683726/?gh_jid=7683726,115,/home/runner/work/job-cv-match-0020/job-cv-match-0020/0020_raw_marti__bayo_alemany_curriculum.pdf,/home/runner/work/job-cv-match-0020/job-cv-match-0020/Marti__Bayo_Alemany_certificates_2020_compressed.pdf,70400-120000 EUR,queued,ok,greenhouse:datadog,eu-global
CRAWL-0120,web_crawl,Datadog,Partner Solutions Architect (GSI) - AMER East,"Boston, Massachusetts, USA; New York, New York, USA",https://careers.datadoghq.com/detail/8003977/?gh_jid=8003977,https://careers.datadoghq.com/detail/8003977/?gh_jid=8003977,https://careers.datadoghq.com/detail/8003977/?gh_jid=8003977,115,/home/runner/work/job-cv-match-0020/job-cv-match-0020/0020_raw_marti__bayo_alemany_curriculum.pdf,/home/runner/work/job-cv-match-0020/job-cv-match-0020/Marti__Bayo_Alemany_certificates_2020_compressed.pdf,70400-120000 EUR,queued,ok,greenhouse:datadog,eu-global
CRAWL-0121,web_crawl,Datadog,Partner Solutions Architect (GSI) - AMER West,"Denver, Colorado, USA; San Francisco, California, USA",https://careers.datadoghq.com/detail/8010455/?gh_jid=8010455,https://careers.datadoghq.com/detail/8010455/?gh_jid=8010455,https://careers.datadoghq.com/detail/8010455/?gh_jid=8010455,115,/home/runner/work/job-cv-match-0020/job-cv-match-0020/0020_raw_marti__bayo_alemany_curriculum.pdf,/home/runner/work/job-cv-match-0020/job-cv-match-0020/Marti__Bayo_Alemany_certificates_2020_compressed.pdf,70400-120000 EUR,queued,ok,greenhouse:datadog,eu-global
CRAWL-0122,web_crawl,Datadog,Partner Solutions Architect (GSI) - AMER West,"California, USA, Remote; Illinois, USA, Remote; Texas, USA, Remote; Washington, USA, Remote",https://careers.datadoghq.com/detail/8015631/?gh_jid=8015631,https://careers.datadoghq.com/detail/8015631/?gh_jid=8015631,https://careers.datadoghq.com/detail/8015631/?gh_jid=8015631,115,/home/runner/work/job-cv-match-0020/job-cv-match-0020/0020_raw_marti__bayo_alemany_curriculum.pdf,/home/runner/work/job-cv-match-0020/job-cv-match-0020/Marti__Bayo_Alemany_certificates_2020_compressed.pdf,70400-120000 EUR,queued,ok,greenhouse:datadog,eu-global
CRAWL-0123,web_crawl,Datadog,Partner Solutions Architect (India GSI),"Bangalore, India",https://careers.datadoghq.com/detail/7984988/?gh_jid=7984988,https://careers.datadoghq.com/detail/7984988/?gh_jid=7984988,https://careers.datadoghq.com/detail/7984988/?gh_jid=7984988,115,/home/runner/work/job-cv-match-0020/job-cv-match-0020/0020_raw_marti__bayo_alemany_curriculum.pdf,/home/runner/work/job-cv-match-0020/job-cv-match-0020/Marti__Bayo_Alemany_certificates_2020_compressed.pdf,70400-120000 EUR,queued,ok,greenhouse:datadog,eu-global
CRAWL-0124,web_crawl,Datadog,Partner Solutions Architect (Pan-EMEA GSI),"Lisbon, Portugal",https://careers.datadoghq.com/detail/8095963/?gh_jid=8095963,https://careers.datadoghq.com/detail/8095963/?gh_jid=8095963,https://careers.datadoghq.com/detail/8095963/?gh_jid=8095963,115,/home/runner/work/job-cv-match-0020/job-cv-match-0020/0020_raw_marti__bayo_alemany_curriculum.pdf,/home/runner/work/job-cv-match-0020/job-cv-match-0020/Marti__Bayo_Alemany_certificates_2020_compressed.pdf,70400-120000 EUR,queued,ok,greenhouse:datadog,eu-global
CRAWL-0125,web_crawl,Datadog,Partner Solutions Architect (Pan-EMEA GSI),"Amsterdam, The Netherlands; Germany, Remote; Italy, Remote; London, United Kingdom; Madrid, Spain; Stockholm, Sweden",https://careers.datadoghq.com/detail/7997198/?gh_jid=7997198,https://careers.datadoghq.com/detail/7997198/?gh_jid=7997198,https://careers.datadoghq.com/detail/7997198/?gh_jid=7997198,115,/home/runner/work/job-cv-match-0020/job-cv-match-0020/0020_raw_marti__bayo_alemany_curriculum.pdf,/home/runner/work/job-cv-match-0020/job-cv-match-0020/Marti__Bayo_Alemany_certificates_2020_compressed.pdf,70400-120000 EUR,queued,ok,greenhouse:datadog,eu-global
CRAWL-0126,web_crawl,Datadog,Principal Partner Solutions Architect (Public Sector - Fed),"District of Columbia, USA, Remote; Maryland, USA, Remote; Virginia, USA, Remote",https://careers.datadoghq.com/detail/7943824/?gh_jid=7943824,https://careers.datadoghq.com/detail/7943824/?gh_jid=7943824,https://careers.datadoghq.com/detail/7943824/?gh_jid=7943824,115,/home/runner/work/job-cv-match-0020/job-cv-match-0020/0020_raw_marti__bayo_alemany_curriculum.pdf,/home/runner/work/job-cv-match-0020/job-cv-match-0020/Marti__Bayo_Alemany_certificates_2020_compressed.pdf,70400-120000 EUR,queued,ok,greenhouse:datadog,eu-global
CRAWL-0127,web_crawl,Datadog,Senior Product Solutions Architect - LLM Observability,"Boston, Massachusetts, USA; Denver, Colorado, USA; New York, New York, USA; San Francisco, California, USA",https://careers.datadoghq.com/detail/7627531/?gh_jid=7627531,https://careers.datadoghq.com/detail/7627531/?gh_jid=7627531,https://careers.datadoghq.com/detail/7627531/?gh_jid=7627531,115,/home/runner/work/job-cv-match-0020/job-cv-match-0020/0020_raw_marti__bayo_alemany_curriculum.pdf,/home/runner/work/job-cv-match-0020/job-cv-match-0020/Marti__Bayo_Alemany_certificates_2020_compressed.pdf,70400-120000 EUR,queued,ok,greenhouse:datadog,eu-global
CRAWL-0128,web_crawl,Datadog,"Senior Services Architect, Security-Cloud SIEM","New York, New York, USA",https://careers.datadoghq.com/detail/7996907/?gh_jid=7996907,https://careers.datadoghq.com/detail/7996907/?gh_jid=7996907,https://careers.datadoghq.com/detail/7996907/?gh_jid=7996907,115,/home/runner/work/job-cv-match-0020/job-cv-match-0020/0020_raw_marti__bayo_alemany_curriculum.pdf,/home/runner/work/job-cv-match-0020/job-cv-match-0020/Marti__Bayo_Alemany_certificates_2020_compressed.pdf,70400-120000 EUR,queued,ok,greenhouse:datadog,eu-global
CRAWL-0129,web_crawl,Elastic,Partner Solution Architect - LATAM (Portuguese/Spanish/English-speaking),Mexico,https://jobs.elastic.co/jobs?gh_jid=8080862&gh_jid=8080862,https://jobs.elastic.co/jobs?gh_jid=8080862&gh_jid=8080862,https://jobs.elastic.co/jobs?gh_jid=8080862&gh_jid=8080862,115,/home/runner/work/job-cv-match-0020/job-cv-match-0020/0020_raw_marti__bayo_alemany_curriculum.pdf,/home/runner/work/job-cv-match-0020/job-cv-match-0020/Marti__Bayo_Alemany_certificates_2020_compressed.pdf,70400-120000 EUR,queued,ok,greenhouse:elastic,eu-global
CRAWL-0130,web_crawl,Elastic,Partner Solutions Architect,"Colorado, United States",https://jobs.elastic.co/jobs?gh_jid=8080876&gh_jid=8080876,https://jobs.elastic.co/jobs?gh_jid=8080876&gh_jid=8080876,https://jobs.elastic.co/jobs?gh_jid=8080876&gh_jid=8080876,115,/home/runner/work/job-cv-match-0020/job-cv-match-0020/0020_raw_marti__bayo_alemany_curriculum.pdf,/home/runner/work/job-cv-match-0020/job-cv-match-0020/Marti__Bayo_Alemany_certificates_2020_compressed.pdf,70400-120000 EUR,queued,ok,greenhouse:elastic,eu-global
CRAWL-0131,web_crawl,Elastic,Principal AI Ecosystem Architect - OpenAI/Anthropic,"Washington, United States",https://jobs.elastic.co/jobs?gh_jid=8065489&gh_jid=8065489,https://jobs.elastic.co/jobs?gh_jid=8065489&gh_jid=8065489,https://jobs.elastic.co/jobs?gh_jid=8065489&gh_jid=8065489,115,/home/runner/work/job-cv-match-0020/job-cv-match-0020/0020_raw_marti__bayo_alemany_curriculum.pdf,/home/runner/work/job-cv-match-0020/job-cv-match-0020/Marti__Bayo_Alemany_certificates_2020_compressed.pdf,70400-120000 EUR,queued,ok,greenhouse:elastic,eu-global
CRAWL-0132,web_crawl,Elastic,Principal AI Ecosystem Architect - OpenAI/Anthropic,"San Francisco, CA",https://jobs.elastic.co/jobs?gh_jid=8047165&gh_jid=8047165,https://jobs.elastic.co/jobs?gh_jid=8047165&gh_jid=8047165,https://jobs.elastic.co/jobs?gh_jid=8047165&gh_jid=8047165,115,/home/runner/work/job-cv-match-0020/job-cv-match-0020/0020_raw_marti__bayo_alemany_curriculum.pdf,/home/runner/work/job-cv-match-0020/job-cv-match-0020/Marti__Bayo_Alemany_certificates_2020_compressed.pdf,70400-120000 EUR,queued,ok,greenhouse:elastic,eu-global
CRAWL-0133,web_crawl,Elastic,"Principal Solutions Architect, Security Specialist",Brazil,https://jobs.elastic.co/jobs?gh_jid=8011801&gh_jid=8011801,https://jobs.elastic.co/jobs?gh_jid=8011801&gh_jid=8011801,https://jobs.elastic.co/jobs?gh_jid=8011801&gh_jid=8011801,115,/home/runner/work/job-cv-match-0020/job-cv-match-0020/0020_raw_marti__bayo_alemany_curriculum.pdf,/home/runner/work/job-cv-match-0020/job-cv-match-0020/Marti__Bayo_Alemany_certificates_2020_compressed.pdf,70400-120000 EUR,queued,ok,greenhouse:elastic,eu-global
CRAWL-0134,web_crawl,Elastic,"Principal Solutions Architect, Security Specialist",Mexico,https://jobs.elastic.co/jobs?gh_jid=8040943&gh_jid=8040943,https://jobs.elastic.co/jobs?gh_jid=8040943&gh_jid=8040943,https://jobs.elastic.co/jobs?gh_jid=8040943&gh_jid=8040943,115,/home/runner/work/job-cv-match-0020/job-cv-match-0020/0020_raw_marti__bayo_alemany_curriculum.pdf,/home/runner/work/job-cv-match-0020/job-cv-match-0020/Marti__Bayo_Alemany_certificates_2020_compressed.pdf,70400-120000 EUR,queued,ok,greenhouse:elastic,eu-global
CRAWL-0135,web_crawl,Elastic,Senior Partner Solutions Architect,France,https://jobs.elastic.co/jobs?gh_jid=7995008&gh_jid=7995008,https://jobs.elastic.co/jobs?gh_jid=7995008&gh_jid=7995008,https://jobs.elastic.co/jobs?gh_jid=7995008&gh_jid=7995008,115,/home/runner/work/job-cv-match-0020/job-cv-match-0020/0020_raw_marti__bayo_alemany_curriculum.pdf,/home/runner/work/job-cv-match-0020/job-cv-match-0020/Marti__Bayo_Alemany_certificates_2020_compressed.pdf,70400-120000 EUR,queued,ok,greenhouse:elastic,eu-global
CRAWL-0136,web_crawl,Elastic,Senior Solution Architect,Denmark,https://jobs.elastic.co/jobs?gh_jid=7817941&gh_jid=7817941,https://jobs.elastic.co/jobs?gh_jid=7817941&gh_jid=7817941,https://jobs.elastic.co/jobs?gh_jid=7817941&gh_jid=7817941,115,/home/runner/work/job-cv-match-0020/job-cv-match-0020/0020_raw_marti__bayo_alemany_curriculum.pdf,/home/runner/work/job-cv-match-0020/job-cv-match-0020/Marti__Bayo_Alemany_certificates_2020_compressed.pdf,70400-120000 EUR,queued,ok,greenhouse:elastic,eu-global
CRAWL-0137,web_crawl,Elastic,Senior Solution Architect (Pre-sales),"London, United Kingdom",https://jobs.elastic.co/jobs?gh_jid=7960049&gh_jid=7960049,https://jobs.elastic.co/jobs?gh_jid=7960049&gh_jid=7960049,https://jobs.elastic.co/jobs?gh_jid=7960049&gh_jid=7960049,115,/home/runner/work/job-cv-match-0020/job-cv-match-0020/0020_raw_marti__bayo_alemany_curriculum.pdf,/home/runner/work/job-cv-match-0020/job-cv-match-0020/Marti__Bayo_Alemany_certificates_2020_compressed.pdf,70400-120000 EUR,queued,ok,greenhouse:elastic,eu-global
CRAWL-0138,web_crawl,Elastic,Senior Solution Architect - Public Sector,The Netherlands,https://jobs.elastic.co/jobs?gh_jid=7811848&gh_jid=7811848,https://jobs.elastic.co/jobs?gh_jid=7811848&gh_jid=7811848,https://jobs.elastic.co/jobs?gh_jid=7811848&gh_jid=7811848,115,/home/runner/work/job-cv-match-0020/job-cv-match-0020/0020_raw_marti__bayo_alemany_curriculum.pdf,/home/runner/work/job-cv-match-0020/job-cv-match-0020/Marti__Bayo_Alemany_certificates_2020_compressed.pdf,70400-120000 EUR,queued,ok,greenhouse:elastic,eu-global
CRAWL-0139,web_crawl,Elastic,Senior Solution Architect - Sydney based,"Sydney, Australia",https://jobs.elastic.co/jobs?gh_jid=8111731&gh_jid=8111731,https://jobs.elastic.co/jobs?gh_jid=8111731&gh_jid=8111731,https://jobs.elastic.co/jobs?gh_jid=8111731&gh_jid=8111731,115,/home/runner/work/job-cv-match-0020/job-cv-match-0020/0020_raw_marti__bayo_alemany_curriculum.pdf,/home/runner/work/job-cv-match-0020/job-cv-match-0020/Marti__Bayo_Alemany_certificates_2020_compressed.pdf,70400-120000 EUR,queued,ok,greenhouse:elastic,eu-global
CRAWL-0140,web_crawl,Elastic,"Senior Solution Architect, Mumbai","Mumbai, India",https://jobs.elastic.co/jobs?gh_jid=7817945&gh_jid=7817945,https://jobs.elastic.co/jobs?gh_jid=7817945&gh_jid=7817945,https://jobs.elastic.co/jobs?gh_jid=7817945&gh_jid=7817945,115,/home/runner/work/job-cv-match-0020/job-cv-match-0020/0020_raw_marti__bayo_alemany_curriculum.pdf,/home/runner/work/job-cv-match-0020/job-cv-match-0020/Marti__Bayo_Alemany_certificates_2020_compressed.pdf,70400-120000 EUR,queued,ok,greenhouse:elastic,eu-global
CRAWL-0141,web_crawl,Elastic,"Senior Solution Architect, Thailand",Singapore,https://jobs.elastic.co/jobs?gh_jid=7817931&gh_jid=7817931,https://jobs.elastic.co/jobs?gh_jid=7817931&gh_jid=7817931,https://jobs.elastic.co/jobs?gh_jid=7817931&gh_jid=7817931,115,/home/runner/work/job-cv-match-0020/job-cv-match-0020/0020_raw_marti__bayo_alemany_curriculum.pdf,/home/runner/work/job-cv-match-0020/job-cv-match-0020/Marti__Bayo_Alemany_certificates_2020_compressed.pdf,70400-120000 EUR,queued,ok,greenhouse:elastic,eu-global
CRAWL-0142,web_crawl,Elastic,Senior Solutions Architect (NATO),Belgium,https://jobs.elastic.co/jobs?gh_jid=7349982&gh_jid=7349982,https://jobs.elastic.co/jobs?gh_jid=7349982&gh_jid=7349982,https://jobs.elastic.co/jobs?gh_jid=7349982&gh_jid=7349982,115,/home/runner/work/job-cv-match-0020/job-cv-match-0020/0020_raw_marti__bayo_alemany_curriculum.pdf,/home/runner/work/job-cv-match-0020/job-cv-match-0020/Marti__Bayo_Alemany_certificates_2020_compressed.pdf,70400-120000 EUR,queued,ok,greenhouse:elastic,eu-global
CRAWL-0143,web_crawl,Elastic,Senior Solutions Architect - Federal Civilian,"Arlington, VA",https://jobs.elastic.co/jobs?gh_jid=8068023&gh_jid=8068023,https://jobs.elastic.co/jobs?gh_jid=8068023&gh_jid=8068023,https://jobs.elastic.co/jobs?gh_jid=8068023&gh_jid=8068023,115,/home/runner/work/job-cv-match-0020/job-cv-match-0020/0020_raw_marti__bayo_alemany_curriculum.pdf,/home/runner/work/job-cv-match-0020/job-cv-match-0020/Marti__Bayo_Alemany_certificates_2020_compressed.pdf,70400-120000 EUR,queued,ok,greenhouse:elastic,eu-global
CRAWL-0144,web_crawl,Elastic,Senior Solutions Architect - Public Sector,Belgium,https://jobs.elastic.co/jobs?gh_jid=7635520&gh_jid=7635520,https://jobs.elastic.co/jobs?gh_jid=7635520&gh_jid=7635520,https://jobs.elastic.co/jobs?gh_jid=7635520&gh_jid=7635520,115,/home/runner/work/job-cv-match-0020/job-cv-match-0020/0020_raw_marti__bayo_alemany_curriculum.pdf,/home/runner/work/job-cv-match-0020/job-cv-match-0020/Marti__Bayo_Alemany_certificates_2020_compressed.pdf,70400-120000 EUR,queued,ok,greenhouse:elastic,eu-global
CRAWL-0145,web_crawl,Elastic,Senior Solutions Architect - Security Specialist,Germany,https://jobs.elastic.co/jobs?gh_jid=7995039&gh_jid=7995039,https://jobs.elastic.co/jobs?gh_jid=7995039&gh_jid=7995039,https://jobs.elastic.co/jobs?gh_jid=7995039&gh_jid=7995039,115,/home/runner/work/job-cv-match-0020/job-cv-match-0020/0020_raw_marti__bayo_alemany_curriculum.pdf,/home/runner/work/job-cv-match-0020/job-cv-match-0020/Marti__Bayo_Alemany_certificates_2020_compressed.pdf,70400-120000 EUR,queued,ok,greenhouse:elastic,eu-global
CRAWL-0146,web_crawl,Elastic,Senior Solutions Architect - SLED,"New York, United States",https://jobs.elastic.co/jobs?gh_jid=7747112&gh_jid=7747112,https://jobs.elastic.co/jobs?gh_jid=7747112&gh_jid=7747112,https://jobs.elastic.co/jobs?gh_jid=7747112&gh_jid=7747112,115,/home/runner/work/job-cv-match-0020/job-cv-match-0020/0020_raw_marti__bayo_alemany_curriculum.pdf,/home/runner/work/job-cv-match-0020/job-cv-match-0020/Marti__Bayo_Alemany_certificates_2020_compressed.pdf,70400-120000 EUR,queued,ok,greenhouse:elastic,eu-global
CRAWL-0147,web_crawl,Elastic,Senior Solutions Architect - SLED,"Massachusetts, United States",https://jobs.elastic.co/jobs?gh_jid=7747631&gh_jid=7747631,https://jobs.elastic.co/jobs?gh_jid=7747631&gh_jid=7747631,https://jobs.elastic.co/jobs?gh_jid=7747631&gh_jid=7747631,115,/home/runner/work/job-cv-match-0020/job-cv-match-0020/0020_raw_marti__bayo_alemany_curriculum.pdf,/home/runner/work/job-cv-match-0020/job-cv-match-0020/Marti__Bayo_Alemany_certificates_2020_compressed.pdf,70400-120000 EUR,queued,ok,greenhouse:elastic,eu-global
CRAWL-0148,web_crawl,Elastic,Solution Architect (Pre-sales),"Barcelona, Spain",https://jobs.elastic.co/jobs?gh_jid=7811850&gh_jid=7811850,https://jobs.elastic.co/jobs?gh_jid=7811850&gh_jid=7811850,https://jobs.elastic.co/jobs?gh_jid=7811850&gh_jid=7811850,115,/home/runner/work/job-cv-match-0020/job-cv-match-0020/0020_raw_marti__bayo_alemany_curriculum.pdf,/home/runner/work/job-cv-match-0020/job-cv-match-0020/Marti__Bayo_Alemany_certificates_2020_compressed.pdf,70400-120000 EUR,queued,ok,greenhouse:elastic,eu-global
CRAWL-0149,web_crawl,Elastic,Solutions Architect,"Toronto, Canada",https://jobs.elastic.co/jobs?gh_jid=8011777&gh_jid=8011777,https://jobs.elastic.co/jobs?gh_jid=8011777&gh_jid=8011777,https://jobs.elastic.co/jobs?gh_jid=8011777&gh_jid=8011777,115,/home/runner/work/job-cv-match-0020/job-cv-match-0020/0020_raw_marti__bayo_alemany_curriculum.pdf,/home/runner/work/job-cv-match-0020/job-cv-match-0020/Marti__Bayo_Alemany_certificates_2020_compressed.pdf,70400-120000 EUR,queued,ok,greenhouse:elastic,eu-global
CRAWL-0150,web_crawl,Elastic,"Solutions Architect - General Business, East (Presales)","Georgia, United States",https://jobs.elastic.co/jobs?gh_jid=7939709&gh_jid=7939709,https://jobs.elastic.co/jobs?gh_jid=7939709&gh_jid=7939709,https://jobs.elastic.co/jobs?gh_jid=7939709&gh_jid=7939709,115,/home/runner/work/job-cv-match-0020/job-cv-match-0020/0020_raw_marti__bayo_alemany_curriculum.pdf,/home/runner/work/job-cv-match-0020/job-cv-match-0020/Marti__Bayo_Alemany_certificates_2020_compressed.pdf,70400-120000 EUR,queued,ok,greenhouse:elastic,eu-global
CRAWL-0151,web_crawl,Elastic,"Solutions Architect - General Business, East (Presales)","Texas, United States",https://jobs.elastic.co/jobs?gh_jid=7944199&gh_jid=7944199,https://jobs.elastic.co/jobs?gh_jid=7944199&gh_jid=7944199,https://jobs.elastic.co/jobs?gh_jid=7944199&gh_jid=7944199,115,/home/runner/work/job-cv-match-0020/job-cv-match-0020/0020_raw_marti__bayo_alemany_curriculum.pdf,/home/runner/work/job-cv-match-0020/job-cv-match-0020/Marti__Bayo_Alemany_certificates_2020_compressed.pdf,70400-120000 EUR,queued,ok,greenhouse:elastic,eu-global
CRAWL-0152,web_crawl,Elastic,Solutions Architect - PreSales,Germany,https://jobs.elastic.co/jobs?gh_jid=8035002&gh_jid=8035002,https://jobs.elastic.co/jobs?gh_jid=8035002&gh_jid=8035002,https://jobs.elastic.co/jobs?gh_jid=8035002&gh_jid=8035002,115,/home/runner/work/job-cv-match-0020/job-cv-match-0020/0020_raw_marti__bayo_alemany_curriculum.pdf,/home/runner/work/job-cv-match-0020/job-cv-match-0020/Marti__Bayo_Alemany_certificates_2020_compressed.pdf,70400-120000 EUR,queued,ok,greenhouse:elastic,eu-global
CRAWL-0153,web_crawl,Elastic,"Sr. Solutions Architect - Enterprise Expand, West Coast (Presales)","California, United States",https://jobs.elastic.co/jobs?gh_jid=7663327&gh_jid=7663327,https://jobs.elastic.co/jobs?gh_jid=7663327&gh_jid=7663327,https://jobs.elastic.co/jobs?gh_jid=7663327&gh_jid=7663327,115,/home/runner/work/job-cv-match-0020/job-cv-match-0020/0020_raw_marti__bayo_alemany_curriculum.pdf,/home/runner/work/job-cv-match-0020/job-cv-match-0020/Marti__Bayo_Alemany_certificates_2020_compressed.pdf,70400-120000 EUR,queued,ok,greenhouse:elastic,eu-global
CRAWL-0154,web_crawl,GitLab,Associate Solutions Architect (French or German fluency),Remote Ireland,https://job-boards.greenhouse.io/gitlab/jobs/8675543002,https://job-boards.greenhouse.io/gitlab/jobs/8675543002,https://job-boards.greenhouse.io/gitlab/jobs/8675543002,115,/home/runner/work/job-cv-match-0020/job-cv-match-0020/0020_raw_marti__bayo_alemany_curriculum.pdf,/home/runner/work/job-cv-match-0020/job-cv-match-0020/Marti__Bayo_Alemany_certificates_2020_compressed.pdf,70400-120000 EUR,queued,ok,greenhouse:gitlab,eu-global
CRAWL-0155,web_crawl,GitLab,Associate Solutions Architect (French or German fluency),"Remote, Spain",https://job-boards.greenhouse.io/gitlab/jobs/8687171002,https://job-boards.greenhouse.io/gitlab/jobs/8687171002,https://job-boards.greenhouse.io/gitlab/jobs/8687171002,115,/home/runner/work/job-cv-match-0020/job-cv-match-0020/0020_raw_marti__bayo_alemany_curriculum.pdf,/home/runner/work/job-cv-match-0020/job-cv-match-0020/Marti__Bayo_Alemany_certificates_2020_compressed.pdf,70400-120000 EUR,queued,ok,greenhouse:gitlab,eu-global
CRAWL-0156,web_crawl,GitLab,"Manager, Solutions Architect - Asia","Remote, Singapore",https://job-boards.greenhouse.io/gitlab/jobs/8589147002,https://job-boards.greenhouse.io/gitlab/jobs/8589147002,https://job-boards.greenhouse.io/gitlab/jobs/8589147002,115,/home/runner/work/job-cv-match-0020/job-cv-match-0020/0020_raw_marti__bayo_alemany_curriculum.pdf,/home/runner/work/job-cv-match-0020/job-cv-match-0020/Marti__Bayo_Alemany_certificates_2020_compressed.pdf,70400-120000 EUR,queued,ok,greenhouse:gitlab,eu-global
CRAWL-0157,web_crawl,GitLab,"Manager, Solutions Architect - CEUR","Remote, Germany",https://job-boards.greenhouse.io/gitlab/jobs/8626770002,https://job-boards.greenhouse.io/gitlab/jobs/8626770002,https://job-boards.greenhouse.io/gitlab/jobs/8626770002,115,/home/runner/work/job-cv-match-0020/job-cv-match-0020/0020_raw_marti__bayo_alemany_curriculum.pdf,/home/runner/work/job-cv-match-0020/job-cv-match-0020/Marti__Bayo_Alemany_certificates_2020_compressed.pdf,70400-120000 EUR,queued,ok,greenhouse:gitlab,eu-global
CRAWL-0158,web_crawl,GitLab,"Manager, Solutions Architect - India","Remote, India",https://job-boards.greenhouse.io/gitlab/jobs/8627761002,https://job-boards.greenhouse.io/gitlab/jobs/8627761002,https://job-boards.greenhouse.io/gitlab/jobs/8627761002,115,/home/runner/work/job-cv-match-0020/job-cv-match-0020/0020_raw_marti__bayo_alemany_curriculum.pdf,/home/runner/work/job-cv-match-0020/job-cv-match-0020/Marti__Bayo_Alemany_certificates_2020_compressed.pdf,70400-120000 EUR,queued,ok,greenhouse:gitlab,eu-global
CRAWL-0159,web_crawl,GitLab,Professional Services Technical Architect,"Remote, Canada; Remote, US",https://job-boards.greenhouse.io/gitlab/jobs/8616847002,https://job-boards.greenhouse.io/gitlab/jobs/8616847002,https://job-boards.greenhouse.io/gitlab/jobs/8616847002,115,/home/runner/work/job-cv-match-0020/job-cv-match-0020/0020_raw_marti__bayo_alemany_curriculum.pdf,/home/runner/work/job-cv-match-0020/job-cv-match-0020/Marti__Bayo_Alemany_certificates_2020_compressed.pdf,70400-120000 EUR,queued,ok,greenhouse:gitlab,eu-global
CRAWL-0160,web_crawl,GitLab,"Senior Manager, Solutions Architect - Australia & New Zealand","Remote, Australia",https://job-boards.greenhouse.io/gitlab/jobs/8627764002,https://job-boards.greenhouse.io/gitlab/jobs/8627764002,https://job-boards.greenhouse.io/gitlab/jobs/8627764002,115,/home/runner/work/job-cv-match-0020/job-cv-match-0020/0020_raw_marti__bayo_alemany_curriculum.pdf,/home/runner/work/job-cv-match-0020/job-cv-match-0020/Marti__Bayo_Alemany_certificates_2020_compressed.pdf,70400-120000 EUR,queued,ok,greenhouse:gitlab,eu-global
CRAWL-0161,web_crawl,GitLab,Senior Solutions Architect,"Remote, United Kingdom",https://job-boards.greenhouse.io/gitlab/jobs/8611764002,https://job-boards.greenhouse.io/gitlab/jobs/8611764002,https://job-boards.greenhouse.io/gitlab/jobs/8611764002,115,/home/runner/work/job-cv-match-0020/job-cv-match-0020/0020_raw_marti__bayo_alemany_curriculum.pdf,/home/runner/work/job-cv-match-0020/job-cv-match-0020/Marti__Bayo_Alemany_certificates_2020_compressed.pdf,70400-120000 EUR,queued,ok,greenhouse:gitlab,eu-global
CRAWL-0162,web_crawl,GitLab,Senior Solutions Architect - AI & Platforms SME,"Remote, Australia; Remote, Singapore",https://job-boards.greenhouse.io/gitlab/jobs/8476375002,https://job-boards.greenhouse.io/gitlab/jobs/8476375002,https://job-boards.greenhouse.io/gitlab/jobs/8476375002,115,/home/runner/work/job-cv-match-0020/job-cv-match-0020/0020_raw_marti__bayo_alemany_curriculum.pdf,/home/runner/work/job-cv-match-0020/job-cv-match-0020/Marti__Bayo_Alemany_certificates_2020_compressed.pdf,70400-120000 EUR,queued,ok,greenhouse:gitlab,eu-global
CRAWL-0163,web_crawl,GitLab,Senior Solutions Architect - East,"Remote, US",https://job-boards.greenhouse.io/gitlab/jobs/8627207002,https://job-boards.greenhouse.io/gitlab/jobs/8627207002,https://job-boards.greenhouse.io/gitlab/jobs/8627207002,115,/home/runner/work/job-cv-match-0020/job-cv-match-0020/0020_raw_marti__bayo_alemany_curriculum.pdf,/home/runner/work/job-cv-match-0020/job-cv-match-0020/Marti__Bayo_Alemany_certificates_2020_compressed.pdf,70400-120000 EUR,queued,ok,greenhouse:gitlab,eu-global
CRAWL-0164,web_crawl,GitLab,"Senior Solutions Architect, Financial Services - NYC area","Remote, US",https://job-boards.greenhouse.io/gitlab/jobs/8589176002,https://job-boards.greenhouse.io/gitlab/jobs/8589176002,https://job-boards.greenhouse.io/gitlab/jobs/8589176002,115,/home/runner/work/job-cv-match-0020/job-cv-match-0020/0020_raw_marti__bayo_alemany_curriculum.pdf,/home/runner/work/job-cv-match-0020/job-cv-match-0020/Marti__Bayo_Alemany_certificates_2020_compressed.pdf,70400-120000 EUR,queued,ok,greenhouse:gitlab,eu-global
CRAWL-0165,web_crawl,GitLab,"Senior Solutions Architect, Global SI (India)","Remote, Bangalore",https://job-boards.greenhouse.io/gitlab/jobs/8591221002,https://job-boards.greenhouse.io/gitlab/jobs/8591221002,https://job-boards.greenhouse.io/gitlab/jobs/8591221002,115,/home/runner/work/job-cv-match-0020/job-cv-match-0020/0020_raw_marti__bayo_alemany_curriculum.pdf,/home/runner/work/job-cv-match-0020/job-cv-match-0020/Marti__Bayo_Alemany_certificates_2020_compressed.pdf,70400-120000 EUR,queued,ok,greenhouse:gitlab,eu-global
CRAWL-0166,web_crawl,GitLab,Senior Solutions Architect- Australia and New Zealand,"Remote, Australia",https://job-boards.greenhouse.io/gitlab/jobs/8627772002,https://job-boards.greenhouse.io/gitlab/jobs/8627772002,https://job-boards.greenhouse.io/gitlab/jobs/8627772002,115,/home/runner/work/job-cv-match-0020/job-cv-match-0020/0020_raw_marti__bayo_alemany_curriculum.pdf,/home/runner/work/job-cv-match-0020/job-cv-match-0020/Marti__Bayo_Alemany_certificates_2020_compressed.pdf,70400-120000 EUR,queued,ok,greenhouse:gitlab,eu-global
CRAWL-0167,web_crawl,GitLab,Solutions Architect,"Remote, United Kingdom",https://job-boards.greenhouse.io/gitlab/jobs/8611767002,https://job-boards.greenhouse.io/gitlab/jobs/8611767002,https://job-boards.greenhouse.io/gitlab/jobs/8611767002,115,/home/runner/work/job-cv-match-0020/job-cv-match-0020/0020_raw_marti__bayo_alemany_curriculum.pdf,/home/runner/work/job-cv-match-0020/job-cv-match-0020/Marti__Bayo_Alemany_certificates_2020_compressed.pdf,70400-120000 EUR,queued,ok,greenhouse:gitlab,eu-global
CRAWL-0168,web_crawl,GitLab,Solutions Architect - France,"Remote, France",https://job-boards.greenhouse.io/gitlab/jobs/8656506002,https://job-boards.greenhouse.io/gitlab/jobs/8656506002,https://job-boards.greenhouse.io/gitlab/jobs/8656506002,115,/home/runner/work/job-cv-match-0020/job-cv-match-0020/0020_raw_marti__bayo_alemany_curriculum.pdf,/home/runner/work/job-cv-match-0020/job-cv-match-0020/Marti__Bayo_Alemany_certificates_2020_compressed.pdf,70400-120000 EUR,queued,ok,greenhouse:gitlab,eu-global
CRAWL-0169,web_crawl,GitLab,Solutions Architect - MENA,"Remote, KSA; Remote, UAE",https://job-boards.greenhouse.io/gitlab/jobs/8611700002,https://job-boards.greenhouse.io/gitlab/jobs/8611700002,https://job-boards.greenhouse.io/gitlab/jobs/8611700002,115,/home/runner/work/job-cv-match-0020/job-cv-match-0020/0020_raw_marti__bayo_alemany_curriculum.pdf,/home/runner/work/job-cv-match-0020/job-cv-match-0020/Marti__Bayo_Alemany_certificates_2020_compressed.pdf,70400-120000 EUR,queued,ok,greenhouse:gitlab,eu-global
CRAWL-0170,web_crawl,Reddit,"Enterprise Architect, Finance Technology",Remote - United States,https://job-boards.greenhouse.io/reddit/jobs/8039702,https://job-boards.greenhouse.io/reddit/jobs/8039702,https://job-boards.greenhouse.io/reddit/jobs/8039702,115,/home/runner/work/job-cv-match-0020/job-cv-match-0020/0020_raw_marti__bayo_alemany_curriculum.pdf,/home/runner/work/job-cv-match-0020/job-cv-match-0020/Marti__Bayo_Alemany_certificates_2020_compressed.pdf,70400-120000 EUR,queued,ok,greenhouse:reddit,eu-global
CRAWL-0171,web_crawl,Stripe,Partner Solutions Architect (AUNZ),Australia,https://stripe.com/jobs/search?gh_jid=8080773,https://stripe.com/jobs/search?gh_jid=8080773,https://stripe.com/jobs/search?gh_jid=8080773,115,/home/runner/work/job-cv-match-0020/job-cv-match-0020/0020_raw_marti__bayo_alemany_curriculum.pdf,/home/runner/work/job-cv-match-0020/job-cv-match-0020/Marti__Bayo_Alemany_certificates_2020_compressed.pdf,70400-120000 EUR,queued,ok,greenhouse:stripe,eu-global
CRAWL-0172,web_crawl,Stripe,Partner Solutions Architect - AWS,New York,https://stripe.com/jobs/search?gh_jid=7607761,https://stripe.com/jobs/search?gh_jid=7607761,https://stripe.com/jobs/search?gh_jid=7607761,115,/home/runner/work/job-cv-match-0020/job-cv-match-0020/0020_raw_marti__bayo_alemany_curriculum.pdf,/home/runner/work/job-cv-match-0020/job-cv-match-0020/Marti__Bayo_Alemany_certificates_2020_compressed.pdf,70400-120000 EUR,queued,ok,greenhouse:stripe,eu-global
CRAWL-0173,web_crawl,Stripe,Partner Solutions Architect - Billing,USA ,https://stripe.com/jobs/search?gh_jid=7927330,https://stripe.com/jobs/search?gh_jid=7927330,https://stripe.com/jobs/search?gh_jid=7927330,115,/home/runner/work/job-cv-match-0020/job-cv-match-0020/0020_raw_marti__bayo_alemany_curriculum.pdf,/home/runner/work/job-cv-match-0020/job-cv-match-0020/Marti__Bayo_Alemany_certificates_2020_compressed.pdf,70400-120000 EUR,queued,ok,greenhouse:stripe,eu-global
CRAWL-0174,web_crawl,Stripe,Partner Solutions Architect - LatAm,Mexico City,https://stripe.com/jobs/search?gh_jid=7927324,https://stripe.com/jobs/search?gh_jid=7927324,https://stripe.com/jobs/search?gh_jid=7927324,115,/home/runner/work/job-cv-match-0020/job-cv-match-0020/0020_raw_marti__bayo_alemany_curriculum.pdf,/home/runner/work/job-cv-match-0020/job-cv-match-0020/Marti__Bayo_Alemany_certificates_2020_compressed.pdf,70400-120000 EUR,queued,ok,greenhouse:stripe,eu-global
CRAWL-0175,web_crawl,Stripe,"Partner Solutions Architect, (German fluency)","Berlin, Munich ",https://stripe.com/jobs/search?gh_jid=7919325,https://stripe.com/jobs/search?gh_jid=7919325,https://stripe.com/jobs/search?gh_jid=7919325,115,/home/runner/work/job-cv-match-0020/job-cv-match-0020/0020_raw_marti__bayo_alemany_curriculum.pdf,/home/runner/work/job-cv-match-0020/job-cv-match-0020/Marti__Bayo_Alemany_certificates_2020_compressed.pdf,70400-120000 EUR,queued,ok,greenhouse:stripe,eu-global
CRAWL-0176,web_crawl,Stripe,"Partner Solutions Architect, AI Partnerships",N/A,https://stripe.com/jobs/search?gh_jid=8024033,https://stripe.com/jobs/search?gh_jid=8024033,https://stripe.com/jobs/search?gh_jid=8024033,115,/home/runner/work/job-cv-match-0020/job-cv-match-0020/0020_raw_marti__bayo_alemany_curriculum.pdf,/home/runner/work/job-cv-match-0020/job-cv-match-0020/Marti__Bayo_Alemany_certificates_2020_compressed.pdf,70400-120000 EUR,queued,ok,greenhouse:stripe,eu-global
CRAWL-0177,web_crawl,Stripe,"Partner Solutions Architect, Technology Partnerships",United States,https://stripe.com/jobs/search?gh_jid=7964568,https://stripe.com/jobs/search?gh_jid=7964568,https://stripe.com/jobs/search?gh_jid=7964568,115,/home/runner/work/job-cv-match-0020/job-cv-match-0020/0020_raw_marti__bayo_alemany_curriculum.pdf,/home/runner/work/job-cv-match-0020/job-cv-match-0020/Marti__Bayo_Alemany_certificates_2020_compressed.pdf,70400-120000 EUR,queued,ok,greenhouse:stripe,eu-global
CRAWL-0178,web_crawl,Stripe,Solutions Architect (Greater China),Singapore,https://stripe.com/jobs/search?gh_jid=8108889,https://stripe.com/jobs/search?gh_jid=8108889,https://stripe.com/jobs/search?gh_jid=8108889,115,/home/runner/work/job-cv-match-0020/job-cv-match-0020/0020_raw_marti__bayo_alemany_curriculum.pdf,/home/runner/work/job-cv-match-0020/job-cv-match-0020/Marti__Bayo_Alemany_certificates_2020_compressed.pdf,70400-120000 EUR,queued,ok,greenhouse:stripe,eu-global
CRAWL-0179,web_crawl,Stripe,"Solutions Architect, (Italian fluency)",Milan,https://stripe.com/jobs/search?gh_jid=7784353,https://stripe.com/jobs/search?gh_jid=7784353,https://stripe.com/jobs/search?gh_jid=7784353,115,/home/runner/work/job-cv-match-0020/job-cv-match-0020/0020_raw_marti__bayo_alemany_curriculum.pdf,/home/runner/work/job-cv-match-0020/job-cv-match-0020/Marti__Bayo_Alemany_certificates_2020_compressed.pdf,70400-120000 EUR,queued,ok,greenhouse:stripe,eu-global
CRAWL-0180,web_crawl,Stripe,"Solutions Architect, Enterprise","Sweden, Dublin, Amsterdam",https://stripe.com/jobs/search?gh_jid=7601663,https://stripe.com/jobs/search?gh_jid=7601663,https://stripe.com/jobs/search?gh_jid=7601663,115,/home/runner/work/job-cv-match-0020/job-cv-match-0020/0020_raw_marti__bayo_alemany_curriculum.pdf,/home/runner/work/job-cv-match-0020/job-cv-match-0020/Marti__Bayo_Alemany_certificates_2020_compressed.pdf,70400-120000 EUR,queued,ok,greenhouse:stripe,eu-global
CRAWL-0181,web_crawl,Stripe,"Solutions Architect, Enterprise (French Speaking)",N/A,https://stripe.com/jobs/search?gh_jid=8092652,https://stripe.com/jobs/search?gh_jid=8092652,https://stripe.com/jobs/search?gh_jid=8092652,115,/home/runner/work/job-cv-match-0020/job-cv-match-0020/0020_raw_marti__bayo_alemany_curriculum.pdf,/home/runner/work/job-cv-match-0020/job-cv-match-0020/Marti__Bayo_Alemany_certificates_2020_compressed.pdf,70400-120000 EUR,queued,ok,greenhouse:stripe,eu-global
CRAWL-0182,web_crawl,Stripe,"Solutions Architect, Enterprise (German fluency)",LOCATION,https://stripe.com/jobs/search?gh_jid=8066953,https://stripe.com/jobs/search?gh_jid=8066953,https://stripe.com/jobs/search?gh_jid=8066953,115,/home/runner/work/job-cv-match-0020/job-cv-match-0020/0020_raw_marti__bayo_alemany_curriculum.pdf,/home/runner/work/job-cv-match-0020/job-cv-match-0020/Marti__Bayo_Alemany_certificates_2020_compressed.pdf,70400-120000 EUR,queued,ok,greenhouse:stripe,eu-global
CRAWL-0183,web_crawl,Stripe,"Solutions Architect, Enterprise (Pre-sales)","Chicago, IL or San Francisco, CA OR US Remote",https://stripe.com/jobs/search?gh_jid=7827184,https://stripe.com/jobs/search?gh_jid=7827184,https://stripe.com/jobs/search?gh_jid=7827184,115,/home/runner/work/job-cv-match-0020/job-cv-match-0020/0020_raw_marti__bayo_alemany_curriculum.pdf,/home/runner/work/job-cv-match-0020/job-cv-match-0020/Marti__Bayo_Alemany_certificates_2020_compressed.pdf,70400-120000 EUR,queued,ok,greenhouse:stripe,eu-global
CRAWL-0184,web_crawl,Stripe,"Solutions Architect, Platforms","Chicago, IL or New York, NY",https://stripe.com/jobs/search?gh_jid=7396509,https://stripe.com/jobs/search?gh_jid=7396509,https://stripe.com/jobs/search?gh_jid=7396509,115,/home/runner/work/job-cv-match-0020/job-cv-match-0020/0020_raw_marti__bayo_alemany_curriculum.pdf,/home/runner/work/job-cv-match-0020/job-cv-match-0020/Marti__Bayo_Alemany_certificates_2020_compressed.pdf,70400-120000 EUR,queued,ok,greenhouse:stripe,eu-global
CRAWL-0185,web_crawl,Stripe,"Solutions Architect, Platforms, UK & Ireland",Dublin,https://stripe.com/jobs/search?gh_jid=7601673,https://stripe.com/jobs/search?gh_jid=7601673,https://stripe.com/jobs/search?gh_jid=7601673,115,/home/runner/work/job-cv-match-0020/job-cv-match-0020/0020_raw_marti__bayo_alemany_curriculum.pdf,/home/runner/work/job-cv-match-0020/job-cv-match-0020/Marti__Bayo_Alemany_certificates_2020_compressed.pdf,70400-120000 EUR,queued,ok,greenhouse:stripe,eu-global
CRAWL-0186,web_crawl,Stripe,"Solutions Architect, SMB (Presales)","Chicago, IL",https://stripe.com/jobs/search?gh_jid=7863336,https://stripe.com/jobs/search?gh_jid=7863336,https://stripe.com/jobs/search?gh_jid=7863336,115,/home/runner/work/job-cv-match-0020/job-cv-match-0020/0020_raw_marti__bayo_alemany_curriculum.pdf,/home/runner/work/job-cv-match-0020/job-cv-match-0020/Marti__Bayo_Alemany_certificates_2020_compressed.pdf,70400-120000 EUR,queued,ok,greenhouse:stripe,eu-global
CRAWL-0187,web_crawl,Stripe,"Solutions Architect, Startup & SMB (German fluency)",Dublin,https://stripe.com/jobs/search?gh_jid=7442995,https://stripe.com/jobs/search?gh_jid=7442995,https://stripe.com/jobs/search?gh_jid=7442995,115,/home/runner/work/job-cv-match-0020/job-cv-match-0020/0020_raw_marti__bayo_alemany_curriculum.pdf,/home/runner/work/job-cv-match-0020/job-cv-match-0020/Marti__Bayo_Alemany_certificates_2020_compressed.pdf,70400-120000 EUR,queued,ok,greenhouse:stripe,eu-global
CRAWL-0188,web_crawl,Stripe,"Specialist Solution Architect, Money Management","NYC, SF, Chi, Remote",https://stripe.com/jobs/search?gh_jid=7370967,https://stripe.com/jobs/search?gh_jid=7370967,https://stripe.com/jobs/search?gh_jid=7370967,115,/home/runner/work/job-cv-match-0020/job-cv-match-0020/0020_raw_marti__bayo_alemany_curriculum.pdf,/home/runner/work/job-cv-match-0020/job-cv-match-0020/Marti__Bayo_Alemany_certificates_2020_compressed.pdf,70400-120000 EUR,queued,ok,greenhouse:stripe,eu-global
CRAWL-0189,web_crawl,Stripe,Specialist Solutions Architect - Money Management (APAC and Greater China),Singapore,https://stripe.com/jobs/search?gh_jid=8066735,https://stripe.com/jobs/search?gh_jid=8066735,https://stripe.com/jobs/search?gh_jid=8066735,115,/home/runner/work/job-cv-match-0020/job-cv-match-0020/0020_raw_marti__bayo_alemany_curriculum.pdf,/home/runner/work/job-cv-match-0020/job-cv-match-0020/Marti__Bayo_Alemany_certificates_2020_compressed.pdf,70400-120000 EUR,queued,ok,greenhouse:stripe,eu-global
CRAWL-0190,web_crawl,Stripe,"Specialist Solutions Architect, Billing",Remote,https://stripe.com/jobs/search?gh_jid=7728618,https://stripe.com/jobs/search?gh_jid=7728618,https://stripe.com/jobs/search?gh_jid=7728618,115,/home/runner/work/job-cv-match-0020/job-cv-match-0020/0020_raw_marti__bayo_alemany_curriculum.pdf,/home/runner/work/job-cv-match-0020/job-cv-match-0020/Marti__Bayo_Alemany_certificates_2020_compressed.pdf,70400-120000 EUR,queued,ok,greenhouse:stripe,eu-global
CRAWL-0191,web_crawl,Stripe,"Specialist Solutions Architect, Crypto & Stablecoins",US-NY,https://stripe.com/jobs/search?gh_jid=7120766,https://stripe.com/jobs/search?gh_jid=7120766,https://stripe.com/jobs/search?gh_jid=7120766,115,/home/runner/work/job-cv-match-0020/job-cv-match-0020/0020_raw_marti__bayo_alemany_curriculum.pdf,/home/runner/work/job-cv-match-0020/job-cv-match-0020/Marti__Bayo_Alemany_certificates_2020_compressed.pdf,70400-120000 EUR,queued,ok,greenhouse:stripe,eu-global
CRAWL-0192,web_crawl,Stripe,"Specialist Solutions Architect, Payments","NY, SF, Chicago",https://stripe.com/jobs/search?gh_jid=7377591,https://stripe.com/jobs/search?gh_jid=7377591,https://stripe.com/jobs/search?gh_jid=7377591,115,/home/runner/work/job-cv-match-0020/job-cv-match-0020/0020_raw_marti__bayo_alemany_curriculum.pdf,/home/runner/work/job-cv-match-0020/job-cv-match-0020/Marti__Bayo_Alemany_certificates_2020_compressed.pdf,70400-120000 EUR,queued,ok,greenhouse:stripe,eu-global
CRAWL-0193,web_crawl,Stripe,"Specialist Solutions Architect, Radar (Fraud/Risk)",NY or SF,https://stripe.com/jobs/search?gh_jid=7365914,https://stripe.com/jobs/search?gh_jid=7365914,https://stripe.com/jobs/search?gh_jid=7365914,115,/home/runner/work/job-cv-match-0020/job-cv-match-0020/0020_raw_marti__bayo_alemany_curriculum.pdf,/home/runner/work/job-cv-match-0020/job-cv-match-0020/Marti__Bayo_Alemany_certificates_2020_compressed.pdf,70400-120000 EUR,queued,ok,greenhouse:stripe,eu-global
CRAWL-0194,web_crawl,Stripe,"Specialist Solutions Architect, Tax","Chicago, Atlanta, Remote",https://stripe.com/jobs/search?gh_jid=8090244,https://stripe.com/jobs/search?gh_jid=8090244,https://stripe.com/jobs/search?gh_jid=8090244,115,/home/runner/work/job-cv-match-0020/job-cv-match-0020/0020_raw_marti__bayo_alemany_curriculum.pdf,/home/runner/work/job-cv-match-0020/job-cv-match-0020/Marti__Bayo_Alemany_certificates_2020_compressed.pdf,70400-120000 EUR,queued,ok,greenhouse:stripe,eu-global
CRAWL-0195,web_crawl,Twilio,"Staff Solutions Architect, Contract LifeCycle Management",Remote - US,https://job-boards.greenhouse.io/twilio/jobs/7979245,https://job-boards.greenhouse.io/twilio/jobs/7979245,https://job-boards.greenhouse.io/twilio/jobs/7979245,115,/home/runner/work/job-cv-match-0020/job-cv-match-0020/0020_raw_marti__bayo_alemany_curriculum.pdf,/home/runner/work/job-cv-match-0020/job-cv-match-0020/Marti__Bayo_Alemany_certificates_2020_compressed.pdf,70400-120000 EUR,queued,ok,greenhouse:twilio,eu-global
CRAWL-0196,web_crawl,Twilio,"Staff Solutions Architect, Opportunity LifeCycle Management",Remote - US,https://job-boards.greenhouse.io/twilio/jobs/7979240,https://job-boards.greenhouse.io/twilio/jobs/7979240,https://job-boards.greenhouse.io/twilio/jobs/7979240,115,/home/runner/work/job-cv-match-0020/job-cv-match-0020/0020_raw_marti__bayo_alemany_curriculum.pdf,/home/runner/work/job-cv-match-0020/job-cv-match-0020/Marti__Bayo_Alemany_certificates_2020_compressed.pdf,70400-120000 EUR,queued,ok,greenhouse:twilio,eu-global
CRAWL-0197,web_crawl,Figma,"Manager, Software Engineering - AI Product","San Francisco, CA • New York, NY • United States",https://boards.greenhouse.io/figma/jobs/5838098004?gh_jid=5838098004,https://boards.greenhouse.io/figma/jobs/5838098004?gh_jid=5838098004,https://boards.greenhouse.io/figma/jobs/5838098004?gh_jid=5838098004,110,/home/runner/work/job-cv-match-0020/job-cv-match-0020/0020_raw_marti__bayo_alemany_curriculum.pdf,/home/runner/work/job-cv-match-0020/job-cv-match-0020/Marti__Bayo_Alemany_certificates_2020_compressed.pdf,70400-120000 EUR,queued,ok,greenhouse:figma,eu-global
CRAWL-0198,web_crawl,Figma,"Manager, Software Engineering - AI Product (London, United Kingdom)","London, England",https://boards.greenhouse.io/figma/jobs/6099616004?gh_jid=6099616004,https://boards.greenhouse.io/figma/jobs/6099616004?gh_jid=6099616004,https://boards.greenhouse.io/figma/jobs/6099616004?gh_jid=6099616004,110,/home/runner/work/job-cv-match-0020/job-cv-match-0020/0020_raw_marti__bayo_alemany_curriculum.pdf,/home/runner/work/job-cv-match-0020/job-cv-match-0020/Marti__Bayo_Alemany_certificates_2020_compressed.pdf,70400-120000 EUR,queued,ok,greenhouse:figma,eu-global
CRAWL-0199,web_crawl,Figma,"Manager, Software Engineering - Billing","San Francisco, CA • New York, NY • United States",https://boards.greenhouse.io/figma/jobs/5722244004?gh_jid=5722244004,https://boards.greenhouse.io/figma/jobs/5722244004?gh_jid=5722244004,https://boards.greenhouse.io/figma/jobs/5722244004?gh_jid=5722244004,110,/home/runner/work/job-cv-match-0020/job-cv-match-0020/0020_raw_marti__bayo_alemany_curriculum.pdf,/home/runner/work/job-cv-match-0020/job-cv-match-0020/Marti__Bayo_Alemany_certificates_2020_compressed.pdf,70400-120000 EUR,queued,ok,greenhouse:figma,eu-global
CRAWL-0200,web_crawl,Figma,"Manager, Software Engineering - DevEx AI Tools","San Francisco, CA • New York, NY • United States",https://boards.greenhouse.io/figma/jobs/6008752004?gh_jid=6008752004,https://boards.greenhouse.io/figma/jobs/6008752004?gh_jid=6008752004,https://boards.greenhouse.io/figma/jobs/6008752004?gh_jid=6008752004,110,/home/runner/work/job-cv-match-0020/job-cv-match-0020/0020_raw_marti__bayo_alemany_curriculum.pdf,/home/runner/work/job-cv-match-0020/job-cv-match-0020/Marti__Bayo_Alemany_certificates_2020_compressed.pdf,70400-120000 EUR,queued,ok,greenhouse:figma,eu-global
CRAWL-0201,web_crawl,Figma,"Manager, Software Engineering - Figma Weave (Tel Aviv, Israel)","Tel Aviv, Israel",https://boards.greenhouse.io/figma/jobs/6105734004?gh_jid=6105734004,https://boards.greenhouse.io/figma/jobs/6105734004?gh_jid=6105734004,https://boards.greenhouse.io/figma/jobs/6105734004?gh_jid=6105734004,110,/home/runner/work/job-cv-match-0020/job-cv-match-0020/0020_raw_marti__bayo_alemany_curriculum.pdf,/home/runner/work/job-cv-match-0020/job-cv-match-0020/Marti__Bayo_Alemany_certificates_2020_compressed.pdf,70400-120000 EUR,queued,ok,greenhouse:figma,eu-global
CRAWL-0202,web_crawl,Figma,"Manager, Software Engineering - Growth Platform","San Francisco, CA • New York, NY • United States",https://boards.greenhouse.io/figma/jobs/6010279004?gh_jid=6010279004,https://boards.greenhouse.io/figma/jobs/6010279004?gh_jid=6010279004,https://boards.greenhouse.io/figma/jobs/6010279004?gh_jid=6010279004,110,/home/runner/work/job-cv-match-0020/job-cv-match-0020/0020_raw_marti__bayo_alemany_curriculum.pdf,/home/runner/work/job-cv-match-0020/job-cv-match-0020/Marti__Bayo_Alemany_certificates_2020_compressed.pdf,70400-120000 EUR,queued,ok,greenhouse:figma,eu-global
CRAWL-0203,web_crawl,Figma,"Manager, Software Engineering - Interaction Design","San Francisco, CA • New York, NY • United States",https://boards.greenhouse.io/figma/jobs/5778796004?gh_jid=5778796004,https://boards.greenhouse.io/figma/jobs/5778796004?gh_jid=5778796004,https://boards.greenhouse.io/figma/jobs/5778796004?gh_jid=5778796004,110,/home/runner/work/job-cv-match-0020/job-cv-match-0020/0020_raw_marti__bayo_alemany_curriculum.pdf,/home/runner/work/job-cv-match-0020/job-cv-match-0020/Marti__Bayo_Alemany_certificates_2020_compressed.pdf,70400-120000 EUR,queued,ok,greenhouse:figma,eu-global
CRAWL-0204,web_crawl,Figma,"Manager, Software Engineering - Observability","San Francisco, CA • New York, NY • United States",https://boards.greenhouse.io/figma/jobs/5807963004?gh_jid=5807963004,https://boards.greenhouse.io/figma/jobs/5807963004?gh_jid=5807963004,https://boards.greenhouse.io/figma/jobs/5807963004?gh_jid=5807963004,110,/home/runner/work/job-cv-match-0020/job-cv-match-0020/0020_raw_marti__bayo_alemany_curriculum.pdf,/home/runner/work/job-cv-match-0020/job-cv-match-0020/Marti__Bayo_Alemany_certificates_2020_compressed.pdf,70400-120000 EUR,queued,ok,greenhouse:figma,eu-global
CRAWL-0205,web_crawl,Figma,"Manager, Software Engineering - Payload","San Francisco, CA • New York, NY • United States",https://boards.greenhouse.io/figma/jobs/6092906004?gh_jid=6092906004,https://boards.greenhouse.io/figma/jobs/6092906004?gh_jid=6092906004,https://boards.greenhouse.io/figma/jobs/6092906004?gh_jid=6092906004,110,/home/runner/work/job-cv-match-0020/job-cv-match-0020/0020_raw_marti__bayo_alemany_curriculum.pdf,/home/runner/work/job-cv-match-0020/job-cv-match-0020/Marti__Bayo_Alemany_certificates_2020_compressed.pdf,70400-120000 EUR,queued,ok,greenhouse:figma,eu-global
CRAWL-0206,web_crawl,Twilio,"Manager, Software Engineering (L4)",Remote - India,https://job-boards.greenhouse.io/twilio/jobs/6849268,https://job-boards.greenhouse.io/twilio/jobs/6849268,https://job-boards.greenhouse.io/twilio/jobs/6849268,110,/home/runner/work/job-cv-match-0020/job-cv-match-0020/0020_raw_marti__bayo_alemany_curriculum.pdf,/home/runner/work/job-cv-match-0020/job-cv-match-0020/Marti__Bayo_Alemany_certificates_2020_compressed.pdf,70400-120000 EUR,queued,ok,greenhouse:twilio,eu-global
CRAWL-0207,web_crawl,Asana,"Technical Lead, API","Vancouver, BC",https://www.asana.com/jobs/apply/7776446?gh_jid=7776446,https://www.asana.com/jobs/apply/7776446?gh_jid=7776446,https://www.asana.com/jobs/apply/7776446?gh_jid=7776446,105,/home/runner/work/job-cv-match-0020/job-cv-match-0020/0020_raw_marti__bayo_alemany_curriculum.pdf,/home/runner/work/job-cv-match-0020/job-cv-match-0020/Marti__Bayo_Alemany_certificates_2020_compressed.pdf,70400-120000 EUR,queued,ok,greenhouse:asana,eu-global
CRAWL-0208,web_crawl,Datadog,Datadog for Startups - Forward Deployed Engineering Lead,"San Francisco, California, USA",https://careers.datadoghq.com/detail/8003181/?gh_jid=8003181,https://careers.datadoghq.com/detail/8003181/?gh_jid=8003181,https://careers.datadoghq.com/detail/8003181/?gh_jid=8003181,105,/home/runner/work/job-cv-match-0020/job-cv-match-0020/0020_raw_marti__bayo_alemany_curriculum.pdf,/home/runner/work/job-cv-match-0020/job-cv-match-0020/Marti__Bayo_Alemany_certificates_2020_compressed.pdf,70400-120000 EUR,queued,ok,greenhouse:datadog,eu-global
CRAWL-0209,web_crawl,Datadog,Datadog for Startups Founding Engineering Lead,"San Francisco, California, USA",https://careers.datadoghq.com/detail/7536402/?gh_jid=7536402,https://careers.datadoghq.com/detail/7536402/?gh_jid=7536402,https://careers.datadoghq.com/detail/7536402/?gh_jid=7536402,105,/home/runner/work/job-cv-match-0020/job-cv-match-0020/0020_raw_marti__bayo_alemany_curriculum.pdf,/home/runner/work/job-cv-match-0020/job-cv-match-0020/Marti__Bayo_Alemany_certificates_2020_compressed.pdf,70400-120000 EUR,queued,ok,greenhouse:datadog,eu-global
CRAWL-0210,web_crawl,Datadog,"Senior Manager, Product Solutions Architecture","Boston, Massachusetts, USA; Denver, Colorado, USA; New York, New York, USA; San Francisco, California, USA",https://careers.datadoghq.com/detail/7960450/?gh_jid=7960450,https://careers.datadoghq.com/detail/7960450/?gh_jid=7960450,https://careers.datadoghq.com/detail/7960450/?gh_jid=7960450,105,/home/runner/work/job-cv-match-0020/job-cv-match-0020/0020_raw_marti__bayo_alemany_curriculum.pdf,/home/runner/work/job-cv-match-0020/job-cv-match-0020/Marti__Bayo_Alemany_certificates_2020_compressed.pdf,70400-120000 EUR,queued,ok,greenhouse:datadog,eu-global
CRAWL-0211,web_crawl,Elastic,"Director, Solutions Architecture (Technical Sales)",United States,https://jobs.elastic.co/jobs?gh_jid=7972639&gh_jid=7972639,https://jobs.elastic.co/jobs?gh_jid=7972639&gh_jid=7972639,https://jobs.elastic.co/jobs?gh_jid=7972639&gh_jid=7972639,105,/home/runner/work/job-cv-match-0020/job-cv-match-0020/0020_raw_marti__bayo_alemany_curriculum.pdf,/home/runner/work/job-cv-match-0020/job-cv-match-0020/Marti__Bayo_Alemany_certificates_2020_compressed.pdf,70400-120000 EUR,queued,ok,greenhouse:elastic,eu-global
CRAWL-0212,web_crawl,GitLab,"Director, Enterprise Architecture & Intelligent Automation","Remote, US",https://job-boards.greenhouse.io/gitlab/jobs/8510488002,https://job-boards.greenhouse.io/gitlab/jobs/8510488002,https://job-boards.greenhouse.io/gitlab/jobs/8510488002,105,/home/runner/work/job-cv-match-0020/job-cv-match-0020/0020_raw_marti__bayo_alemany_curriculum.pdf,/home/runner/work/job-cv-match-0020/job-cv-match-0020/Marti__Bayo_Alemany_certificates_2020_compressed.pdf,70400-120000 EUR,queued,ok,greenhouse:gitlab,eu-global
CRAWL-0213,web_crawl,GitLab,"Manager, Solutions Architects","Remote, US",https://job-boards.greenhouse.io/gitlab/jobs/8396674002,https://job-boards.greenhouse.io/gitlab/jobs/8396674002,https://job-boards.greenhouse.io/gitlab/jobs/8396674002,105,/home/runner/work/job-cv-match-0020/job-cv-match-0020/0020_raw_marti__bayo_alemany_curriculum.pdf,/home/runner/work/job-cv-match-0020/job-cv-match-0020/Marti__Bayo_Alemany_certificates_2020_compressed.pdf,70400-120000 EUR,queued,ok,greenhouse:gitlab,eu-global
CRAWL-0214,web_crawl,GitLab,"Manager, Solutions Architecture - East","Remote, United States",https://job-boards.greenhouse.io/gitlab/jobs/8641849002,https://job-boards.greenhouse.io/gitlab/jobs/8641849002,https://job-boards.greenhouse.io/gitlab/jobs/8641849002,105,/home/runner/work/job-cv-match-0020/job-cv-match-0020/0020_raw_marti__bayo_alemany_curriculum.pdf,/home/runner/work/job-cv-match-0020/job-cv-match-0020/Marti__Bayo_Alemany_certificates_2020_compressed.pdf,70400-120000 EUR,queued,ok,greenhouse:gitlab,eu-global
CRAWL-0215,web_crawl,GitLab,"Manager, Solutions Architecture - UK&I","Remote, United Kingdom",https://job-boards.greenhouse.io/gitlab/jobs/8626762002,https://job-boards.greenhouse.io/gitlab/jobs/8626762002,https://job-boards.greenhouse.io/gitlab/jobs/8626762002,105,/home/runner/work/job-cv-match-0020/job-cv-match-0020/0020_raw_marti__bayo_alemany_curriculum.pdf,/home/runner/work/job-cv-match-0020/job-cv-match-0020/Marti__Bayo_Alemany_certificates_2020_compressed.pdf,70400-120000 EUR,queued,ok,greenhouse:gitlab,eu-global
CRAWL-0216,web_crawl,Stripe,"Global Head of Specialist Solutions Architecture, Billing",SF,https://stripe.com/jobs/search?gh_jid=7523947,https://stripe.com/jobs/search?gh_jid=7523947,https://stripe.com/jobs/search?gh_jid=7523947,105,/home/runner/work/job-cv-match-0020/job-cv-match-0020/0020_raw_marti__bayo_alemany_curriculum.pdf,/home/runner/work/job-cv-match-0020/job-cv-match-0020/Marti__Bayo_Alemany_certificates_2020_compressed.pdf,70400-120000 EUR,queued,ok,greenhouse:stripe,eu-global
CRAWL-0217,web_crawl,Stripe,"Global Head of Specialist Solutions Architecture, Revenue",London,https://stripe.com/jobs/search?gh_jid=7963508,https://stripe.com/jobs/search?gh_jid=7963508,https://stripe.com/jobs/search?gh_jid=7963508,105,/home/runner/work/job-cv-match-0020/job-cv-match-0020/0020_raw_marti__bayo_alemany_curriculum.pdf,/home/runner/work/job-cv-match-0020/job-cv-match-0020/Marti__Bayo_Alemany_certificates_2020_compressed.pdf,70400-120000 EUR,queued,ok,greenhouse:stripe,eu-global
CRAWL-0218,web_crawl,Stripe,Head of Enterprise Solutions Architecture Platforms,"San Francisco, CA",https://stripe.com/jobs/search?gh_jid=7915144,https://stripe.com/jobs/search?gh_jid=7915144,https://stripe.com/jobs/search?gh_jid=7915144,105,/home/runner/work/job-cv-match-0020/job-cv-match-0020/0020_raw_marti__bayo_alemany_curriculum.pdf,/home/runner/work/job-cv-match-0020/job-cv-match-0020/Marti__Bayo_Alemany_certificates_2020_compressed.pdf,70400-120000 EUR,queued,ok,greenhouse:stripe,eu-global
CRAWL-0219,web_crawl,Stripe,"Manager, Solution Architecture Platforms","South San Francisco, CA , New York, NY",https://stripe.com/jobs/search?gh_jid=8104302,https://stripe.com/jobs/search?gh_jid=8104302,https://stripe.com/jobs/search?gh_jid=8104302,105,/home/runner/work/job-cv-match-0020/job-cv-match-0020/0020_raw_marti__bayo_alemany_curriculum.pdf,/home/runner/work/job-cv-match-0020/job-cv-match-0020/Marti__Bayo_Alemany_certificates_2020_compressed.pdf,70400-120000 EUR,queued,ok,greenhouse:stripe,eu-global
CRAWL-0220,web_crawl,Airbnb,"Senior Staff Software Engineer, Host Pricing & Settings",Remote - USA,https://careers.airbnb.com/positions/8039723?gh_jid=8039723,https://careers.airbnb.com/positions/8039723?gh_jid=8039723,https://careers.airbnb.com/positions/8039723?gh_jid=8039723,85,/home/runner/work/job-cv-match-0020/job-cv-match-0020/0020_raw_marti__bayo_alemany_curriculum.pdf,/home/runner/work/job-cv-match-0020/job-cv-match-0020/Marti__Bayo_Alemany_certificates_2020_compressed.pdf,70400-120000 EUR,queued,ok,greenhouse:airbnb,eu-global
CRAWL-0221,web_crawl,Airbnb,"Senior Staff Software Engineer, Marketing Technology","Remote, USA",https://careers.airbnb.com/positions/8095365?gh_jid=8095365,https://careers.airbnb.com/positions/8095365?gh_jid=8095365,https://careers.airbnb.com/positions/8095365?gh_jid=8095365,85,/home/runner/work/job-cv-match-0020/job-cv-match-0020/0020_raw_marti__bayo_alemany_curriculum.pdf,/home/runner/work/job-cv-match-0020/job-cv-match-0020/Marti__Bayo_Alemany_certificates_2020_compressed.pdf,70400-120000 EUR,queued,ok,greenhouse:airbnb,eu-global
CRAWL-0222,web_crawl,Airbnb,"Senior Staff Software Engineer, Payments","Remote, USA",https://careers.airbnb.com/positions/7688467?gh_jid=7688467,https://careers.airbnb.com/positions/7688467?gh_jid=7688467,https://careers.airbnb.com/positions/7688467?gh_jid=7688467,85,/home/runner/work/job-cv-match-0020/job-cv-match-0020/0020_raw_marti__bayo_alemany_curriculum.pdf,/home/runner/work/job-cv-match-0020/job-cv-match-0020/Marti__Bayo_Alemany_certificates_2020_compressed.pdf,70400-120000 EUR,queued,ok,greenhouse:airbnb,eu-global
CRAWL-0223,web_crawl,Airbnb,"Senior Staff Software Engineer, Payments","Remote - Bangalore, India",https://careers.airbnb.com/positions/7525479?gh_jid=7525479,https://careers.airbnb.com/positions/7525479?gh_jid=7525479,https://careers.airbnb.com/positions/7525479?gh_jid=7525479,85,/home/runner/work/job-cv-match-0020/job-cv-match-0020/0020_raw_marti__bayo_alemany_curriculum.pdf,/home/runner/work/job-cv-match-0020/job-cv-match-0020/Marti__Bayo_Alemany_certificates_2020_compressed.pdf,70400-120000 EUR,queued,ok,greenhouse:airbnb,eu-global
CRAWL-0224,web_crawl,Airbnb,"Senior Staff Software Engineer, Trust",Remote - US,https://careers.airbnb.com/positions/7818982?gh_jid=7818982,https://careers.airbnb.com/positions/7818982?gh_jid=7818982,https://careers.airbnb.com/positions/7818982?gh_jid=7818982,85,/home/runner/work/job-cv-match-0020/job-cv-match-0020/0020_raw_marti__bayo_alemany_curriculum.pdf,/home/runner/work/job-cv-match-0020/job-cv-match-0020/Marti__Bayo_Alemany_certificates_2020_compressed.pdf,70400-120000 EUR,queued,ok,greenhouse:airbnb,eu-global
CRAWL-0225,web_crawl,Coinbase,Senior Staff Software Engineer - Blockchain Platform,Remote - USA,https://www.coinbase.com/careers/positions/7366208?gh_jid=7366208,https://www.coinbase.com/careers/positions/7366208?gh_jid=7366208,https://www.coinbase.com/careers/positions/7366208?gh_jid=7366208,85,/home/runner/work/job-cv-match-0020/job-cv-match-0020/0020_raw_marti__bayo_alemany_curriculum.pdf,/home/runner/work/job-cv-match-0020/job-cv-match-0020/Marti__Bayo_Alemany_certificates_2020_compressed.pdf,70400-120000 EUR,queued,ok,greenhouse:coinbase,eu-global
CRAWL-0226,web_crawl,Coinbase,"Senior Staff Software Engineer, Core Automation",Remote - USA,https://www.coinbase.com/careers/positions/7580292?gh_jid=7580292,https://www.coinbase.com/careers/positions/7580292?gh_jid=7580292,https://www.coinbase.com/careers/positions/7580292?gh_jid=7580292,85,/home/runner/work/job-cv-match-0020/job-cv-match-0020/0020_raw_marti__bayo_alemany_curriculum.pdf,/home/runner/work/job-cv-match-0020/job-cv-match-0020/Marti__Bayo_Alemany_certificates_2020_compressed.pdf,70400-120000 EUR,queued,ok,greenhouse:coinbase,eu-global
CRAWL-0227,web_crawl,Coinbase,"Senior Staff Software Engineer, Data Platform",Remote - USA,https://www.coinbase.com/careers/positions/7711287?gh_jid=7711287,https://www.coinbase.com/careers/positions/7711287?gh_jid=7711287,https://www.coinbase.com/careers/positions/7711287?gh_jid=7711287,85,/home/runner/work/job-cv-match-0020/job-cv-match-0020/0020_raw_marti__bayo_alemany_curriculum.pdf,/home/runner/work/job-cv-match-0020/job-cv-match-0020/Marti__Bayo_Alemany_certificates_2020_compressed.pdf,70400-120000 EUR,queued,ok,greenhouse:coinbase,eu-global
CRAWL-0228,web_crawl,Coinbase,"Senior Staff Software Engineer, Payments",Remote - USA,https://www.coinbase.com/careers/positions/8056068?gh_jid=8056068,https://www.coinbase.com/careers/positions/8056068?gh_jid=8056068,https://www.coinbase.com/careers/positions/8056068?gh_jid=8056068,85,/home/runner/work/job-cv-match-0020/job-cv-match-0020/0020_raw_marti__bayo_alemany_curriculum.pdf,/home/runner/work/job-cv-match-0020/job-cv-match-0020/Marti__Bayo_Alemany_certificates_2020_compressed.pdf,70400-120000 EUR,queued,ok,greenhouse:coinbase,eu-global
CRAWL-0229,web_crawl,Coinbase,"Senior Staff Software Engineer, Payments",Remote - Canada,https://www.coinbase.com/careers/positions/8060842?gh_jid=8060842,https://www.coinbase.com/careers/positions/8060842?gh_jid=8060842,https://www.coinbase.com/careers/positions/8060842?gh_jid=8060842,85,/home/runner/work/job-cv-match-0020/job-cv-match-0020/0020_raw_marti__bayo_alemany_curriculum.pdf,/home/runner/work/job-cv-match-0020/job-cv-match-0020/Marti__Bayo_Alemany_certificates_2020_compressed.pdf,70400-120000 EUR,queued,ok,greenhouse:coinbase,eu-global
CRAWL-0230,web_crawl,Datadog,Senior Staff Software Engineer,"New York, New York, USA",https://careers.datadoghq.com/detail/5608424/?gh_jid=5608424,https://careers.datadoghq.com/detail/5608424/?gh_jid=5608424,https://careers.datadoghq.com/detail/5608424/?gh_jid=5608424,85,/home/runner/work/job-cv-match-0020/job-cv-match-0020/0020_raw_marti__bayo_alemany_curriculum.pdf,/home/runner/work/job-cv-match-0020/job-cv-match-0020/Marti__Bayo_Alemany_certificates_2020_compressed.pdf,70400-120000 EUR,queued,ok,greenhouse:datadog,eu-global
CRAWL-0231,web_crawl,Pinterest,"Senior Staff Software Engineer, Configuration & Coordination","San Francisco, CA, US; Remote, US",https://www.pinterestcareers.com/jobs/?gh_jid=7679640,https://www.pinterestcareers.com/jobs/?gh_jid=7679640,https://www.pinterestcareers.com/jobs/?gh_jid=7679640,85,/home/runner/work/job-cv-match-0020/job-cv-match-0020/0020_raw_marti__bayo_alemany_curriculum.pdf,/home/runner/work/job-cv-match-0020/job-cv-match-0020/Marti__Bayo_Alemany_certificates_2020_compressed.pdf,70400-120000 EUR,queued,ok,greenhouse:pinterest,eu-global
CRAWL-0232,web_crawl,Reddit,"Senior Staff Software Engineer, Client Architecture",Remote - United States,https://job-boards.greenhouse.io/reddit/jobs/8060775,https://job-boards.greenhouse.io/reddit/jobs/8060775,https://job-boards.greenhouse.io/reddit/jobs/8060775,85,/home/runner/work/job-cv-match-0020/job-cv-match-0020/0020_raw_marti__bayo_alemany_curriculum.pdf,/home/runner/work/job-cv-match-0020/job-cv-match-0020/Marti__Bayo_Alemany_certificates_2020_compressed.pdf,70400-120000 EUR,queued,ok,greenhouse:reddit,eu-global
CRAWL-0233,web_crawl,Robinhood,"Senior Staff Software Engineer, Data Platform","Bellevue, WA",https://boards.greenhouse.io/robinhood/jobs/7729014?t=gh_src=&gh_jid=7729014,https://boards.greenhouse.io/robinhood/jobs/7729014?t=gh_src=&gh_jid=7729014,https://boards.greenhouse.io/robinhood/jobs/7729014?t=gh_src=&gh_jid=7729014,85,/home/runner/work/job-cv-match-0020/job-cv-match-0020/0020_raw_marti__bayo_alemany_curriculum.pdf,/home/runner/work/job-cv-match-0020/job-cv-match-0020/Marti__Bayo_Alemany_certificates_2020_compressed.pdf,70400-120000 EUR,queued,ok,greenhouse:robinhood,eu-global
CRAWL-0234,web_crawl,Airbnb,"Staff Software Engineer, Build (Bazel)",Remote - USA,https://careers.airbnb.com/positions/7739337?gh_jid=7739337,https://careers.airbnb.com/positions/7739337?gh_jid=7739337,https://careers.airbnb.com/positions/7739337?gh_jid=7739337,65,/home/runner/work/job-cv-match-0020/job-cv-match-0020/0020_raw_marti__bayo_alemany_curriculum.pdf,/home/runner/work/job-cv-match-0020/job-cv-match-0020/Marti__Bayo_Alemany_certificates_2020_compressed.pdf,70400-120000 EUR,queued,ok,greenhouse:airbnb,eu-global
CRAWL-0235,web_crawl,Airbnb,"Staff Software Engineer, Communication & Connectivity",United States,https://careers.airbnb.com/positions/7421419?gh_jid=7421419,https://careers.airbnb.com/positions/7421419?gh_jid=7421419,https://careers.airbnb.com/positions/7421419?gh_jid=7421419,65,/home/runner/work/job-cv-match-0020/job-cv-match-0020/0020_raw_marti__bayo_alemany_curriculum.pdf,/home/runner/work/job-cv-match-0020/job-cv-match-0020/Marti__Bayo_Alemany_certificates_2020_compressed.pdf,70400-120000 EUR,queued,ok,greenhouse:airbnb,eu-global
CRAWL-0236,web_crawl,Airbnb,"Staff Software Engineer, Community Support Engineering",Remote - USA,https://careers.airbnb.com/positions/7463421?gh_jid=7463421,https://careers.airbnb.com/positions/7463421?gh_jid=7463421,https://careers.airbnb.com/positions/7463421?gh_jid=7463421,65,/home/runner/work/job-cv-match-0020/job-cv-match-0020/0020_raw_marti__bayo_alemany_curriculum.pdf,/home/runner/work/job-cv-match-0020/job-cv-match-0020/Marti__Bayo_Alemany_certificates_2020_compressed.pdf,70400-120000 EUR,queued,ok,greenhouse:airbnb,eu-global
CRAWL-0237,web_crawl,Airbnb,"Staff Software Engineer, Community Support Engineering",China,https://careers.airbnb.com/positions/6448191?gh_jid=6448191,https://careers.airbnb.com/positions/6448191?gh_jid=6448191,https://careers.airbnb.com/positions/6448191?gh_jid=6448191,65,/home/runner/work/job-cv-match-0020/job-cv-match-0020/0020_raw_marti__bayo_alemany_curriculum.pdf,/home/runner/work/job-cv-match-0020/job-cv-match-0020/Marti__Bayo_Alemany_certificates_2020_compressed.pdf,70400-120000 EUR,queued,ok,greenhouse:airbnb,eu-global
CRAWL-0238,web_crawl,Airbnb,"Staff Software Engineer, Global Markets (Backend)",China,https://careers.airbnb.com/positions/7768427?gh_jid=7768427,https://careers.airbnb.com/positions/7768427?gh_jid=7768427,https://careers.airbnb.com/positions/7768427?gh_jid=7768427,65,/home/runner/work/job-cv-match-0020/job-cv-match-0020/0020_raw_marti__bayo_alemany_curriculum.pdf,/home/runner/work/job-cv-match-0020/job-cv-match-0020/Marti__Bayo_Alemany_certificates_2020_compressed.pdf,70400-120000 EUR,queued,ok,greenhouse:airbnb,eu-global
CRAWL-0239,web_crawl,Airbnb,"Staff Software Engineer, Marketing technology","Remote, USA",https://careers.airbnb.com/positions/8095436?gh_jid=8095436,https://careers.airbnb.com/positions/8095436?gh_jid=8095436,https://careers.airbnb.com/positions/8095436?gh_jid=8095436,65,/home/runner/work/job-cv-match-0020/job-cv-match-0020/0020_raw_marti__bayo_alemany_curriculum.pdf,/home/runner/work/job-cv-match-0020/job-cv-match-0020/Marti__Bayo_Alemany_certificates_2020_compressed.pdf,70400-120000 EUR,queued,ok,greenhouse:airbnb,eu-global
CRAWL-0240,web_crawl,Airbnb,"Staff Software Engineer, Tax Engineering",USA,https://careers.airbnb.com/positions/8095361?gh_jid=8095361,https://careers.airbnb.com/positions/8095361?gh_jid=8095361,https://careers.airbnb.com/positions/8095361?gh_jid=8095361,65,/home/runner/work/job-cv-match-0020/job-cv-match-0020/0020_raw_marti__bayo_alemany_curriculum.pdf,/home/runner/work/job-cv-match-0020/job-cv-match-0020/Marti__Bayo_Alemany_certificates_2020_compressed.pdf,70400-120000 EUR,queued,ok,greenhouse:airbnb,eu-global
CRAWL-0241,web_crawl,Airbnb,"Staff Software Engineer, Unified Data Store",Brazil,https://careers.airbnb.com/positions/7867435?gh_jid=7867435,https://careers.airbnb.com/positions/7867435?gh_jid=7867435,https://careers.airbnb.com/positions/7867435?gh_jid=7867435,65,/home/runner/work/job-cv-match-0020/job-cv-match-0020/0020_raw_marti__bayo_alemany_curriculum.pdf,/home/runner/work/job-cv-match-0020/job-cv-match-0020/Marti__Bayo_Alemany_certificates_2020_compressed.pdf,70400-120000 EUR,queued,ok,greenhouse:airbnb,eu-global
CRAWL-0242,web_crawl,Asana,"Staff Software Engineer, AI",Warsaw,https://www.asana.com/jobs/apply/7978671?gh_jid=7978671,https://www.asana.com/jobs/apply/7978671?gh_jid=7978671,https://www.asana.com/jobs/apply/7978671?gh_jid=7978671,65,/home/runner/work/job-cv-match-0020/job-cv-match-0020/0020_raw_marti__bayo_alemany_curriculum.pdf,/home/runner/work/job-cv-match-0020/job-cv-match-0020/Marti__Bayo_Alemany_certificates_2020_compressed.pdf,70400-120000 EUR,queued,ok,greenhouse:asana,eu-global
CRAWL-0243,web_crawl,Asana,"Staff Software Engineer, AI Developer Experience",New York City,https://www.asana.com/jobs/apply/7964388?gh_jid=7964388,https://www.asana.com/jobs/apply/7964388?gh_jid=7964388,https://www.asana.com/jobs/apply/7964388?gh_jid=7964388,65,/home/runner/work/job-cv-match-0020/job-cv-match-0020/0020_raw_marti__bayo_alemany_curriculum.pdf,/home/runner/work/job-cv-match-0020/job-cv-match-0020/Marti__Bayo_Alemany_certificates_2020_compressed.pdf,70400-120000 EUR,queued,ok,greenhouse:asana,eu-global
CRAWL-0244,web_crawl,Brex,"Staff Software Engineer, Banking","San Francisco, California, United States",https://www.brex.com/careers/8612473002?gh_jid=8612473002,https://www.brex.com/careers/8612473002?gh_jid=8612473002,https://www.brex.com/careers/8612473002?gh_jid=8612473002,65,/home/runner/work/job-cv-match-0020/job-cv-match-0020/0020_raw_marti__bayo_alemany_curriculum.pdf,/home/runner/work/job-cv-match-0020/job-cv-match-0020/Marti__Bayo_Alemany_certificates_2020_compressed.pdf,70400-120000 EUR,queued,ok,greenhouse:brex,eu-global
CRAWL-0245,web_crawl,Brex,"Staff Software Engineer, Banking","New York, New York, United States",https://www.brex.com/careers/8618069002?gh_jid=8618069002,https://www.brex.com/careers/8618069002?gh_jid=8618069002,https://www.brex.com/careers/8618069002?gh_jid=8618069002,65,/home/runner/work/job-cv-match-0020/job-cv-match-0020/0020_raw_marti__bayo_alemany_curriculum.pdf,/home/runner/work/job-cv-match-0020/job-cv-match-0020/Marti__Bayo_Alemany_certificates_2020_compressed.pdf,70400-120000 EUR,queued,ok,greenhouse:brex,eu-global
CRAWL-0246,web_crawl,Brex,"Staff Software Engineer, Banking","Vancouver, British Columbia, Canada",https://www.brex.com/careers/8618063002?gh_jid=8618063002,https://www.brex.com/careers/8618063002?gh_jid=8618063002,https://www.brex.com/careers/8618063002?gh_jid=8618063002,65,/home/runner/work/job-cv-match-0020/job-cv-match-0020/0020_raw_marti__bayo_alemany_curriculum.pdf,/home/runner/work/job-cv-match-0020/job-cv-match-0020/Marti__Bayo_Alemany_certificates_2020_compressed.pdf,70400-120000 EUR,queued,ok,greenhouse:brex,eu-global
CRAWL-0247,web_crawl,Brex,"Staff Software Engineer, Banking","Seattle, Washington, United States",https://www.brex.com/careers/8618076002?gh_jid=8618076002,https://www.brex.com/careers/8618076002?gh_jid=8618076002,https://www.brex.com/careers/8618076002?gh_jid=8618076002,65,/home/runner/work/job-cv-match-0020/job-cv-match-0020/0020_raw_marti__bayo_alemany_curriculum.pdf,/home/runner/work/job-cv-match-0020/job-cv-match-0020/Marti__Bayo_Alemany_certificates_2020_compressed.pdf,70400-120000 EUR,queued,ok,greenhouse:brex,eu-global
CRAWL-0248,web_crawl,Brex,"Staff Software Engineer, Travel & Expense","Vancouver, British Columbia, Canada",https://www.brex.com/careers/8635342002?gh_jid=8635342002,https://www.brex.com/careers/8635342002?gh_jid=8635342002,https://www.brex.com/careers/8635342002?gh_jid=8635342002,65,/home/runner/work/job-cv-match-0020/job-cv-match-0020/0020_raw_marti__bayo_alemany_curriculum.pdf,/home/runner/work/job-cv-match-0020/job-cv-match-0020/Marti__Bayo_Alemany_certificates_2020_compressed.pdf,70400-120000 EUR,queued,ok,greenhouse:brex,eu-global
CRAWL-0249,web_crawl,Brex,"Staff Software Engineer, Travel & Expense","Seattle, Washington, United States",https://www.brex.com/careers/8635331002?gh_jid=8635331002,https://www.brex.com/careers/8635331002?gh_jid=8635331002,https://www.brex.com/careers/8635331002?gh_jid=8635331002,65,/home/runner/work/job-cv-match-0020/job-cv-match-0020/0020_raw_marti__bayo_alemany_curriculum.pdf,/home/runner/work/job-cv-match-0020/job-cv-match-0020/Marti__Bayo_Alemany_certificates_2020_compressed.pdf,70400-120000 EUR,queued,ok,greenhouse:brex,eu-global
CRAWL-0250,web_crawl,Brex,"Staff Software Engineer, Travel & Expense","New York, New York, United States",https://www.brex.com/careers/8623289002?gh_jid=8623289002,https://www.brex.com/careers/8623289002?gh_jid=8623289002,https://www.brex.com/careers/8623289002?gh_jid=8623289002,65,/home/runner/work/job-cv-match-0020/job-cv-match-0020/0020_raw_marti__bayo_alemany_curriculum.pdf,/home/runner/work/job-cv-match-0020/job-cv-match-0020/Marti__Bayo_Alemany_certificates_2020_compressed.pdf,70400-120000 EUR,queued,ok,greenhouse:brex,eu-global
CRAWL-0251,web_crawl,Brex,"Staff Software Engineer, Travel & Expense","San Francisco, California, United States",https://www.brex.com/careers/8635339002?gh_jid=8635339002,https://www.brex.com/careers/8635339002?gh_jid=8635339002,https://www.brex.com/careers/8635339002?gh_jid=8635339002,65,/home/runner/work/job-cv-match-0020/job-cv-match-0020/0020_raw_marti__bayo_alemany_curriculum.pdf,/home/runner/work/job-cv-match-0020/job-cv-match-0020/Marti__Bayo_Alemany_certificates_2020_compressed.pdf,70400-120000 EUR,queued,ok,greenhouse:brex,eu-global
CRAWL-0252,web_crawl,Cloudflare,"Principal Software Engineer, Data","Austin, TX, United States",https://boards.greenhouse.io/cloudflare/jobs/8102350?gh_jid=8102350,https://boards.greenhouse.io/cloudflare/jobs/8102350?gh_jid=8102350,https://boards.greenhouse.io/cloudflare/jobs/8102350?gh_jid=8102350,65,/home/runner/work/job-cv-match-0020/job-cv-match-0020/0020_raw_marti__bayo_alemany_curriculum.pdf,/home/runner/work/job-cv-match-0020/job-cv-match-0020/Marti__Bayo_Alemany_certificates_2020_compressed.pdf,70400-120000 EUR,queued,ok,greenhouse:cloudflare,eu-global
CRAWL-0253,web_crawl,Cloudflare,"Principal Software Engineer, Workers Deploy & Config",In-Office,https://boards.greenhouse.io/cloudflare/jobs/8055320?gh_jid=8055320,https://boards.greenhouse.io/cloudflare/jobs/8055320?gh_jid=8055320,https://boards.greenhouse.io/cloudflare/jobs/8055320?gh_jid=8055320,65,/home/runner/work/job-cv-match-0020/job-cv-match-0020/0020_raw_marti__bayo_alemany_curriculum.pdf,/home/runner/work/job-cv-match-0020/job-cv-match-0020/Marti__Bayo_Alemany_certificates_2020_compressed.pdf,70400-120000 EUR,queued,ok,greenhouse:cloudflare,eu-global
CRAWL-0254,web_crawl,Cloudflare,"Principal Software Engineer: Distributed Systems (Config, Test, & Deployment)",Hybrid,https://boards.greenhouse.io/cloudflare/jobs/8038898?gh_jid=8038898,https://boards.greenhouse.io/cloudflare/jobs/8038898?gh_jid=8038898,https://boards.greenhouse.io/cloudflare/jobs/8038898?gh_jid=8038898,65,/home/runner/work/job-cv-match-0020/job-cv-match-0020/0020_raw_marti__bayo_alemany_curriculum.pdf,/home/runner/work/job-cv-match-0020/job-cv-match-0020/Marti__Bayo_Alemany_certificates_2020_compressed.pdf,70400-120000 EUR,queued,ok,greenhouse:cloudflare,eu-global
CRAWL-0255,web_crawl,Cloudflare,Staff/Principal Software Engineer - Security Platform,Distributed; Hybrid,https://boards.greenhouse.io/cloudflare/jobs/7053411?gh_jid=7053411,https://boards.greenhouse.io/cloudflare/jobs/7053411?gh_jid=7053411,https://boards.greenhouse.io/cloudflare/jobs/7053411?gh_jid=7053411,65,/home/runner/work/job-cv-match-0020/job-cv-match-0020/0020_raw_marti__bayo_alemany_curriculum.pdf,/home/runner/work/job-cv-match-0020/job-cv-match-0020/Marti__Bayo_Alemany_certificates_2020_compressed.pdf,70400-120000 EUR,queued,ok,greenhouse:cloudflare,eu-global
CRAWL-0256,web_crawl,Coinbase,Staff Software Engineer,Remote - Israel,https://www.coinbase.com/careers/positions/8021650?gh_jid=8021650,https://www.coinbase.com/careers/positions/8021650?gh_jid=8021650,https://www.coinbase.com/careers/positions/8021650?gh_jid=8021650,65,/home/runner/work/job-cv-match-0020/job-cv-match-0020/0020_raw_marti__bayo_alemany_curriculum.pdf,/home/runner/work/job-cv-match-0020/job-cv-match-0020/Marti__Bayo_Alemany_certificates_2020_compressed.pdf,70400-120000 EUR,queued,ok,greenhouse:coinbase,eu-global
CRAWL-0257,web_crawl,Coinbase,Staff Software Engineer (Platform - Access & Authorization),Remote - USA,https://www.coinbase.com/careers/positions/8114877?gh_jid=8114877,https://www.coinbase.com/careers/positions/8114877?gh_jid=8114877,https://www.coinbase.com/careers/positions/8114877?gh_jid=8114877,65,/home/runner/work/job-cv-match-0020/job-cv-match-0020/0020_raw_marti__bayo_alemany_curriculum.pdf,/home/runner/work/job-cv-match-0020/job-cv-match-0020/Marti__Bayo_Alemany_certificates_2020_compressed.pdf,70400-120000 EUR,queued,ok,greenhouse:coinbase,eu-global
CRAWL-0258,web_crawl,Coinbase,Staff Software Engineer (Platform - Identity IDV),Remote - USA,https://www.coinbase.com/careers/positions/7773776?gh_jid=7773776,https://www.coinbase.com/careers/positions/7773776?gh_jid=7773776,https://www.coinbase.com/careers/positions/7773776?gh_jid=7773776,65,/home/runner/work/job-cv-match-0020/job-cv-match-0020/0020_raw_marti__bayo_alemany_curriculum.pdf,/home/runner/work/job-cv-match-0020/job-cv-match-0020/Marti__Bayo_Alemany_certificates_2020_compressed.pdf,70400-120000 EUR,queued,ok,greenhouse:coinbase,eu-global
CRAWL-0259,web_crawl,Coinbase,Staff Software Engineer - AI Platform Team,Remote - USA,https://www.coinbase.com/careers/positions/8025505?gh_jid=8025505,https://www.coinbase.com/careers/positions/8025505?gh_jid=8025505,https://www.coinbase.com/careers/positions/8025505?gh_jid=8025505,65,/home/runner/work/job-cv-match-0020/job-cv-match-0020/0020_raw_marti__bayo_alemany_curriculum.pdf,/home/runner/work/job-cv-match-0020/job-cv-match-0020/Marti__Bayo_Alemany_certificates_2020_compressed.pdf,70400-120000 EUR,queued,ok,greenhouse:coinbase,eu-global
CRAWL-0260,web_crawl,Coinbase,"Staff Software Engineer, Backend (Consumer - Prediction Markets)",Remote - USA,https://www.coinbase.com/careers/positions/7997840?gh_jid=7997840,https://www.coinbase.com/careers/positions/7997840?gh_jid=7997840,https://www.coinbase.com/careers/positions/7997840?gh_jid=7997840,65,/home/runner/work/job-cv-match-0020/job-cv-match-0020/0020_raw_marti__bayo_alemany_curriculum.pdf,/home/runner/work/job-cv-match-0020/job-cv-match-0020/Marti__Bayo_Alemany_certificates_2020_compressed.pdf,70400-120000 EUR,queued,ok,greenhouse:coinbase,eu-global
CRAWL-0261,web_crawl,Coinbase,"Staff Software Engineer, Backend - FinHub (Ledger)",Remote - USA,https://www.coinbase.com/careers/positions/8064916?gh_jid=8064916,https://www.coinbase.com/careers/positions/8064916?gh_jid=8064916,https://www.coinbase.com/careers/positions/8064916?gh_jid=8064916,65,/home/runner/work/job-cv-match-0020/job-cv-match-0020/0020_raw_marti__bayo_alemany_curriculum.pdf,/home/runner/work/job-cv-match-0020/job-cv-match-0020/Marti__Bayo_Alemany_certificates_2020_compressed.pdf,70400-120000 EUR,queued,ok,greenhouse:coinbase,eu-global
CRAWL-0262,web_crawl,Coinbase,"Staff Software Engineer, Backend - Payments Platform",Remote - USA,https://www.coinbase.com/careers/positions/7993066?gh_jid=7993066,https://www.coinbase.com/careers/positions/7993066?gh_jid=7993066,https://www.coinbase.com/careers/positions/7993066?gh_jid=7993066,65,/home/runner/work/job-cv-match-0020/job-cv-match-0020/0020_raw_marti__bayo_alemany_curriculum.pdf,/home/runner/work/job-cv-match-0020/job-cv-match-0020/Marti__Bayo_Alemany_certificates_2020_compressed.pdf,70400-120000 EUR,queued,ok,greenhouse:coinbase,eu-global
CRAWL-0263,web_crawl,Coinbase,"Staff Software Engineer, Backend - Platform (Payment Rails)",Remote - USA,https://www.coinbase.com/careers/positions/7789395?gh_jid=7789395,https://www.coinbase.com/careers/positions/7789395?gh_jid=7789395,https://www.coinbase.com/careers/positions/7789395?gh_jid=7789395,65,/home/runner/work/job-cv-match-0020/job-cv-match-0020/0020_raw_marti__bayo_alemany_curriculum.pdf,/home/runner/work/job-cv-match-0020/job-cv-match-0020/Marti__Bayo_Alemany_certificates_2020_compressed.pdf,70400-120000 EUR,queued,ok,greenhouse:coinbase,eu-global
CRAWL-0264,web_crawl,Coinbase,"Staff Software Engineer, Core AI Infrastructure",Remote - USA,https://www.coinbase.com/careers/positions/7991691?gh_jid=7991691,https://www.coinbase.com/careers/positions/7991691?gh_jid=7991691,https://www.coinbase.com/careers/positions/7991691?gh_jid=7991691,65,/home/runner/work/job-cv-match-0020/job-cv-match-0020/0020_raw_marti__bayo_alemany_curriculum.pdf,/home/runner/work/job-cv-match-0020/job-cv-match-0020/Marti__Bayo_Alemany_certificates_2020_compressed.pdf,70400-120000 EUR,queued,ok,greenhouse:coinbase,eu-global
CRAWL-0265,web_crawl,Coinbase,"Staff Software Engineer, Customer Administration",Remote - India,https://www.coinbase.com/careers/positions/8054153?gh_jid=8054153,https://www.coinbase.com/careers/positions/8054153?gh_jid=8054153,https://www.coinbase.com/careers/positions/8054153?gh_jid=8054153,65,/home/runner/work/job-cv-match-0020/job-cv-match-0020/0020_raw_marti__bayo_alemany_curriculum.pdf,/home/runner/work/job-cv-match-0020/job-cv-match-0020/Marti__Bayo_Alemany_certificates_2020_compressed.pdf,70400-120000 EUR,queued,ok,greenhouse:coinbase,eu-global
CRAWL-0266,web_crawl,Coinbase,"Staff Software Engineer, Developer Infrastructure",Remote - USA,https://www.coinbase.com/careers/positions/7964410?gh_jid=7964410,https://www.coinbase.com/careers/positions/7964410?gh_jid=7964410,https://www.coinbase.com/careers/positions/7964410?gh_jid=7964410,65,/home/runner/work/job-cv-match-0020/job-cv-match-0020/0020_raw_marti__bayo_alemany_curriculum.pdf,/home/runner/work/job-cv-match-0020/job-cv-match-0020/Marti__Bayo_Alemany_certificates_2020_compressed.pdf,70400-120000 EUR,queued,ok,greenhouse:coinbase,eu-global
CRAWL-0267,web_crawl,Coinbase,"Staff Software Engineer, EAA CX",Remote - USA,https://www.coinbase.com/careers/positions/6784618?gh_jid=6784618,https://www.coinbase.com/careers/positions/6784618?gh_jid=6784618,https://www.coinbase.com/careers/positions/6784618?gh_jid=6784618,65,/home/runner/work/job-cv-match-0020/job-cv-match-0020/0020_raw_marti__bayo_alemany_curriculum.pdf,/home/runner/work/job-cv-match-0020/job-cv-match-0020/Marti__Bayo_Alemany_certificates_2020_compressed.pdf,70400-120000 EUR,queued,ok,greenhouse:coinbase,eu-global
CRAWL-0268,web_crawl,Coinbase,"Staff Software Engineer, Frontend (Consumer - Advanced Trading)",Remote - USA,https://www.coinbase.com/careers/positions/7629141?gh_jid=7629141,https://www.coinbase.com/careers/positions/7629141?gh_jid=7629141,https://www.coinbase.com/careers/positions/7629141?gh_jid=7629141,65,/home/runner/work/job-cv-match-0020/job-cv-match-0020/0020_raw_marti__bayo_alemany_curriculum.pdf,/home/runner/work/job-cv-match-0020/job-cv-match-0020/Marti__Bayo_Alemany_certificates_2020_compressed.pdf,70400-120000 EUR,queued,ok,greenhouse:coinbase,eu-global
CRAWL-0269,web_crawl,Coinbase,"Staff Software Engineer, Solana Staking Protocol",Remote - USA,https://www.coinbase.com/careers/positions/7684298?gh_jid=7684298,https://www.coinbase.com/careers/positions/7684298?gh_jid=7684298,https://www.coinbase.com/careers/positions/7684298?gh_jid=7684298,65,/home/runner/work/job-cv-match-0020/job-cv-match-0020/0020_raw_marti__bayo_alemany_curriculum.pdf,/home/runner/work/job-cv-match-0020/job-cv-match-0020/Marti__Bayo_Alemany_certificates_2020_compressed.pdf,70400-120000 EUR,queued,ok,greenhouse:coinbase,eu-global
CRAWL-0270,web_crawl,Datadog,Staff Software Engineer,"New York, New York, USA",https://careers.datadoghq.com/detail/3210217/?gh_jid=3210217,https://careers.datadoghq.com/detail/3210217/?gh_jid=3210217,https://careers.datadoghq.com/detail/3210217/?gh_jid=3210217,65,/home/runner/work/job-cv-match-0020/job-cv-match-0020/0020_raw_marti__bayo_alemany_curriculum.pdf,/home/runner/work/job-cv-match-0020/job-cv-match-0020/Marti__Bayo_Alemany_certificates_2020_compressed.pdf,70400-120000 EUR,queued,ok,greenhouse:datadog,eu-global
CRAWL-0271,web_crawl,Datadog,Staff Software Engineer - Corporate Development,"New York, New York, USA",https://careers.datadoghq.com/detail/8105372/?gh_jid=8105372,https://careers.datadoghq.com/detail/8105372/?gh_jid=8105372,https://careers.datadoghq.com/detail/8105372/?gh_jid=8105372,65,/home/runner/work/job-cv-match-0020/job-cv-match-0020/0020_raw_marti__bayo_alemany_curriculum.pdf,/home/runner/work/job-cv-match-0020/job-cv-match-0020/Marti__Bayo_Alemany_certificates_2020_compressed.pdf,70400-120000 EUR,queued,ok,greenhouse:datadog,eu-global
CRAWL-0272,web_crawl,Datadog,Staff Software Engineer - Corporate Development,"San Francisco, California, USA",https://careers.datadoghq.com/detail/8094106/?gh_jid=8094106,https://careers.datadoghq.com/detail/8094106/?gh_jid=8094106,https://careers.datadoghq.com/detail/8094106/?gh_jid=8094106,65,/home/runner/work/job-cv-match-0020/job-cv-match-0020/0020_raw_marti__bayo_alemany_curriculum.pdf,/home/runner/work/job-cv-match-0020/job-cv-match-0020/Marti__Bayo_Alemany_certificates_2020_compressed.pdf,70400-120000 EUR,queued,ok,greenhouse:datadog,eu-global
CRAWL-0273,web_crawl,Datadog,Staff Software Engineer - Logs Management,"New York, New York, USA",https://careers.datadoghq.com/detail/7635298/?gh_jid=7635298,https://careers.datadoghq.com/detail/7635298/?gh_jid=7635298,https://careers.datadoghq.com/detail/7635298/?gh_jid=7635298,65,/home/runner/work/job-cv-match-0020/job-cv-match-0020/0020_raw_marti__bayo_alemany_curriculum.pdf,/home/runner/work/job-cv-match-0020/job-cv-match-0020/Marti__Bayo_Alemany_certificates_2020_compressed.pdf,70400-120000 EUR,queued,ok,greenhouse:datadog,eu-global
CRAWL-0274,web_crawl,Datadog,Staff Software Engineer - Logs Observability Pipelines,"New York, New York, USA",https://careers.datadoghq.com/detail/7743369/?gh_jid=7743369,https://careers.datadoghq.com/detail/7743369/?gh_jid=7743369,https://careers.datadoghq.com/detail/7743369/?gh_jid=7743369,65,/home/runner/work/job-cv-match-0020/job-cv-match-0020/0020_raw_marti__bayo_alemany_curriculum.pdf,/home/runner/work/job-cv-match-0020/job-cv-match-0020/Marti__Bayo_Alemany_certificates_2020_compressed.pdf,70400-120000 EUR,queued,ok,greenhouse:datadog,eu-global
CRAWL-0275,web_crawl,Datadog,Staff Software Engineer - ML Observability,"Boston, Massachusetts, USA; New York, New York, USA",https://careers.datadoghq.com/detail/7107437/?gh_jid=7107437,https://careers.datadoghq.com/detail/7107437/?gh_jid=7107437,https://careers.datadoghq.com/detail/7107437/?gh_jid=7107437,65,/home/runner/work/job-cv-match-0020/job-cv-match-0020/0020_raw_marti__bayo_alemany_curriculum.pdf,/home/runner/work/job-cv-match-0020/job-cv-match-0020/Marti__Bayo_Alemany_certificates_2020_compressed.pdf,70400-120000 EUR,queued,ok,greenhouse:datadog,eu-global
CRAWL-0276,web_crawl,Datadog,Staff Software Engineer - Security Agent,"Paris, France",https://careers.datadoghq.com/detail/8007589/?gh_jid=8007589,https://careers.datadoghq.com/detail/8007589/?gh_jid=8007589,https://careers.datadoghq.com/detail/8007589/?gh_jid=8007589,65,/home/runner/work/job-cv-match-0020/job-cv-match-0020/0020_raw_marti__bayo_alemany_curriculum.pdf,/home/runner/work/job-cv-match-0020/job-cv-match-0020/Marti__Bayo_Alemany_certificates_2020_compressed.pdf,70400-120000 EUR,queued,ok,greenhouse:datadog,eu-global
CRAWL-0277,web_crawl,Datadog,Staff Software Engineer - Security Agent,"France, Remote; Germany, Remote; Ireland, Remote; Italy, Remote; Spain, Remote",https://careers.datadoghq.com/detail/8007598/?gh_jid=8007598,https://careers.datadoghq.com/detail/8007598/?gh_jid=8007598,https://careers.datadoghq.com/detail/8007598/?gh_jid=8007598,65,/home/runner/work/job-cv-match-0020/job-cv-match-0020/0020_raw_marti__bayo_alemany_curriculum.pdf,/home/runner/work/job-cv-match-0020/job-cv-match-0020/Marti__Bayo_Alemany_certificates_2020_compressed.pdf,70400-120000 EUR,queued,ok,greenhouse:datadog,eu-global
CRAWL-0278,web_crawl,Datadog,Staff Software Engineer - Security Agent,"Portugal, Remote",https://careers.datadoghq.com/detail/8007606/?gh_jid=8007606,https://careers.datadoghq.com/detail/8007606/?gh_jid=8007606,https://careers.datadoghq.com/detail/8007606/?gh_jid=8007606,65,/home/runner/work/job-cv-match-0020/job-cv-match-0020/0020_raw_marti__bayo_alemany_curriculum.pdf,/home/runner/work/job-cv-match-0020/job-cv-match-0020/Marti__Bayo_Alemany_certificates_2020_compressed.pdf,70400-120000 EUR,queued,ok,greenhouse:datadog,eu-global
CRAWL-0279,web_crawl,Discord,Staff Software Engineer - Consumer Revenue,Remote (U.S.),https://job-boards.greenhouse.io/discord/jobs/8460867002,https://job-boards.greenhouse.io/discord/jobs/8460867002,https://job-boards.greenhouse.io/discord/jobs/8460867002,65,/home/runner/work/job-cv-match-0020/job-cv-match-0020/0020_raw_marti__bayo_alemany_curriculum.pdf,/home/runner/work/job-cv-match-0020/job-cv-match-0020/Marti__Bayo_Alemany_certificates_2020_compressed.pdf,70400-120000 EUR,queued,ok,greenhouse:discord,eu-global
CRAWL-0280,web_crawl,Discord,Staff Software Engineer - Safety Experience,San Francisco Bay Area or Los Angeles Area,https://job-boards.greenhouse.io/discord/jobs/8344197002,https://job-boards.greenhouse.io/discord/jobs/8344197002,https://job-boards.greenhouse.io/discord/jobs/8344197002,65,/home/runner/work/job-cv-match-0020/job-cv-match-0020/0020_raw_marti__bayo_alemany_curriculum.pdf,/home/runner/work/job-cv-match-0020/job-cv-match-0020/Marti__Bayo_Alemany_certificates_2020_compressed.pdf,70400-120000 EUR,queued,ok,greenhouse:discord,eu-global
CRAWL-0281,web_crawl,Discord,"Staff Software Engineer, Data Platform","San Francisco, CA",https://job-boards.greenhouse.io/discord/jobs/8498984002,https://job-boards.greenhouse.io/discord/jobs/8498984002,https://job-boards.greenhouse.io/discord/jobs/8498984002,65,/home/runner/work/job-cv-match-0020/job-cv-match-0020/0020_raw_marti__bayo_alemany_curriculum.pdf,/home/runner/work/job-cv-match-0020/job-cv-match-0020/Marti__Bayo_Alemany_certificates_2020_compressed.pdf,70400-120000 EUR,queued,ok,greenhouse:discord,eu-global
CRAWL-0282,web_crawl,Discord,"Staff Software Engineer, Enterprise Platform",San Francisco Bay Area ,https://job-boards.greenhouse.io/discord/jobs/8675185002,https://job-boards.greenhouse.io/discord/jobs/8675185002,https://job-boards.greenhouse.io/discord/jobs/8675185002,65,/home/runner/work/job-cv-match-0020/job-cv-match-0020/0020_raw_marti__bayo_alemany_curriculum.pdf,/home/runner/work/job-cv-match-0020/job-cv-match-0020/Marti__Bayo_Alemany_certificates_2020_compressed.pdf,70400-120000 EUR,queued,ok,greenhouse:discord,eu-global
CRAWL-0283,web_crawl,Discord,"Staff Software Engineer, Safety Processing",San Francisco Bay Area or Los Angeles Area,https://job-boards.greenhouse.io/discord/jobs/8214127002,https://job-boards.greenhouse.io/discord/jobs/8214127002,https://job-boards.greenhouse.io/discord/jobs/8214127002,65,/home/runner/work/job-cv-match-0020/job-cv-match-0020/0020_raw_marti__bayo_alemany_curriculum.pdf,/home/runner/work/job-cv-match-0020/job-cv-match-0020/Marti__Bayo_Alemany_certificates_2020_compressed.pdf,70400-120000 EUR,queued,ok,greenhouse:discord,eu-global
CRAWL-0284,web_crawl,Dropbox,"Principal Software Engineer, Core Sharing & Collaboration",Remote - US: All locations,https://jobs.dropbox.com/listing/8006972?gh_jid=8006972,https://jobs.dropbox.com/listing/8006972?gh_jid=8006972,https://jobs.dropbox.com/listing/8006972?gh_jid=8006972,65,/home/runner/work/job-cv-match-0020/job-cv-match-0020/0020_raw_marti__bayo_alemany_curriculum.pdf,/home/runner/work/job-cv-match-0020/job-cv-match-0020/Marti__Bayo_Alemany_certificates_2020_compressed.pdf,70400-120000 EUR,queued,ok,greenhouse:dropbox,eu-global
CRAWL-0285,web_crawl,Dropbox,"Principal Software Engineer, Core Sharing & Collaboration",Remote - Canada: Select locations,https://jobs.dropbox.com/listing/8006977?gh_jid=8006977,https://jobs.dropbox.com/listing/8006977?gh_jid=8006977,https://jobs.dropbox.com/listing/8006977?gh_jid=8006977,65,/home/runner/work/job-cv-match-0020/job-cv-match-0020/0020_raw_marti__bayo_alemany_curriculum.pdf,/home/runner/work/job-cv-match-0020/job-cv-match-0020/Marti__Bayo_Alemany_certificates_2020_compressed.pdf,70400-120000 EUR,queued,ok,greenhouse:dropbox,eu-global
CRAWL-0286,web_crawl,Elastic,Principal Software Developer - Security - Elasticsearch,Canada,https://jobs.elastic.co/jobs?gh_jid=8082617&gh_jid=8082617,https://jobs.elastic.co/jobs?gh_jid=8082617&gh_jid=8082617,https://jobs.elastic.co/jobs?gh_jid=8082617&gh_jid=8082617,65,/home/runner/work/job-cv-match-0020/job-cv-match-0020/0020_raw_marti__bayo_alemany_curriculum.pdf,/home/runner/work/job-cv-match-0020/job-cv-match-0020/Marti__Bayo_Alemany_certificates_2020_compressed.pdf,70400-120000 EUR,queued,ok,greenhouse:elastic,eu-global
CRAWL-0287,web_crawl,Elastic,Principal Software Developer - Storage Engine - Elasticsearch,Canada,https://jobs.elastic.co/jobs?gh_jid=8074820&gh_jid=8074820,https://jobs.elastic.co/jobs?gh_jid=8074820&gh_jid=8074820,https://jobs.elastic.co/jobs?gh_jid=8074820&gh_jid=8074820,65,/home/runner/work/job-cv-match-0020/job-cv-match-0020/0020_raw_marti__bayo_alemany_curriculum.pdf,/home/runner/work/job-cv-match-0020/job-cv-match-0020/Marti__Bayo_Alemany_certificates_2020_compressed.pdf,70400-120000 EUR,queued,ok,greenhouse:elastic,eu-global
CRAWL-0288,web_crawl,Elastic,Principal Software Engineer - Relevance in ES|QL - Elasticsearch,Canada,https://jobs.elastic.co/jobs?gh_jid=8098417&gh_jid=8098417,https://jobs.elastic.co/jobs?gh_jid=8098417&gh_jid=8098417,https://jobs.elastic.co/jobs?gh_jid=8098417&gh_jid=8098417,65,/home/runner/work/job-cv-match-0020/job-cv-match-0020/0020_raw_marti__bayo_alemany_curriculum.pdf,/home/runner/work/job-cv-match-0020/job-cv-match-0020/Marti__Bayo_Alemany_certificates_2020_compressed.pdf,70400-120000 EUR,queued,ok,greenhouse:elastic,eu-global
CRAWL-0289,web_crawl,Elastic,Principal Software Engineer - Relevance in ES|QL - Elasticsearch,United States,https://jobs.elastic.co/jobs?gh_jid=8066479&gh_jid=8066479,https://jobs.elastic.co/jobs?gh_jid=8066479&gh_jid=8066479,https://jobs.elastic.co/jobs?gh_jid=8066479&gh_jid=8066479,65,/home/runner/work/job-cv-match-0020/job-cv-match-0020/0020_raw_marti__bayo_alemany_curriculum.pdf,/home/runner/work/job-cv-match-0020/job-cv-match-0020/Marti__Bayo_Alemany_certificates_2020_compressed.pdf,70400-120000 EUR,queued,ok,greenhouse:elastic,eu-global
CRAWL-0290,web_crawl,Elastic,Principal Software Engineer - Relevance in ES|QL - Elasticsearch,Greece,https://jobs.elastic.co/jobs?gh_jid=8098422&gh_jid=8098422,https://jobs.elastic.co/jobs?gh_jid=8098422&gh_jid=8098422,https://jobs.elastic.co/jobs?gh_jid=8098422&gh_jid=8098422,65,/home/runner/work/job-cv-match-0020/job-cv-match-0020/0020_raw_marti__bayo_alemany_curriculum.pdf,/home/runner/work/job-cv-match-0020/job-cv-match-0020/Marti__Bayo_Alemany_certificates_2020_compressed.pdf,70400-120000 EUR,queued,ok,greenhouse:elastic,eu-global
CRAWL-0291,web_crawl,Elastic,Principal Software Engineer - Relevance in ES|QL - Elasticsearch,Spain,https://jobs.elastic.co/jobs?gh_jid=8098420&gh_jid=8098420,https://jobs.elastic.co/jobs?gh_jid=8098420&gh_jid=8098420,https://jobs.elastic.co/jobs?gh_jid=8098420&gh_jid=8098420,65,/home/runner/work/job-cv-match-0020/job-cv-match-0020/0020_raw_marti__bayo_alemany_curriculum.pdf,/home/runner/work/job-cv-match-0020/job-cv-match-0020/Marti__Bayo_Alemany_certificates_2020_compressed.pdf,70400-120000 EUR,queued,ok,greenhouse:elastic,eu-global
CRAWL-0292,web_crawl,Elastic,Principal Software Engineer - Search Infra - Elasticsearch,Canada,https://jobs.elastic.co/jobs?gh_jid=8067101&gh_jid=8067101,https://jobs.elastic.co/jobs?gh_jid=8067101&gh_jid=8067101,https://jobs.elastic.co/jobs?gh_jid=8067101&gh_jid=8067101,65,/home/runner/work/job-cv-match-0020/job-cv-match-0020/0020_raw_marti__bayo_alemany_curriculum.pdf,/home/runner/work/job-cv-match-0020/job-cv-match-0020/Marti__Bayo_Alemany_certificates_2020_compressed.pdf,70400-120000 EUR,queued,ok,greenhouse:elastic,eu-global
CRAWL-0293,web_crawl,Elastic,Principal Software Engineer - Search Infra - Elasticsearch,Spain,https://jobs.elastic.co/jobs?gh_jid=8020857&gh_jid=8020857,https://jobs.elastic.co/jobs?gh_jid=8020857&gh_jid=8020857,https://jobs.elastic.co/jobs?gh_jid=8020857&gh_jid=8020857,65,/home/runner/work/job-cv-match-0020/job-cv-match-0020/0020_raw_marti__bayo_alemany_curriculum.pdf,/home/runner/work/job-cv-match-0020/job-cv-match-0020/Marti__Bayo_Alemany_certificates_2020_compressed.pdf,70400-120000 EUR,queued,ok,greenhouse:elastic,eu-global
CRAWL-0294,web_crawl,Elastic,Principal Software Engineer - Search Infra - Elasticsearch,Greece,https://jobs.elastic.co/jobs?gh_jid=8020864&gh_jid=8020864,https://jobs.elastic.co/jobs?gh_jid=8020864&gh_jid=8020864,https://jobs.elastic.co/jobs?gh_jid=8020864&gh_jid=8020864,65,/home/runner/work/job-cv-match-0020/job-cv-match-0020/0020_raw_marti__bayo_alemany_curriculum.pdf,/home/runner/work/job-cv-match-0020/job-cv-match-0020/Marti__Bayo_Alemany_certificates_2020_compressed.pdf,70400-120000 EUR,queued,ok,greenhouse:elastic,eu-global
CRAWL-0295,web_crawl,Elastic,Principal Software Engineer - Search Infra - Elasticsearch,Ireland,https://jobs.elastic.co/jobs?gh_jid=8020854&gh_jid=8020854,https://jobs.elastic.co/jobs?gh_jid=8020854&gh_jid=8020854,https://jobs.elastic.co/jobs?gh_jid=8020854&gh_jid=8020854,65,/home/runner/work/job-cv-match-0020/job-cv-match-0020/0020_raw_marti__bayo_alemany_curriculum.pdf,/home/runner/work/job-cv-match-0020/job-cv-match-0020/Marti__Bayo_Alemany_certificates_2020_compressed.pdf,70400-120000 EUR,queued,ok,greenhouse:elastic,eu-global
CRAWL-0296,web_crawl,Elastic,Principal Software Engineer - Search Infra - Elasticsearch -,United States,https://jobs.elastic.co/jobs?gh_jid=8067100&gh_jid=8067100,https://jobs.elastic.co/jobs?gh_jid=8067100&gh_jid=8067100,https://jobs.elastic.co/jobs?gh_jid=8067100&gh_jid=8067100,65,/home/runner/work/job-cv-match-0020/job-cv-match-0020/0020_raw_marti__bayo_alemany_curriculum.pdf,/home/runner/work/job-cv-match-0020/job-cv-match-0020/Marti__Bayo_Alemany_certificates_2020_compressed.pdf,70400-120000 EUR,queued,ok,greenhouse:elastic,eu-global
CRAWL-0297,web_crawl,Elastic,Principal Software Engineer - Security - Elasticsearch,United States,https://jobs.elastic.co/jobs?gh_jid=8082612&gh_jid=8082612,https://jobs.elastic.co/jobs?gh_jid=8082612&gh_jid=8082612,https://jobs.elastic.co/jobs?gh_jid=8082612&gh_jid=8082612,65,/home/runner/work/job-cv-match-0020/job-cv-match-0020/0020_raw_marti__bayo_alemany_curriculum.pdf,/home/runner/work/job-cv-match-0020/job-cv-match-0020/Marti__Bayo_Alemany_certificates_2020_compressed.pdf,70400-120000 EUR,queued,ok,greenhouse:elastic,eu-global
CRAWL-0298,web_crawl,Elastic,Principal Software Engineer - Storage Engine - Elasticsearch,United States,https://jobs.elastic.co/jobs?gh_jid=8074819&gh_jid=8074819,https://jobs.elastic.co/jobs?gh_jid=8074819&gh_jid=8074819,https://jobs.elastic.co/jobs?gh_jid=8074819&gh_jid=8074819,65,/home/runner/work/job-cv-match-0020/job-cv-match-0020/0020_raw_marti__bayo_alemany_curriculum.pdf,/home/runner/work/job-cv-match-0020/job-cv-match-0020/Marti__Bayo_Alemany_certificates_2020_compressed.pdf,70400-120000 EUR,queued,ok,greenhouse:elastic,eu-global
CRAWL-0299,web_crawl,Elastic,Principal Software Engineer - Vector Search - Elasticsearch,Canada,https://jobs.elastic.co/jobs?gh_jid=7903238&gh_jid=7903238,https://jobs.elastic.co/jobs?gh_jid=7903238&gh_jid=7903238,https://jobs.elastic.co/jobs?gh_jid=7903238&gh_jid=7903238,65,/home/runner/work/job-cv-match-0020/job-cv-match-0020/0020_raw_marti__bayo_alemany_curriculum.pdf,/home/runner/work/job-cv-match-0020/job-cv-match-0020/Marti__Bayo_Alemany_certificates_2020_compressed.pdf,70400-120000 EUR,queued,ok,greenhouse:elastic,eu-global
CRAWL-0300,web_crawl,Elastic,Principal Software Engineer - Vector Search - Elasticsearch,Ireland,https://jobs.elastic.co/jobs?gh_jid=8020842&gh_jid=8020842,https://jobs.elastic.co/jobs?gh_jid=8020842&gh_jid=8020842,https://jobs.elastic.co/jobs?gh_jid=8020842&gh_jid=8020842,65,/home/runner/work/job-cv-match-0020/job-cv-match-0020/0020_raw_marti__bayo_alemany_curriculum.pdf,/home/runner/work/job-cv-match-0020/job-cv-match-0020/Marti__Bayo_Alemany_certificates_2020_compressed.pdf,70400-120000 EUR,queued,ok,greenhouse:elastic,eu-global
CRAWL-0301,web_crawl,Elastic,Principal Software Engineer - Vector Search - Elasticsearch,Spain,https://jobs.elastic.co/jobs?gh_jid=8020844&gh_jid=8020844,https://jobs.elastic.co/jobs?gh_jid=8020844&gh_jid=8020844,https://jobs.elastic.co/jobs?gh_jid=8020844&gh_jid=8020844,65,/home/runner/work/job-cv-match-0020/job-cv-match-0020/0020_raw_marti__bayo_alemany_curriculum.pdf,/home/runner/work/job-cv-match-0020/job-cv-match-0020/Marti__Bayo_Alemany_certificates_2020_compressed.pdf,70400-120000 EUR,queued,ok,greenhouse:elastic,eu-global
CRAWL-0302,web_crawl,Elastic,Principal Software Engineer - Vector Search - Elasticsearch,United States,https://jobs.elastic.co/jobs?gh_jid=7843348&gh_jid=7843348,https://jobs.elastic.co/jobs?gh_jid=7843348&gh_jid=7843348,https://jobs.elastic.co/jobs?gh_jid=7843348&gh_jid=7843348,65,/home/runner/work/job-cv-match-0020/job-cv-match-0020/0020_raw_marti__bayo_alemany_curriculum.pdf,/home/runner/work/job-cv-match-0020/job-cv-match-0020/Marti__Bayo_Alemany_certificates_2020_compressed.pdf,70400-120000 EUR,queued,ok,greenhouse:elastic,eu-global
CRAWL-0303,web_crawl,Elastic,Principal Software Engineer - Vector Search - Elasticsearch,Greece,https://jobs.elastic.co/jobs?gh_jid=8020845&gh_jid=8020845,https://jobs.elastic.co/jobs?gh_jid=8020845&gh_jid=8020845,https://jobs.elastic.co/jobs?gh_jid=8020845&gh_jid=8020845,65,/home/runner/work/job-cv-match-0020/job-cv-match-0020/0020_raw_marti__bayo_alemany_curriculum.pdf,/home/runner/work/job-cv-match-0020/job-cv-match-0020/Marti__Bayo_Alemany_certificates_2020_compressed.pdf,70400-120000 EUR,queued,ok,greenhouse:elastic,eu-global
CRAWL-0304,web_crawl,GitLab,Staff Software Engineer,"Bangalore, India",https://job-boards.greenhouse.io/gitlab/jobs/8632496002,https://job-boards.greenhouse.io/gitlab/jobs/8632496002,https://job-boards.greenhouse.io/gitlab/jobs/8632496002,65,/home/runner/work/job-cv-match-0020/job-cv-match-0020/0020_raw_marti__bayo_alemany_curriculum.pdf,/home/runner/work/job-cv-match-0020/job-cv-match-0020/Marti__Bayo_Alemany_certificates_2020_compressed.pdf,70400-120000 EUR,queued,ok,greenhouse:gitlab,eu-global
CRAWL-0305,web_crawl,Pinterest,"Sr. Staff Software Engineer, Data Product Platform","San Francisco, CA, US; Remote, US",https://www.pinterestcareers.com/jobs/?gh_jid=7746946,https://www.pinterestcareers.com/jobs/?gh_jid=7746946,https://www.pinterestcareers.com/jobs/?gh_jid=7746946,65,/home/runner/work/job-cv-match-0020/job-cv-match-0020/0020_raw_marti__bayo_alemany_curriculum.pdf,/home/runner/work/job-cv-match-0020/job-cv-match-0020/Marti__Bayo_Alemany_certificates_2020_compressed.pdf,70400-120000 EUR,queued,ok,greenhouse:pinterest,eu-global
CRAWL-0306,web_crawl,Pinterest,"Sr. Staff Software Engineer, iOS Search and Shopping Journeys","San Francisco, CA, US; Remote, US",https://www.pinterestcareers.com/jobs/?gh_jid=8001913,https://www.pinterestcareers.com/jobs/?gh_jid=8001913,https://www.pinterestcareers.com/jobs/?gh_jid=8001913,65,/home/runner/work/job-cv-match-0020/job-cv-match-0020/0020_raw_marti__bayo_alemany_curriculum.pdf,/home/runner/work/job-cv-match-0020/job-cv-match-0020/Marti__Bayo_Alemany_certificates_2020_compressed.pdf,70400-120000 EUR,queued,ok,greenhouse:pinterest,eu-global
CRAWL-0307,web_crawl,Pinterest,"Sr. Staff Software Engineer, Merchants","San Francisco, CA, US; Palo Alto, CA, US",https://www.pinterestcareers.com/jobs/?gh_jid=7770918,https://www.pinterestcareers.com/jobs/?gh_jid=7770918,https://www.pinterestcareers.com/jobs/?gh_jid=7770918,65,/home/runner/work/job-cv-match-0020/job-cv-match-0020/0020_raw_marti__bayo_alemany_curriculum.pdf,/home/runner/work/job-cv-match-0020/job-cv-match-0020/Marti__Bayo_Alemany_certificates_2020_compressed.pdf,70400-120000 EUR,queued,ok,greenhouse:pinterest,eu-global
CRAWL-0308,web_crawl,Pinterest,"Staff Software Engineer, Ads Measurement Products","San Francisco, CA, US; Remote, US",https://www.pinterestcareers.com/jobs/?gh_jid=7494915,https://www.pinterestcareers.com/jobs/?gh_jid=7494915,https://www.pinterestcareers.com/jobs/?gh_jid=7494915,65,/home/runner/work/job-cv-match-0020/job-cv-match-0020/0020_raw_marti__bayo_alemany_curriculum.pdf,/home/runner/work/job-cv-match-0020/job-cv-match-0020/Marti__Bayo_Alemany_certificates_2020_compressed.pdf,70400-120000 EUR,queued,ok,greenhouse:pinterest,eu-global
CRAWL-0309,web_crawl,Pinterest,"Staff Software Engineer, Ads Measurement Signal","Seattle, WA, US; Remote, US",https://www.pinterestcareers.com/jobs/?gh_jid=7494904,https://www.pinterestcareers.com/jobs/?gh_jid=7494904,https://www.pinterestcareers.com/jobs/?gh_jid=7494904,65,/home/runner/work/job-cv-match-0020/job-cv-match-0020/0020_raw_marti__bayo_alemany_curriculum.pdf,/home/runner/work/job-cv-match-0020/job-cv-match-0020/Marti__Bayo_Alemany_certificates_2020_compressed.pdf,70400-120000 EUR,queued,ok,greenhouse:pinterest,eu-global
CRAWL-0310,web_crawl,Pinterest,"Staff Software Engineer, AI Tools","San Francisco, CA, US; Remote, US",https://www.pinterestcareers.com/jobs/?gh_jid=7305880,https://www.pinterestcareers.com/jobs/?gh_jid=7305880,https://www.pinterestcareers.com/jobs/?gh_jid=7305880,65,/home/runner/work/job-cv-match-0020/job-cv-match-0020/0020_raw_marti__bayo_alemany_curriculum.pdf,/home/runner/work/job-cv-match-0020/job-cv-match-0020/Marti__Bayo_Alemany_certificates_2020_compressed.pdf,70400-120000 EUR,queued,ok,greenhouse:pinterest,eu-global
CRAWL-0311,web_crawl,Pinterest,"Staff Software Engineer, Big Data Storage","Palo Alto, CA, US; Remote, US",https://www.pinterestcareers.com/jobs/?gh_jid=7437356,https://www.pinterestcareers.com/jobs/?gh_jid=7437356,https://www.pinterestcareers.com/jobs/?gh_jid=7437356,65,/home/runner/work/job-cv-match-0020/job-cv-match-0020/0020_raw_marti__bayo_alemany_curriculum.pdf,/home/runner/work/job-cv-match-0020/job-cv-match-0020/Marti__Bayo_Alemany_certificates_2020_compressed.pdf,70400-120000 EUR,queued,ok,greenhouse:pinterest,eu-global
CRAWL-0312,web_crawl,Pinterest,"Staff Software Engineer, Big Data, tvScientific","San Francisco, CA, US; Remote, US",https://www.pinterestcareers.com/jobs/?gh_jid=7642253,https://www.pinterestcareers.com/jobs/?gh_jid=7642253,https://www.pinterestcareers.com/jobs/?gh_jid=7642253,65,/home/runner/work/job-cv-match-0020/job-cv-match-0020/0020_raw_marti__bayo_alemany_curriculum.pdf,/home/runner/work/job-cv-match-0020/job-cv-match-0020/Marti__Bayo_Alemany_certificates_2020_compressed.pdf,70400-120000 EUR,queued,ok,greenhouse:pinterest,eu-global
CRAWL-0313,web_crawl,Pinterest,"Staff Software Engineer, Capacity Engineering","San Francisco, CA, US; Remote, US",https://www.pinterestcareers.com/jobs/?gh_jid=7494668,https://www.pinterestcareers.com/jobs/?gh_jid=7494668,https://www.pinterestcareers.com/jobs/?gh_jid=7494668,65,/home/runner/work/job-cv-match-0020/job-cv-match-0020/0020_raw_marti__bayo_alemany_curriculum.pdf,/home/runner/work/job-cv-match-0020/job-cv-match-0020/Marti__Bayo_Alemany_certificates_2020_compressed.pdf,70400-120000 EUR,queued,ok,greenhouse:pinterest,eu-global
CRAWL-0314,web_crawl,Pinterest,"Staff Software Engineer, Edge","US; Remote, US",https://www.pinterestcareers.com/jobs/?gh_jid=7990090,https://www.pinterestcareers.com/jobs/?gh_jid=7990090,https://www.pinterestcareers.com/jobs/?gh_jid=7990090,65,/home/runner/work/job-cv-match-0020/job-cv-match-0020/0020_raw_marti__bayo_alemany_curriculum.pdf,/home/runner/work/job-cv-match-0020/job-cv-match-0020/Marti__Bayo_Alemany_certificates_2020_compressed.pdf,70400-120000 EUR,queued,ok,greenhouse:pinterest,eu-global
CRAWL-0315,web_crawl,Pinterest,"Staff Software Engineer, Observability","San Francisco, CA, US; Remote, US",https://www.pinterestcareers.com/jobs/?gh_jid=7954753,https://www.pinterestcareers.com/jobs/?gh_jid=7954753,https://www.pinterestcareers.com/jobs/?gh_jid=7954753,65,/home/runner/work/job-cv-match-0020/job-cv-match-0020/0020_raw_marti__bayo_alemany_curriculum.pdf,/home/runner/work/job-cv-match-0020/job-cv-match-0020/Marti__Bayo_Alemany_certificates_2020_compressed.pdf,70400-120000 EUR,queued,ok,greenhouse:pinterest,eu-global
CRAWL-0316,web_crawl,Pinterest,"Staff Software Engineer, Service Communications","San Francisco, CA, US; Remote, US",https://www.pinterestcareers.com/jobs/?gh_jid=7990086,https://www.pinterestcareers.com/jobs/?gh_jid=7990086,https://www.pinterestcareers.com/jobs/?gh_jid=7990086,65,/home/runner/work/job-cv-match-0020/job-cv-match-0020/0020_raw_marti__bayo_alemany_curriculum.pdf,/home/runner/work/job-cv-match-0020/job-cv-match-0020/Marti__Bayo_Alemany_certificates_2020_compressed.pdf,70400-120000 EUR,queued,ok,greenhouse:pinterest,eu-global
CRAWL-0317,web_crawl,Pinterest,Staff Software Engineer- Growth Performance Marketing,"San Francisco, CA, US; Remote, US",https://www.pinterestcareers.com/jobs/?gh_jid=7874931,https://www.pinterestcareers.com/jobs/?gh_jid=7874931,https://www.pinterestcareers.com/jobs/?gh_jid=7874931,65,/home/runner/work/job-cv-match-0020/job-cv-match-0020/0020_raw_marti__bayo_alemany_curriculum.pdf,/home/runner/work/job-cv-match-0020/job-cv-match-0020/Marti__Bayo_Alemany_certificates_2020_compressed.pdf,70400-120000 EUR,queued,ok,greenhouse:pinterest,eu-global
CRAWL-0318,web_crawl,Reddit,"Staff Software Engineer, DevPlatform",Remote - United States,https://job-boards.greenhouse.io/reddit/jobs/8049901,https://job-boards.greenhouse.io/reddit/jobs/8049901,https://job-boards.greenhouse.io/reddit/jobs/8049901,65,/home/runner/work/job-cv-match-0020/job-cv-match-0020/0020_raw_marti__bayo_alemany_curriculum.pdf,/home/runner/work/job-cv-match-0020/job-cv-match-0020/Marti__Bayo_Alemany_certificates_2020_compressed.pdf,70400-120000 EUR,queued,ok,greenhouse:reddit,eu-global
CRAWL-0319,web_crawl,Reddit,"Staff Software Engineer, Identity & Access Management",Remote - United States,https://job-boards.greenhouse.io/reddit/jobs/8031491,https://job-boards.greenhouse.io/reddit/jobs/8031491,https://job-boards.greenhouse.io/reddit/jobs/8031491,65,/home/runner/work/job-cv-match-0020/job-cv-match-0020/0020_raw_marti__bayo_alemany_curriculum.pdf,/home/runner/work/job-cv-match-0020/job-cv-match-0020/Marti__Bayo_Alemany_certificates_2020_compressed.pdf,70400-120000 EUR,queued,ok,greenhouse:reddit,eu-global
CRAWL-0320,web_crawl,Reddit,"Staff Software Engineer, Media Experiences",Remote - United States,https://job-boards.greenhouse.io/reddit/jobs/8029641,https://job-boards.greenhouse.io/reddit/jobs/8029641,https://job-boards.greenhouse.io/reddit/jobs/8029641,65,/home/runner/work/job-cv-match-0020/job-cv-match-0020/0020_raw_marti__bayo_alemany_curriculum.pdf,/home/runner/work/job-cv-match-0020/job-cv-match-0020/Marti__Bayo_Alemany_certificates_2020_compressed.pdf,70400-120000 EUR,queued,ok,greenhouse:reddit,eu-global
CRAWL-0321,web_crawl,Reddit,"Staff Software Engineer, Onboarding",Remote - United States,https://job-boards.greenhouse.io/reddit/jobs/7961154,https://job-boards.greenhouse.io/reddit/jobs/7961154,https://job-boards.greenhouse.io/reddit/jobs/7961154,65,/home/runner/work/job-cv-match-0020/job-cv-match-0020/0020_raw_marti__bayo_alemany_curriculum.pdf,/home/runner/work/job-cv-match-0020/job-cv-match-0020/Marti__Bayo_Alemany_certificates_2020_compressed.pdf,70400-120000 EUR,queued,ok,greenhouse:reddit,eu-global
CRAWL-0322,web_crawl,Robinhood,"Staff Software Developer, DevX (Developer Infrastructure)","Toronto, Canada",https://boards.greenhouse.io/robinhood/jobs/8080939?t=gh_src=&gh_jid=8080939,https://boards.greenhouse.io/robinhood/jobs/8080939?t=gh_src=&gh_jid=8080939,https://boards.greenhouse.io/robinhood/jobs/8080939?t=gh_src=&gh_jid=8080939,65,/home/runner/work/job-cv-match-0020/job-cv-match-0020/0020_raw_marti__bayo_alemany_curriculum.pdf,/home/runner/work/job-cv-match-0020/job-cv-match-0020/Marti__Bayo_Alemany_certificates_2020_compressed.pdf,70400-120000 EUR,queued,ok,greenhouse:robinhood,eu-global
CRAWL-0323,web_crawl,Robinhood,"Staff Software Engineer, Capacity and Efficiency Engineering","Bellevue, WA",https://boards.greenhouse.io/robinhood/jobs/8097334?t=gh_src=&gh_jid=8097334,https://boards.greenhouse.io/robinhood/jobs/8097334?t=gh_src=&gh_jid=8097334,https://boards.greenhouse.io/robinhood/jobs/8097334?t=gh_src=&gh_jid=8097334,65,/home/runner/work/job-cv-match-0020/job-cv-match-0020/0020_raw_marti__bayo_alemany_curriculum.pdf,/home/runner/work/job-cv-match-0020/job-cv-match-0020/Marti__Bayo_Alemany_certificates_2020_compressed.pdf,70400-120000 EUR,queued,ok,greenhouse:robinhood,eu-global
CRAWL-0324,web_crawl,Robinhood,"Staff Software Engineer, DevX (Developer Infrastructure)","New York, NY",https://boards.greenhouse.io/robinhood/jobs/8080937?t=gh_src=&gh_jid=8080937,https://boards.greenhouse.io/robinhood/jobs/8080937?t=gh_src=&gh_jid=8080937,https://boards.greenhouse.io/robinhood/jobs/8080937?t=gh_src=&gh_jid=8080937,65,/home/runner/work/job-cv-match-0020/job-cv-match-0020/0020_raw_marti__bayo_alemany_curriculum.pdf,/home/runner/work/job-cv-match-0020/job-cv-match-0020/Marti__Bayo_Alemany_certificates_2020_compressed.pdf,70400-120000 EUR,queued,ok,greenhouse:robinhood,eu-global
CRAWL-0325,web_crawl,Robinhood,"Staff Software Engineer, Identity & Access Management","Bellevue, WA; Menlo Park, CA",https://boards.greenhouse.io/robinhood/jobs/7819461?t=gh_src=&gh_jid=7819461,https://boards.greenhouse.io/robinhood/jobs/7819461?t=gh_src=&gh_jid=7819461,https://boards.greenhouse.io/robinhood/jobs/7819461?t=gh_src=&gh_jid=7819461,65,/home/runner/work/job-cv-match-0020/job-cv-match-0020/0020_raw_marti__bayo_alemany_curriculum.pdf,/home/runner/work/job-cv-match-0020/job-cv-match-0020/Marti__Bayo_Alemany_certificates_2020_compressed.pdf,70400-120000 EUR,queued,ok,greenhouse:robinhood,eu-global
CRAWL-0326,web_crawl,Robinhood,"Staff Software Engineer, Observability","Menlo Park, CA",https://boards.greenhouse.io/robinhood/jobs/7489707?t=gh_src=&gh_jid=7489707,https://boards.greenhouse.io/robinhood/jobs/7489707?t=gh_src=&gh_jid=7489707,https://boards.greenhouse.io/robinhood/jobs/7489707?t=gh_src=&gh_jid=7489707,65,/home/runner/work/job-cv-match-0020/job-cv-match-0020/0020_raw_marti__bayo_alemany_curriculum.pdf,/home/runner/work/job-cv-match-0020/job-cv-match-0020/Marti__Bayo_Alemany_certificates_2020_compressed.pdf,70400-120000 EUR,queued,ok,greenhouse:robinhood,eu-global
CRAWL-0327,web_crawl,Robinhood,"Staff Software Engineer, Storage Platform","Bellevue, WA",https://boards.greenhouse.io/robinhood/jobs/8044227?t=gh_src=&gh_jid=8044227,https://boards.greenhouse.io/robinhood/jobs/8044227?t=gh_src=&gh_jid=8044227,https://boards.greenhouse.io/robinhood/jobs/8044227?t=gh_src=&gh_jid=8044227,65,/home/runner/work/job-cv-match-0020/job-cv-match-0020/0020_raw_marti__bayo_alemany_curriculum.pdf,/home/runner/work/job-cv-match-0020/job-cv-match-0020/Marti__Bayo_Alemany_certificates_2020_compressed.pdf,70400-120000 EUR,queued,ok,greenhouse:robinhood,eu-global
CRAWL-0328,web_crawl,Robinhood,"Staff Software Engineer, Trade PMR","Menlo Park, CA; New York, NY",https://boards.greenhouse.io/robinhood/jobs/7684760?t=gh_src=&gh_jid=7684760,https://boards.greenhouse.io/robinhood/jobs/7684760?t=gh_src=&gh_jid=7684760,https://boards.greenhouse.io/robinhood/jobs/7684760?t=gh_src=&gh_jid=7684760,65,/home/runner/work/job-cv-match-0020/job-cv-match-0020/0020_raw_marti__bayo_alemany_curriculum.pdf,/home/runner/work/job-cv-match-0020/job-cv-match-0020/Marti__Bayo_Alemany_certificates_2020_compressed.pdf,70400-120000 EUR,queued,ok,greenhouse:robinhood,eu-global
CRAWL-0329,web_crawl,Robinhood,"Staff Software Engineer, Web3","Toronto, Canada",https://boards.greenhouse.io/robinhood/jobs/7489952?t=gh_src=&gh_jid=7489952,https://boards.greenhouse.io/robinhood/jobs/7489952?t=gh_src=&gh_jid=7489952,https://boards.greenhouse.io/robinhood/jobs/7489952?t=gh_src=&gh_jid=7489952,65,/home/runner/work/job-cv-match-0020/job-cv-match-0020/0020_raw_marti__bayo_alemany_curriculum.pdf,/home/runner/work/job-cv-match-0020/job-cv-match-0020/Marti__Bayo_Alemany_certificates_2020_compressed.pdf,70400-120000 EUR,queued,ok,greenhouse:robinhood,eu-global
CRAWL-0330,web_crawl,Robinhood,"Staff Software Engineer, Web3","Menlo Park, CA; New York, NY",https://boards.greenhouse.io/robinhood/jobs/7489950?t=gh_src=&gh_jid=7489950,https://boards.greenhouse.io/robinhood/jobs/7489950?t=gh_src=&gh_jid=7489950,https://boards.greenhouse.io/robinhood/jobs/7489950?t=gh_src=&gh_jid=7489950,65,/home/runner/work/job-cv-match-0020/job-cv-match-0020/0020_raw_marti__bayo_alemany_curriculum.pdf,/home/runner/work/job-cv-match-0020/job-cv-match-0020/Marti__Bayo_Alemany_certificates_2020_compressed.pdf,70400-120000 EUR,queued,ok,greenhouse:robinhood,eu-global
CRAWL-0331,web_crawl,Stripe,Staff Software Engineer - CI Services,Dublin,https://stripe.com/jobs/search?gh_jid=8089815,https://stripe.com/jobs/search?gh_jid=8089815,https://stripe.com/jobs/search?gh_jid=8089815,65,/home/runner/work/job-cv-match-0020/job-cv-match-0020/0020_raw_marti__bayo_alemany_curriculum.pdf,/home/runner/work/job-cv-match-0020/job-cv-match-0020/Marti__Bayo_Alemany_certificates_2020_compressed.pdf,70400-120000 EUR,queued,ok,greenhouse:stripe,eu-global
CRAWL-0332,web_crawl,Stripe,"Staff Software Engineer, API Platform","San Francisco, Seattle",https://stripe.com/jobs/search?gh_jid=8055701,https://stripe.com/jobs/search?gh_jid=8055701,https://stripe.com/jobs/search?gh_jid=8055701,65,/home/runner/work/job-cv-match-0020/job-cv-match-0020/0020_raw_marti__bayo_alemany_curriculum.pdf,/home/runner/work/job-cv-match-0020/job-cv-match-0020/Marti__Bayo_Alemany_certificates_2020_compressed.pdf,70400-120000 EUR,queued,ok,greenhouse:stripe,eu-global
CRAWL-0333,web_crawl,Stripe,"Staff Software Engineer, Business Data",Seattle,https://stripe.com/jobs/search?gh_jid=8112037,https://stripe.com/jobs/search?gh_jid=8112037,https://stripe.com/jobs/search?gh_jid=8112037,65,/home/runner/work/job-cv-match-0020/job-cv-match-0020/0020_raw_marti__bayo_alemany_curriculum.pdf,/home/runner/work/job-cv-match-0020/job-cv-match-0020/Marti__Bayo_Alemany_certificates_2020_compressed.pdf,70400-120000 EUR,queued,ok,greenhouse:stripe,eu-global
CRAWL-0334,web_crawl,Stripe,"Staff Software Engineer, Data Engineering Solutions",Bengaluru,https://stripe.com/jobs/search?gh_jid=7548037,https://stripe.com/jobs/search?gh_jid=7548037,https://stripe.com/jobs/search?gh_jid=7548037,65,/home/runner/work/job-cv-match-0020/job-cv-match-0020/0020_raw_marti__bayo_alemany_curriculum.pdf,/home/runner/work/job-cv-match-0020/job-cv-match-0020/Marti__Bayo_Alemany_certificates_2020_compressed.pdf,70400-120000 EUR,queued,ok,greenhouse:stripe,eu-global
CRAWL-0335,web_crawl,Stripe,"Staff Software Engineer, Data Quality and Governance",Seattle,https://stripe.com/jobs/search?gh_jid=8112042,https://stripe.com/jobs/search?gh_jid=8112042,https://stripe.com/jobs/search?gh_jid=8112042,65,/home/runner/work/job-cv-match-0020/job-cv-match-0020/0020_raw_marti__bayo_alemany_curriculum.pdf,/home/runner/work/job-cv-match-0020/job-cv-match-0020/Marti__Bayo_Alemany_certificates_2020_compressed.pdf,70400-120000 EUR,queued,ok,greenhouse:stripe,eu-global
CRAWL-0336,web_crawl,Stripe,"Staff Software Engineer, Datalake Platform",Dublin ,https://stripe.com/jobs/search?gh_jid=8035723,https://stripe.com/jobs/search?gh_jid=8035723,https://stripe.com/jobs/search?gh_jid=8035723,65,/home/runner/work/job-cv-match-0020/job-cv-match-0020/0020_raw_marti__bayo_alemany_curriculum.pdf,/home/runner/work/job-cv-match-0020/job-cv-match-0020/Marti__Bayo_Alemany_certificates_2020_compressed.pdf,70400-120000 EUR,queued,ok,greenhouse:stripe,eu-global
CRAWL-0337,web_crawl,Stripe,"Staff Software Engineer, Issuing","NYC, SEA, San Francisco",https://stripe.com/jobs/search?gh_jid=7369269,https://stripe.com/jobs/search?gh_jid=7369269,https://stripe.com/jobs/search?gh_jid=7369269,65,/home/runner/work/job-cv-match-0020/job-cv-match-0020/0020_raw_marti__bayo_alemany_curriculum.pdf,/home/runner/work/job-cv-match-0020/job-cv-match-0020/Marti__Bayo_Alemany_certificates_2020_compressed.pdf,70400-120000 EUR,queued,ok,greenhouse:stripe,eu-global
CRAWL-0338,web_crawl,Stripe,"Staff Software Engineer, Machine Learning Platform",Toronto,https://stripe.com/jobs/search?gh_jid=7712852,https://stripe.com/jobs/search?gh_jid=7712852,https://stripe.com/jobs/search?gh_jid=7712852,65,/home/runner/work/job-cv-match-0020/job-cv-match-0020/0020_raw_marti__bayo_alemany_curriculum.pdf,/home/runner/work/job-cv-match-0020/job-cv-match-0020/Marti__Bayo_Alemany_certificates_2020_compressed.pdf,70400-120000 EUR,queued,ok,greenhouse:stripe,eu-global
CRAWL-0339,web_crawl,Stripe,"Staff Software Engineer, Machine Learning Platform","San Francisco, Seattle",https://stripe.com/jobs/search?gh_jid=7939868,https://stripe.com/jobs/search?gh_jid=7939868,https://stripe.com/jobs/search?gh_jid=7939868,65,/home/runner/work/job-cv-match-0020/job-cv-match-0020/0020_raw_marti__bayo_alemany_curriculum.pdf,/home/runner/work/job-cv-match-0020/job-cv-match-0020/Marti__Bayo_Alemany_certificates_2020_compressed.pdf,70400-120000 EUR,queued,ok,greenhouse:stripe,eu-global
CRAWL-0340,web_crawl,Stripe,"Staff Software Engineer, Product Risk",Toronto,https://stripe.com/jobs/search?gh_jid=8112043,https://stripe.com/jobs/search?gh_jid=8112043,https://stripe.com/jobs/search?gh_jid=8112043,65,/home/runner/work/job-cv-match-0020/job-cv-match-0020/0020_raw_marti__bayo_alemany_curriculum.pdf,/home/runner/work/job-cv-match-0020/job-cv-match-0020/Marti__Bayo_Alemany_certificates_2020_compressed.pdf,70400-120000 EUR,queued,ok,greenhouse:stripe,eu-global
CRAWL-0341,web_crawl,Stripe,"Staff Software Engineer, Release Engineering",Seattle,https://stripe.com/jobs/search?gh_jid=8038771,https://stripe.com/jobs/search?gh_jid=8038771,https://stripe.com/jobs/search?gh_jid=8038771,65,/home/runner/work/job-cv-match-0020/job-cv-match-0020/0020_raw_marti__bayo_alemany_curriculum.pdf,/home/runner/work/job-cv-match-0020/job-cv-match-0020/Marti__Bayo_Alemany_certificates_2020_compressed.pdf,70400-120000 EUR,queued,ok,greenhouse:stripe,eu-global
CRAWL-0342,web_crawl,Stripe,"Staff Software Engineer, Service Infrastructure",AMER,https://stripe.com/jobs/search?gh_jid=8090141,https://stripe.com/jobs/search?gh_jid=8090141,https://stripe.com/jobs/search?gh_jid=8090141,65,/home/runner/work/job-cv-match-0020/job-cv-match-0020/0020_raw_marti__bayo_alemany_curriculum.pdf,/home/runner/work/job-cv-match-0020/job-cv-match-0020/Marti__Bayo_Alemany_certificates_2020_compressed.pdf,70400-120000 EUR,queued,ok,greenhouse:stripe,eu-global
CRAWL-0343,web_crawl,Stripe,"Staff Software Engineer, Stream Compute","San Francisco, Seattle, New York, Toronto ",https://stripe.com/jobs/search?gh_jid=7767063,https://stripe.com/jobs/search?gh_jid=7767063,https://stripe.com/jobs/search?gh_jid=7767063,65,/home/runner/work/job-cv-match-0020/job-cv-match-0020/0020_raw_marti__bayo_alemany_curriculum.pdf,/home/runner/work/job-cv-match-0020/job-cv-match-0020/Marti__Bayo_Alemany_certificates_2020_compressed.pdf,70400-120000 EUR,queued,ok,greenhouse:stripe,eu-global
CRAWL-0344,web_crawl,Stripe,"Staff Software Engineer, Stripe Dashboard",Seattle,https://stripe.com/jobs/search?gh_jid=7746721,https://stripe.com/jobs/search?gh_jid=7746721,https://stripe.com/jobs/search?gh_jid=7746721,65,/home/runner/work/job-cv-match-0020/job-cv-match-0020/0020_raw_marti__bayo_alemany_curriculum.pdf,/home/runner/work/job-cv-match-0020/job-cv-match-0020/Marti__Bayo_Alemany_certificates_2020_compressed.pdf,70400-120000 EUR,queued,ok,greenhouse:stripe,eu-global
CRAWL-0345,web_crawl,Twilio,Principal Software Engineer,Remote - US,https://job-boards.greenhouse.io/twilio/jobs/8081530,https://job-boards.greenhouse.io/twilio/jobs/8081530,https://job-boards.greenhouse.io/twilio/jobs/8081530,65,/home/runner/work/job-cv-match-0020/job-cv-match-0020/0020_raw_marti__bayo_alemany_curriculum.pdf,/home/runner/work/job-cv-match-0020/job-cv-match-0020/Marti__Bayo_Alemany_certificates_2020_compressed.pdf,70400-120000 EUR,queued,ok,greenhouse:twilio,eu-global
CRAWL-0346,web_crawl,Twilio,Principal Software Engineer,Remote - India,https://job-boards.greenhouse.io/twilio/jobs/7644471,https://job-boards.greenhouse.io/twilio/jobs/7644471,https://job-boards.greenhouse.io/twilio/jobs/7644471,65,/home/runner/work/job-cv-match-0020/job-cv-match-0020/0020_raw_marti__bayo_alemany_curriculum.pdf,/home/runner/work/job-cv-match-0020/job-cv-match-0020/Marti__Bayo_Alemany_certificates_2020_compressed.pdf,70400-120000 EUR,queued,ok,greenhouse:twilio,eu-global
CRAWL-0347,web_crawl,Twilio,Principal Software Engineer - Identity Graph,Remote - US,https://job-boards.greenhouse.io/twilio/jobs/8067270,https://job-boards.greenhouse.io/twilio/jobs/8067270,https://job-boards.greenhouse.io/twilio/jobs/8067270,65,/home/runner/work/job-cv-match-0020/job-cv-match-0020/0020_raw_marti__bayo_alemany_curriculum.pdf,/home/runner/work/job-cv-match-0020/job-cv-match-0020/Marti__Bayo_Alemany_certificates_2020_compressed.pdf,70400-120000 EUR,queued,ok,greenhouse:twilio,eu-global
CRAWL-0348,web_crawl,Twilio,Staff Software Engineer,Remote - Ireland,https://job-boards.greenhouse.io/twilio/jobs/8071710,https://job-boards.greenhouse.io/twilio/jobs/8071710,https://job-boards.greenhouse.io/twilio/jobs/8071710,65,/home/runner/work/job-cv-match-0020/job-cv-match-0020/0020_raw_marti__bayo_alemany_curriculum.pdf,/home/runner/work/job-cv-match-0020/job-cv-match-0020/Marti__Bayo_Alemany_certificates_2020_compressed.pdf,70400-120000 EUR,queued,ok,greenhouse:twilio,eu-global
CRAWL-0349,web_crawl,Twilio,Staff Software Engineer,Remote - US,https://job-boards.greenhouse.io/twilio/jobs/8065043,https://job-boards.greenhouse.io/twilio/jobs/8065043,https://job-boards.greenhouse.io/twilio/jobs/8065043,65,/home/runner/work/job-cv-match-0020/job-cv-match-0020/0020_raw_marti__bayo_alemany_curriculum.pdf,/home/runner/work/job-cv-match-0020/job-cv-match-0020/Marti__Bayo_Alemany_certificates_2020_compressed.pdf,70400-120000 EUR,queued,ok,greenhouse:twilio,eu-global
CRAWL-0350,web_crawl,Twilio,Staff Software Engineer,Remote - US,https://job-boards.greenhouse.io/twilio/jobs/7944328,https://job-boards.greenhouse.io/twilio/jobs/7944328,https://job-boards.greenhouse.io/twilio/jobs/7944328,65,/home/runner/work/job-cv-match-0020/job-cv-match-0020/0020_raw_marti__bayo_alemany_curriculum.pdf,/home/runner/work/job-cv-match-0020/job-cv-match-0020/Marti__Bayo_Alemany_certificates_2020_compressed.pdf,70400-120000 EUR,queued,ok,greenhouse:twilio,eu-global
CRAWL-0351,web_crawl,Twilio,Staff Software Engineer (L4),Remote - Canada,https://job-boards.greenhouse.io/twilio/jobs/7716279,https://job-boards.greenhouse.io/twilio/jobs/7716279,https://job-boards.greenhouse.io/twilio/jobs/7716279,65,/home/runner/work/job-cv-match-0020/job-cv-match-0020/0020_raw_marti__bayo_alemany_curriculum.pdf,/home/runner/work/job-cv-match-0020/job-cv-match-0020/Marti__Bayo_Alemany_certificates_2020_compressed.pdf,70400-120000 EUR,queued,ok,greenhouse:twilio,eu-global
CRAWL-0352,web_crawl,Twilio,Staff Software Engineer (L4),Remote - India,https://job-boards.greenhouse.io/twilio/jobs/7996770,https://job-boards.greenhouse.io/twilio/jobs/7996770,https://job-boards.greenhouse.io/twilio/jobs/7996770,65,/home/runner/work/job-cv-match-0020/job-cv-match-0020/0020_raw_marti__bayo_alemany_curriculum.pdf,/home/runner/work/job-cv-match-0020/job-cv-match-0020/Marti__Bayo_Alemany_certificates_2020_compressed.pdf,70400-120000 EUR,queued,ok,greenhouse:twilio,eu-global
CRAWL-0353,web_crawl,Twilio,Staff Software Engineer (L4) Data Platform,Remote - US,https://job-boards.greenhouse.io/twilio/jobs/7782805,https://job-boards.greenhouse.io/twilio/jobs/7782805,https://job-boards.greenhouse.io/twilio/jobs/7782805,65,/home/runner/work/job-cv-match-0020/job-cv-match-0020/0020_raw_marti__bayo_alemany_curriculum.pdf,/home/runner/work/job-cv-match-0020/job-cv-match-0020/Marti__Bayo_Alemany_certificates_2020_compressed.pdf,70400-120000 EUR,queued,ok,greenhouse:twilio,eu-global
CRAWL-0354,web_crawl,Cloudflare,Principal Engineer - Cloudforce One,Hybrid,https://boards.greenhouse.io/cloudflare/jobs/8023395?gh_jid=8023395,https://boards.greenhouse.io/cloudflare/jobs/8023395?gh_jid=8023395,https://boards.greenhouse.io/cloudflare/jobs/8023395?gh_jid=8023395,60,/home/runner/work/job-cv-match-0020/job-cv-match-0020/0020_raw_marti__bayo_alemany_curriculum.pdf,/home/runner/work/job-cv-match-0020/job-cv-match-0020/Marti__Bayo_Alemany_certificates_2020_compressed.pdf,70400-120000 EUR,queued,ok,greenhouse:cloudflare,eu-global
CRAWL-0355,web_crawl,Cloudflare,Principal Engineer - GTM Data Platform,Hybrid,https://boards.greenhouse.io/cloudflare/jobs/8054669?gh_jid=8054669,https://boards.greenhouse.io/cloudflare/jobs/8054669?gh_jid=8054669,https://boards.greenhouse.io/cloudflare/jobs/8054669?gh_jid=8054669,60,/home/runner/work/job-cv-match-0020/job-cv-match-0020/0020_raw_marti__bayo_alemany_curriculum.pdf,/home/runner/work/job-cv-match-0020/job-cv-match-0020/Marti__Bayo_Alemany_certificates_2020_compressed.pdf,70400-120000 EUR,queued,ok,greenhouse:cloudflare,eu-global
CRAWL-0356,web_crawl,Pinterest,"Principal Engineer, AI Platform","San Francisco, CA, US; Remote, US",https://www.pinterestcareers.com/jobs/?gh_jid=7888329,https://www.pinterestcareers.com/jobs/?gh_jid=7888329,https://www.pinterestcareers.com/jobs/?gh_jid=7888329,60,/home/runner/work/job-cv-match-0020/job-cv-match-0020/0020_raw_marti__bayo_alemany_curriculum.pdf,/home/runner/work/job-cv-match-0020/job-cv-match-0020/Marti__Bayo_Alemany_certificates_2020_compressed.pdf,70400-120000 EUR,queued,ok,greenhouse:pinterest,eu-global
CRAWL-0357,web_crawl,Pinterest,"Principal Engineer, Online Systems","San Francisco, CA, US; Palo Alto, CA, US",https://www.pinterestcareers.com/jobs/?gh_jid=7782229,https://www.pinterestcareers.com/jobs/?gh_jid=7782229,https://www.pinterestcareers.com/jobs/?gh_jid=7782229,60,/home/runner/work/job-cv-match-0020/job-cv-match-0020/0020_raw_marti__bayo_alemany_curriculum.pdf,/home/runner/work/job-cv-match-0020/job-cv-match-0020/Marti__Bayo_Alemany_certificates_2020_compressed.pdf,70400-120000 EUR,queued,ok,greenhouse:pinterest,eu-global
CRAWL-0358,web_crawl,Pinterest,"Principal Engineer, Shopping & Delivery Infra","San Francisco, CA, US; Palo Alto, CA, US; Seattle, WA,US",https://www.pinterestcareers.com/jobs/?gh_jid=8011719,https://www.pinterestcareers.com/jobs/?gh_jid=8011719,https://www.pinterestcareers.com/jobs/?gh_jid=8011719,60,/home/runner/work/job-cv-match-0020/job-cv-match-0020/0020_raw_marti__bayo_alemany_curriculum.pdf,/home/runner/work/job-cv-match-0020/job-cv-match-0020/Marti__Bayo_Alemany_certificates_2020_compressed.pdf,70400-120000 EUR,queued,ok,greenhouse:pinterest,eu-global
CRAWL-0359,web_crawl,Reddit,"Principal Engineer, iOS Performance",Remote - United States,https://job-boards.greenhouse.io/reddit/jobs/7886615,https://job-boards.greenhouse.io/reddit/jobs/7886615,https://job-boards.greenhouse.io/reddit/jobs/7886615,60,/home/runner/work/job-cv-match-0020/job-cv-match-0020/0020_raw_marti__bayo_alemany_curriculum.pdf,/home/runner/work/job-cv-match-0020/job-cv-match-0020/Marti__Bayo_Alemany_certificates_2020_compressed.pdf,70400-120000 EUR,queued,ok,greenhouse:reddit,eu-global
CRAWL-0360,web_crawl,Twilio,Principal Engineer,Remote - US,https://job-boards.greenhouse.io/twilio/jobs/7944264,https://job-boards.greenhouse.io/twilio/jobs/7944264,https://job-boards.greenhouse.io/twilio/jobs/7944264,60,/home/runner/work/job-cv-match-0020/job-cv-match-0020/0020_raw_marti__bayo_alemany_curriculum.pdf,/home/runner/work/job-cv-match-0020/job-cv-match-0020/Marti__Bayo_Alemany_certificates_2020_compressed.pdf,70400-120000 EUR,queued,ok,greenhouse:twilio,eu-global
CRAWL-0361,web_crawl,Twilio,Principal Engineer (L5),Remote - India,https://job-boards.greenhouse.io/twilio/jobs/7996776,https://job-boards.greenhouse.io/twilio/jobs/7996776,https://job-boards.greenhouse.io/twilio/jobs/7996776,60,/home/runner/work/job-cv-match-0020/job-cv-match-0020/0020_raw_marti__bayo_alemany_curriculum.pdf,/home/runner/work/job-cv-match-0020/job-cv-match-0020/Marti__Bayo_Alemany_certificates_2020_compressed.pdf,70400-120000 EUR,queued,ok,greenhouse:twilio,eu-global
CRAWL-0362,web_crawl,Asana,Senior Backend Software Engineer,Reykjavík,https://www.asana.com/jobs/apply/7964361?gh_jid=7964361,https://www.asana.com/jobs/apply/7964361?gh_jid=7964361,https://www.asana.com/jobs/apply/7964361?gh_jid=7964361,30,/home/runner/work/job-cv-match-0020/job-cv-match-0020/0020_raw_marti__bayo_alemany_curriculum.pdf,/home/runner/work/job-cv-match-0020/job-cv-match-0020/Marti__Bayo_Alemany_certificates_2020_compressed.pdf,70400-120000 EUR,queued,ok,greenhouse:asana,eu-global
CRAWL-0363,web_crawl,Asana,Senior Infrastructure Engineer (Software-Focused),Warsaw,https://www.asana.com/jobs/apply/7160487?gh_jid=7160487,https://www.asana.com/jobs/apply/7160487?gh_jid=7160487,https://www.asana.com/jobs/apply/7160487?gh_jid=7160487,30,/home/runner/work/job-cv-match-0020/job-cv-match-0020/0020_raw_marti__bayo_alemany_curriculum.pdf,/home/runner/work/job-cv-match-0020/job-cv-match-0020/Marti__Bayo_Alemany_certificates_2020_compressed.pdf,70400-120000 EUR,queued,ok,greenhouse:asana,eu-global
CRAWL-0364,web_crawl,Discord,"Senior Full-Stack Software Engineer, Ads",San Francisco Bay Area,https://job-boards.greenhouse.io/discord/jobs/8659978002,https://job-boards.greenhouse.io/discord/jobs/8659978002,https://job-boards.greenhouse.io/discord/jobs/8659978002,30,/home/runner/work/job-cv-match-0020/job-cv-match-0020/0020_raw_marti__bayo_alemany_curriculum.pdf,/home/runner/work/job-cv-match-0020/job-cv-match-0020/Marti__Bayo_Alemany_certificates_2020_compressed.pdf,70400-120000 EUR,queued,ok,greenhouse:discord,eu-global
CRAWL-0365,web_crawl,Discord,"Senior Full-Stack Software Engineer, Game Records",San Francisco Bay Area,https://job-boards.greenhouse.io/discord/jobs/8597656002,https://job-boards.greenhouse.io/discord/jobs/8597656002,https://job-boards.greenhouse.io/discord/jobs/8597656002,30,/home/runner/work/job-cv-match-0020/job-cv-match-0020/0020_raw_marti__bayo_alemany_curriculum.pdf,/home/runner/work/job-cv-match-0020/job-cv-match-0020/Marti__Bayo_Alemany_certificates_2020_compressed.pdf,70400-120000 EUR,queued,ok,greenhouse:discord,eu-global
CRAWL-0366,web_crawl,Discord,"Senior Full-Stack Software Engineer, Growth",San Francisco Bay Area,https://job-boards.greenhouse.io/discord/jobs/8642085002,https://job-boards.greenhouse.io/discord/jobs/8642085002,https://job-boards.greenhouse.io/discord/jobs/8642085002,30,/home/runner/work/job-cv-match-0020/job-cv-match-0020/0020_raw_marti__bayo_alemany_curriculum.pdf,/home/runner/work/job-cv-match-0020/job-cv-match-0020/Marti__Bayo_Alemany_certificates_2020_compressed.pdf,70400-120000 EUR,queued,ok,greenhouse:discord,eu-global
CRAWL-0367,web_crawl,Discord,"Senior Full-Stack Software Engineer, Social Commerce",San Francisco Bay Area,https://job-boards.greenhouse.io/discord/jobs/8604768002,https://job-boards.greenhouse.io/discord/jobs/8604768002,https://job-boards.greenhouse.io/discord/jobs/8604768002,30,/home/runner/work/job-cv-match-0020/job-cv-match-0020/0020_raw_marti__bayo_alemany_curriculum.pdf,/home/runner/work/job-cv-match-0020/job-cv-match-0020/Marti__Bayo_Alemany_certificates_2020_compressed.pdf,70400-120000 EUR,queued,ok,greenhouse:discord,eu-global
CRAWL-0368,web_crawl,Dropbox,"Senior Fullstack Product Software Engineer, Web Experience",Remote - US: Select locations,https://jobs.dropbox.com/listing/8074704?gh_jid=8074704,https://jobs.dropbox.com/listing/8074704?gh_jid=8074704,https://jobs.dropbox.com/listing/8074704?gh_jid=8074704,30,/home/runner/work/job-cv-match-0020/job-cv-match-0020/0020_raw_marti__bayo_alemany_curriculum.pdf,/home/runner/work/job-cv-match-0020/job-cv-match-0020/Marti__Bayo_Alemany_certificates_2020_compressed.pdf,70400-120000 EUR,queued,ok,greenhouse:dropbox,eu-global
CRAWL-0369,web_crawl,Dropbox,"Senior Fullstack Product Software Engineer, Web Experience",Remote - Canada: Select locations,https://jobs.dropbox.com/listing/8074707?gh_jid=8074707,https://jobs.dropbox.com/listing/8074707?gh_jid=8074707,https://jobs.dropbox.com/listing/8074707?gh_jid=8074707,30,/home/runner/work/job-cv-match-0020/job-cv-match-0020/0020_raw_marti__bayo_alemany_curriculum.pdf,/home/runner/work/job-cv-match-0020/job-cv-match-0020/Marti__Bayo_Alemany_certificates_2020_compressed.pdf,70400-120000 EUR,queued,ok,greenhouse:dropbox,eu-global
CRAWL-0370,web_crawl,Dropbox,"Senior Fullstack Product Software Engineer, Web Experience",Remote - Mexico,https://jobs.dropbox.com/listing/8074709?gh_jid=8074709,https://jobs.dropbox.com/listing/8074709?gh_jid=8074709,https://jobs.dropbox.com/listing/8074709?gh_jid=8074709,30,/home/runner/work/job-cv-match-0020/job-cv-match-0020/0020_raw_marti__bayo_alemany_curriculum.pdf,/home/runner/work/job-cv-match-0020/job-cv-match-0020/Marti__Bayo_Alemany_certificates_2020_compressed.pdf,70400-120000 EUR,queued,ok,greenhouse:dropbox,eu-global
CRAWL-0371,web_crawl,Dropbox,Senior Infrastructure Software Engineer,Remote - Poland,https://jobs.dropbox.com/listing/6333181?gh_jid=6333181,https://jobs.dropbox.com/listing/6333181?gh_jid=6333181,https://jobs.dropbox.com/listing/6333181?gh_jid=6333181,30,/home/runner/work/job-cv-match-0020/job-cv-match-0020/0020_raw_marti__bayo_alemany_curriculum.pdf,/home/runner/work/job-cv-match-0020/job-cv-match-0020/Marti__Bayo_Alemany_certificates_2020_compressed.pdf,70400-120000 EUR,queued,ok,greenhouse:dropbox,eu-global
CRAWL-0372,web_crawl,GitLab,"Senior Manager, Product Management: Agentic Software Delivery","Remote, Canada; Remote, US",https://job-boards.greenhouse.io/gitlab/jobs/8597826002,https://job-boards.greenhouse.io/gitlab/jobs/8597826002,https://job-boards.greenhouse.io/gitlab/jobs/8597826002,30,/home/runner/work/job-cv-match-0020/job-cv-match-0020/0020_raw_marti__bayo_alemany_curriculum.pdf,/home/runner/work/job-cv-match-0020/job-cv-match-0020/Marti__Bayo_Alemany_certificates_2020_compressed.pdf,70400-120000 EUR,queued,ok,greenhouse:gitlab,eu-global
CRAWL-0373,web_crawl,GitLab,Senior Software Security Engineer,"Bangalore, India; Remote, Canada; Remote, Israel; Remote, United Kingdom; Remote, United States",https://job-boards.greenhouse.io/gitlab/jobs/8637549002,https://job-boards.greenhouse.io/gitlab/jobs/8637549002,https://job-boards.greenhouse.io/gitlab/jobs/8637549002,30,/home/runner/work/job-cv-match-0020/job-cv-match-0020/0020_raw_marti__bayo_alemany_curriculum.pdf,/home/runner/work/job-cv-match-0020/job-cv-match-0020/Marti__Bayo_Alemany_certificates_2020_compressed.pdf,70400-120000 EUR,queued,ok,greenhouse:gitlab,eu-global
CRAWL-0374,web_crawl,Palantir,Senior Backend Software Engineer - Application Development,"New York, NY",https://jobs.lever.co/palantir/7177acab-5c64-4005-9b28-93f33b3e172a,https://jobs.lever.co/palantir/7177acab-5c64-4005-9b28-93f33b3e172a,https://jobs.lever.co/palantir/7177acab-5c64-4005-9b28-93f33b3e172a,30,/home/runner/work/job-cv-match-0020/job-cv-match-0020/0020_raw_marti__bayo_alemany_curriculum.pdf,/home/runner/work/job-cv-match-0020/job-cv-match-0020/Marti__Bayo_Alemany_certificates_2020_compressed.pdf,70400-120000 EUR,queued,ok,lever:palantir,eu-global
CRAWL-0375,web_crawl,Palantir,Senior Backend Software Engineer - Application Development,"London, United Kingdom",https://jobs.lever.co/palantir/a92b55d0-1d36-4884-8e65-f456450b3a74,https://jobs.lever.co/palantir/a92b55d0-1d36-4884-8e65-f456450b3a74,https://jobs.lever.co/palantir/a92b55d0-1d36-4884-8e65-f456450b3a74,30,/home/runner/work/job-cv-match-0020/job-cv-match-0020/0020_raw_marti__bayo_alemany_curriculum.pdf,/home/runner/work/job-cv-match-0020/job-cv-match-0020/Marti__Bayo_Alemany_certificates_2020_compressed.pdf,70400-120000 EUR,queued,ok,lever:palantir,eu-global
CRAWL-0376,web_crawl,Palantir,Senior Backend Software Engineer - Infrastructure,"London, United Kingdom",https://jobs.lever.co/palantir/2cd25c0b-088d-4a5c-9b96-1165a33fe652,https://jobs.lever.co/palantir/2cd25c0b-088d-4a5c-9b96-1165a33fe652,https://jobs.lever.co/palantir/2cd25c0b-088d-4a5c-9b96-1165a33fe652,30,/home/runner/work/job-cv-match-0020/job-cv-match-0020/0020_raw_marti__bayo_alemany_curriculum.pdf,/home/runner/work/job-cv-match-0020/job-cv-match-0020/Marti__Bayo_Alemany_certificates_2020_compressed.pdf,70400-120000 EUR,queued,ok,lever:palantir,eu-global
CRAWL-0377,web_crawl,Palantir,Senior Backend Software Engineer - Infrastructure,"New York, NY",https://jobs.lever.co/palantir/b5ad6660-8145-4be5-97e2-3799f2912f5b,https://jobs.lever.co/palantir/b5ad6660-8145-4be5-97e2-3799f2912f5b,https://jobs.lever.co/palantir/b5ad6660-8145-4be5-97e2-3799f2912f5b,30,/home/runner/work/job-cv-match-0020/job-cv-match-0020/0020_raw_marti__bayo_alemany_curriculum.pdf,/home/runner/work/job-cv-match-0020/job-cv-match-0020/Marti__Bayo_Alemany_certificates_2020_compressed.pdf,70400-120000 EUR,queued,ok,lever:palantir,eu-global
CRAWL-0378,web_crawl,Palantir,Senior Front End Software Engineer - Application Development,"London, United Kingdom",https://jobs.lever.co/palantir/4e7d0732-f477-4c7a-aac9-abd62f8c9987,https://jobs.lever.co/palantir/4e7d0732-f477-4c7a-aac9-abd62f8c9987,https://jobs.lever.co/palantir/4e7d0732-f477-4c7a-aac9-abd62f8c9987,30,/home/runner/work/job-cv-match-0020/job-cv-match-0020/0020_raw_marti__bayo_alemany_curriculum.pdf,/home/runner/work/job-cv-match-0020/job-cv-match-0020/Marti__Bayo_Alemany_certificates_2020_compressed.pdf,70400-120000 EUR,queued,ok,lever:palantir,eu-global
CRAWL-0379,web_crawl,Palantir,Senior Front End Software Engineer - Application Development,"New York, NY",https://jobs.lever.co/palantir/d2a87a1d-63f4-4dcd-b0d0-f6be91fed4d3,https://jobs.lever.co/palantir/d2a87a1d-63f4-4dcd-b0d0-f6be91fed4d3,https://jobs.lever.co/palantir/d2a87a1d-63f4-4dcd-b0d0-f6be91fed4d3,30,/home/runner/work/job-cv-match-0020/job-cv-match-0020/0020_raw_marti__bayo_alemany_curriculum.pdf,/home/runner/work/job-cv-match-0020/job-cv-match-0020/Marti__Bayo_Alemany_certificates_2020_compressed.pdf,70400-120000 EUR,queued,ok,lever:palantir,eu-global
CRAWL-0380,web_crawl,Reddit,"Senior Frontend Software Engineer, Home Experience",Remote - United States,https://job-boards.greenhouse.io/reddit/jobs/7751064,https://job-boards.greenhouse.io/reddit/jobs/7751064,https://job-boards.greenhouse.io/reddit/jobs/7751064,30,/home/runner/work/job-cv-match-0020/job-cv-match-0020/0020_raw_marti__bayo_alemany_curriculum.pdf,/home/runner/work/job-cv-match-0020/job-cv-match-0020/Marti__Bayo_Alemany_certificates_2020_compressed.pdf,70400-120000 EUR,queued,ok,greenhouse:reddit,eu-global
CRAWL-0381,web_crawl,Twilio,Senior / Staff Applied Research Software Engineer - Emerging Tech,Remote - US,https://job-boards.greenhouse.io/twilio/jobs/7993959,https://job-boards.greenhouse.io/twilio/jobs/7993959,https://job-boards.greenhouse.io/twilio/jobs/7993959,30,/home/runner/work/job-cv-match-0020/job-cv-match-0020/0020_raw_marti__bayo_alemany_curriculum.pdf,/home/runner/work/job-cv-match-0020/job-cv-match-0020/Marti__Bayo_Alemany_certificates_2020_compressed.pdf,70400-120000 EUR,queued,ok,greenhouse:twilio,eu-global
CRAWL-0382,web_crawl,Twilio,Senior/Staff Applied Research Software Engineer,Remote - India,https://job-boards.greenhouse.io/twilio/jobs/8007449,https://job-boards.greenhouse.io/twilio/jobs/8007449,https://job-boards.greenhouse.io/twilio/jobs/8007449,30,/home/runner/work/job-cv-match-0020/job-cv-match-0020/0020_raw_marti__bayo_alemany_curriculum.pdf,/home/runner/work/job-cv-match-0020/job-cv-match-0020/Marti__Bayo_Alemany_certificates_2020_compressed.pdf,70400-120000 EUR,queued,ok,greenhouse:twilio,eu-global
CRAWL-0383,web_crawl,Airbnb,"Senior Frontend Engineer, Quality Platform",Brazil,https://careers.airbnb.com/positions/8031737?gh_jid=8031737,https://careers.airbnb.com/positions/8031737?gh_jid=8031737,https://careers.airbnb.com/positions/8031737?gh_jid=8031737,25,/home/runner/work/job-cv-match-0020/job-cv-match-0020/0020_raw_marti__bayo_alemany_curriculum.pdf,/home/runner/work/job-cv-match-0020/job-cv-match-0020/Marti__Bayo_Alemany_certificates_2020_compressed.pdf,70400-120000 EUR,queued,ok,greenhouse:airbnb,eu-global
CRAWL-0384,web_crawl,Airbnb,"Senior Software Engineer, Infrastructure",Brazil - Remote,https://careers.airbnb.com/positions/7453202?gh_jid=7453202,https://careers.airbnb.com/positions/7453202?gh_jid=7453202,https://careers.airbnb.com/positions/7453202?gh_jid=7453202,25,/home/runner/work/job-cv-match-0020/job-cv-match-0020/0020_raw_marti__bayo_alemany_curriculum.pdf,/home/runner/work/job-cv-match-0020/job-cv-match-0020/Marti__Bayo_Alemany_certificates_2020_compressed.pdf,70400-120000 EUR,queued,ok,greenhouse:airbnb,eu-global
CRAWL-0385,web_crawl,Airbnb,"Senior Software Engineer, Reliability Engineering Team",Brazil,https://careers.airbnb.com/positions/8026696?gh_jid=8026696,https://careers.airbnb.com/positions/8026696?gh_jid=8026696,https://careers.airbnb.com/positions/8026696?gh_jid=8026696,25,/home/runner/work/job-cv-match-0020/job-cv-match-0020/0020_raw_marti__bayo_alemany_curriculum.pdf,/home/runner/work/job-cv-match-0020/job-cv-match-0020/Marti__Bayo_Alemany_certificates_2020_compressed.pdf,70400-120000 EUR,queued,ok,greenhouse:airbnb,eu-global
CRAWL-0386,web_crawl,Airbnb,"Senior Software Engineer, Service Tools",Brazil,https://careers.airbnb.com/positions/8024057?gh_jid=8024057,https://careers.airbnb.com/positions/8024057?gh_jid=8024057,https://careers.airbnb.com/positions/8024057?gh_jid=8024057,25,/home/runner/work/job-cv-match-0020/job-cv-match-0020/0020_raw_marti__bayo_alemany_curriculum.pdf,/home/runner/work/job-cv-match-0020/job-cv-match-0020/Marti__Bayo_Alemany_certificates_2020_compressed.pdf,70400-120000 EUR,queued,ok,greenhouse:airbnb,eu-global
CRAWL-0387,web_crawl,Airbnb,"Senior Staff Machine Learning Engineer, Growth Platform Engineering",Remote - USA,https://careers.airbnb.com/positions/7747259?gh_jid=7747259,https://careers.airbnb.com/positions/7747259?gh_jid=7747259,https://careers.airbnb.com/positions/7747259?gh_jid=7747259,25,/home/runner/work/job-cv-match-0020/job-cv-match-0020/0020_raw_marti__bayo_alemany_curriculum.pdf,/home/runner/work/job-cv-match-0020/job-cv-match-0020/Marti__Bayo_Alemany_certificates_2020_compressed.pdf,70400-120000 EUR,queued,ok,greenhouse:airbnb,eu-global
CRAWL-0388,web_crawl,Airbnb,"Senior Staff Machine Learning Engineer, Trust",Remote - USA,https://careers.airbnb.com/positions/7592146?gh_jid=7592146,https://careers.airbnb.com/positions/7592146?gh_jid=7592146,https://careers.airbnb.com/positions/7592146?gh_jid=7592146,25,/home/runner/work/job-cv-match-0020/job-cv-match-0020/0020_raw_marti__bayo_alemany_curriculum.pdf,/home/runner/work/job-cv-match-0020/job-cv-match-0020/Marti__Bayo_Alemany_certificates_2020_compressed.pdf,70400-120000 EUR,queued,ok,greenhouse:airbnb,eu-global
CRAWL-0389,web_crawl,Asana,Senior Software Engineer,Warsaw,https://www.asana.com/jobs/apply/7961508?gh_jid=7961508,https://www.asana.com/jobs/apply/7961508?gh_jid=7961508,https://www.asana.com/jobs/apply/7961508?gh_jid=7961508,25,/home/runner/work/job-cv-match-0020/job-cv-match-0020/0020_raw_marti__bayo_alemany_curriculum.pdf,/home/runner/work/job-cv-match-0020/job-cv-match-0020/Marti__Bayo_Alemany_certificates_2020_compressed.pdf,70400-120000 EUR,queued,ok,greenhouse:asana,eu-global
CRAWL-0390,web_crawl,Asana,Senior Software Engineer,New York City,https://www.asana.com/jobs/apply/7962245?gh_jid=7962245,https://www.asana.com/jobs/apply/7962245?gh_jid=7962245,https://www.asana.com/jobs/apply/7962245?gh_jid=7962245,25,/home/runner/work/job-cv-match-0020/job-cv-match-0020/0020_raw_marti__bayo_alemany_curriculum.pdf,/home/runner/work/job-cv-match-0020/job-cv-match-0020/Marti__Bayo_Alemany_certificates_2020_compressed.pdf,70400-120000 EUR,queued,ok,greenhouse:asana,eu-global
CRAWL-0391,web_crawl,Asana,"Senior Software Engineer, Account Management","Vancouver, BC",https://www.asana.com/jobs/apply/7962239?gh_jid=7962239,https://www.asana.com/jobs/apply/7962239?gh_jid=7962239,https://www.asana.com/jobs/apply/7962239?gh_jid=7962239,25,/home/runner/work/job-cv-match-0020/job-cv-match-0020/0020_raw_marti__bayo_alemany_curriculum.pdf,/home/runner/work/job-cv-match-0020/job-cv-match-0020/Marti__Bayo_Alemany_certificates_2020_compressed.pdf,70400-120000 EUR,queued,ok,greenhouse:asana,eu-global
CRAWL-0392,web_crawl,Asana,"Senior Software Engineer, AI Chat","Vancouver, BC",https://www.asana.com/jobs/apply/7962348?gh_jid=7962348,https://www.asana.com/jobs/apply/7962348?gh_jid=7962348,https://www.asana.com/jobs/apply/7962348?gh_jid=7962348,25,/home/runner/work/job-cv-match-0020/job-cv-match-0020/0020_raw_marti__bayo_alemany_curriculum.pdf,/home/runner/work/job-cv-match-0020/job-cv-match-0020/Marti__Bayo_Alemany_certificates_2020_compressed.pdf,70400-120000 EUR,queued,ok,greenhouse:asana,eu-global
CRAWL-0393,web_crawl,Asana,"Senior Software Engineer, AI Developer Experience",New York City,https://www.asana.com/jobs/apply/7964335?gh_jid=7964335,https://www.asana.com/jobs/apply/7964335?gh_jid=7964335,https://www.asana.com/jobs/apply/7964335?gh_jid=7964335,25,/home/runner/work/job-cv-match-0020/job-cv-match-0020/0020_raw_marti__bayo_alemany_curriculum.pdf,/home/runner/work/job-cv-match-0020/job-cv-match-0020/Marti__Bayo_Alemany_certificates_2020_compressed.pdf,70400-120000 EUR,queued,ok,greenhouse:asana,eu-global
CRAWL-0394,web_crawl,Asana,"Senior Software Engineer, AI Retrieval",Warsaw,https://www.asana.com/jobs/apply/7978649?gh_jid=7978649,https://www.asana.com/jobs/apply/7978649?gh_jid=7978649,https://www.asana.com/jobs/apply/7978649?gh_jid=7978649,25,/home/runner/work/job-cv-match-0020/job-cv-match-0020/0020_raw_marti__bayo_alemany_curriculum.pdf,/home/runner/work/job-cv-match-0020/job-cv-match-0020/Marti__Bayo_Alemany_certificates_2020_compressed.pdf,70400-120000 EUR,queued,ok,greenhouse:asana,eu-global
CRAWL-0395,web_crawl,Asana,"Senior Software Engineer, AI Retrieval",New York City,https://www.asana.com/jobs/apply/8003380?gh_jid=8003380,https://www.asana.com/jobs/apply/8003380?gh_jid=8003380,https://www.asana.com/jobs/apply/8003380?gh_jid=8003380,25,/home/runner/work/job-cv-match-0020/job-cv-match-0020/0020_raw_marti__bayo_alemany_curriculum.pdf,/home/runner/work/job-cv-match-0020/job-cv-match-0020/Marti__Bayo_Alemany_certificates_2020_compressed.pdf,70400-120000 EUR,queued,ok,greenhouse:asana,eu-global
CRAWL-0396,web_crawl,Asana,"Senior Software Engineer, Consumption Based Billing & Licensing","Vancouver, BC",https://www.asana.com/jobs/apply/7968145?gh_jid=7968145,https://www.asana.com/jobs/apply/7968145?gh_jid=7968145,https://www.asana.com/jobs/apply/7968145?gh_jid=7968145,25,/home/runner/work/job-cv-match-0020/job-cv-match-0020/0020_raw_marti__bayo_alemany_curriculum.pdf,/home/runner/work/job-cv-match-0020/job-cv-match-0020/Marti__Bayo_Alemany_certificates_2020_compressed.pdf,70400-120000 EUR,queued,ok,greenhouse:asana,eu-global
CRAWL-0397,web_crawl,Asana,"Senior Software Engineer, Infrastructure Security",San Francisco,https://www.asana.com/jobs/apply/8084470?gh_jid=8084470,https://www.asana.com/jobs/apply/8084470?gh_jid=8084470,https://www.asana.com/jobs/apply/8084470?gh_jid=8084470,25,/home/runner/work/job-cv-match-0020/job-cv-match-0020/0020_raw_marti__bayo_alemany_curriculum.pdf,/home/runner/work/job-cv-match-0020/job-cv-match-0020/Marti__Bayo_Alemany_certificates_2020_compressed.pdf,70400-120000 EUR,queued,ok,greenhouse:asana,eu-global
CRAWL-0398,web_crawl,Asana,"Senior Software Engineer, Payment Platform","Vancouver, BC",https://www.asana.com/jobs/apply/7968149?gh_jid=7968149,https://www.asana.com/jobs/apply/7968149?gh_jid=7968149,https://www.asana.com/jobs/apply/7968149?gh_jid=7968149,25,/home/runner/work/job-cv-match-0020/job-cv-match-0020/0020_raw_marti__bayo_alemany_curriculum.pdf,/home/runner/work/job-cv-match-0020/job-cv-match-0020/Marti__Bayo_Alemany_certificates_2020_compressed.pdf,70400-120000 EUR,queued,ok,greenhouse:asana,eu-global
CRAWL-0399,web_crawl,Asana,"Senior Software Engineer, Platform Reliability",Warsaw,https://www.asana.com/jobs/apply/7568914?gh_jid=7568914,https://www.asana.com/jobs/apply/7568914?gh_jid=7568914,https://www.asana.com/jobs/apply/7568914?gh_jid=7568914,25,/home/runner/work/job-cv-match-0020/job-cv-match-0020/0020_raw_marti__bayo_alemany_curriculum.pdf,/home/runner/work/job-cv-match-0020/job-cv-match-0020/Marti__Bayo_Alemany_certificates_2020_compressed.pdf,70400-120000 EUR,queued,ok,greenhouse:asana,eu-global
CRAWL-0400,web_crawl,Asana,"Senior Software Engineer, Security Development",San Francisco,https://www.asana.com/jobs/apply/8088588?gh_jid=8088588,https://www.asana.com/jobs/apply/8088588?gh_jid=8088588,https://www.asana.com/jobs/apply/8088588?gh_jid=8088588,25,/home/runner/work/job-cv-match-0020/job-cv-match-0020/0020_raw_marti__bayo_alemany_curriculum.pdf,/home/runner/work/job-cv-match-0020/job-cv-match-0020/Marti__Bayo_Alemany_certificates_2020_compressed.pdf,70400-120000 EUR,queued,ok,greenhouse:asana,eu-global
CRAWL-0401,web_crawl,Asana,"Senior Software Engineer, Site Reliability",Warsaw,https://www.asana.com/jobs/apply/6887013?gh_jid=6887013,https://www.asana.com/jobs/apply/6887013?gh_jid=6887013,https://www.asana.com/jobs/apply/6887013?gh_jid=6887013,25,/home/runner/work/job-cv-match-0020/job-cv-match-0020/0020_raw_marti__bayo_alemany_curriculum.pdf,/home/runner/work/job-cv-match-0020/job-cv-match-0020/Marti__Bayo_Alemany_certificates_2020_compressed.pdf,70400-120000 EUR,queued,ok,greenhouse:asana,eu-global
CRAWL-0402,web_crawl,Asana,"Senior Software Engineer, Web App Performance","Vancouver, BC",https://www.asana.com/jobs/apply/7968154?gh_jid=7968154,https://www.asana.com/jobs/apply/7968154?gh_jid=7968154,https://www.asana.com/jobs/apply/7968154?gh_jid=7968154,25,/home/runner/work/job-cv-match-0020/job-cv-match-0020/0020_raw_marti__bayo_alemany_curriculum.pdf,/home/runner/work/job-cv-match-0020/job-cv-match-0020/Marti__Bayo_Alemany_certificates_2020_compressed.pdf,70400-120000 EUR,queued,ok,greenhouse:asana,eu-global
CRAWL-0403,web_crawl,Brex,"Senior Software Engineer, Backend","Vancouver, British Columbia, Canada",https://www.brex.com/careers/8603330002?gh_jid=8603330002,https://www.brex.com/careers/8603330002?gh_jid=8603330002,https://www.brex.com/careers/8603330002?gh_jid=8603330002,25,/home/runner/work/job-cv-match-0020/job-cv-match-0020/0020_raw_marti__bayo_alemany_curriculum.pdf,/home/runner/work/job-cv-match-0020/job-cv-match-0020/Marti__Bayo_Alemany_certificates_2020_compressed.pdf,70400-120000 EUR,queued,ok,greenhouse:brex,eu-global
CRAWL-0404,web_crawl,Brex,"Senior Software Engineer, Backend (Product Engineering)","New York, New York, United States",https://www.brex.com/careers/8465003002?gh_jid=8465003002,https://www.brex.com/careers/8465003002?gh_jid=8465003002,https://www.brex.com/careers/8465003002?gh_jid=8465003002,25,/home/runner/work/job-cv-match-0020/job-cv-match-0020/0020_raw_marti__bayo_alemany_curriculum.pdf,/home/runner/work/job-cv-match-0020/job-cv-match-0020/Marti__Bayo_Alemany_certificates_2020_compressed.pdf,70400-120000 EUR,queued,ok,greenhouse:brex,eu-global
CRAWL-0405,web_crawl,Brex,"Senior Software Engineer, Backend (Product Engineering)","Seattle, Washington, United States",https://www.brex.com/careers/8461333002?gh_jid=8461333002,https://www.brex.com/careers/8461333002?gh_jid=8461333002,https://www.brex.com/careers/8461333002?gh_jid=8461333002,25,/home/runner/work/job-cv-match-0020/job-cv-match-0020/0020_raw_marti__bayo_alemany_curriculum.pdf,/home/runner/work/job-cv-match-0020/job-cv-match-0020/Marti__Bayo_Alemany_certificates_2020_compressed.pdf,70400-120000 EUR,queued,ok,greenhouse:brex,eu-global
CRAWL-0406,web_crawl,Brex,"Senior Software Engineer, Backend (Product Engineering)","San Francisco, California, United States",https://www.brex.com/careers/8461469002?gh_jid=8461469002,https://www.brex.com/careers/8461469002?gh_jid=8461469002,https://www.brex.com/careers/8461469002?gh_jid=8461469002,25,/home/runner/work/job-cv-match-0020/job-cv-match-0020/0020_raw_marti__bayo_alemany_curriculum.pdf,/home/runner/work/job-cv-match-0020/job-cv-match-0020/Marti__Bayo_Alemany_certificates_2020_compressed.pdf,70400-120000 EUR,queued,ok,greenhouse:brex,eu-global
CRAWL-0407,web_crawl,Brex,"Senior Software Engineer, Data Enablement Platform","San Francisco, California, United States",https://www.brex.com/careers/8605070002?gh_jid=8605070002,https://www.brex.com/careers/8605070002?gh_jid=8605070002,https://www.brex.com/careers/8605070002?gh_jid=8605070002,25,/home/runner/work/job-cv-match-0020/job-cv-match-0020/0020_raw_marti__bayo_alemany_curriculum.pdf,/home/runner/work/job-cv-match-0020/job-cv-match-0020/Marti__Bayo_Alemany_certificates_2020_compressed.pdf,70400-120000 EUR,queued,ok,greenhouse:brex,eu-global
CRAWL-0408,web_crawl,Brex,"Senior Software Engineer, Data Enablement Platform","New York, New York, United States",https://www.brex.com/careers/8605062002?gh_jid=8605062002,https://www.brex.com/careers/8605062002?gh_jid=8605062002,https://www.brex.com/careers/8605062002?gh_jid=8605062002,25,/home/runner/work/job-cv-match-0020/job-cv-match-0020/0020_raw_marti__bayo_alemany_curriculum.pdf,/home/runner/work/job-cv-match-0020/job-cv-match-0020/Marti__Bayo_Alemany_certificates_2020_compressed.pdf,70400-120000 EUR,queued,ok,greenhouse:brex,eu-global
CRAWL-0409,web_crawl,Brex,"Senior Software Engineer, Data Enablement Platform","Seattle, Washington, United States",https://www.brex.com/careers/8605074002?gh_jid=8605074002,https://www.brex.com/careers/8605074002?gh_jid=8605074002,https://www.brex.com/careers/8605074002?gh_jid=8605074002,25,/home/runner/work/job-cv-match-0020/job-cv-match-0020/0020_raw_marti__bayo_alemany_curriculum.pdf,/home/runner/work/job-cv-match-0020/job-cv-match-0020/Marti__Bayo_Alemany_certificates_2020_compressed.pdf,70400-120000 EUR,queued,ok,greenhouse:brex,eu-global
CRAWL-0410,web_crawl,Brex,"Senior Software Engineer, Full Stack","São Paulo, São Paulo, Brazil",https://www.brex.com/careers/8477314002?gh_jid=8477314002,https://www.brex.com/careers/8477314002?gh_jid=8477314002,https://www.brex.com/careers/8477314002?gh_jid=8477314002,25,/home/runner/work/job-cv-match-0020/job-cv-match-0020/0020_raw_marti__bayo_alemany_curriculum.pdf,/home/runner/work/job-cv-match-0020/job-cv-match-0020/Marti__Bayo_Alemany_certificates_2020_compressed.pdf,70400-120000 EUR,queued,ok,greenhouse:brex,eu-global
CRAWL-0411,web_crawl,Brex,"Senior Software Engineer, Full Stack","New York, New York, United States",https://www.brex.com/careers/8472634002?gh_jid=8472634002,https://www.brex.com/careers/8472634002?gh_jid=8472634002,https://www.brex.com/careers/8472634002?gh_jid=8472634002,25,/home/runner/work/job-cv-match-0020/job-cv-match-0020/0020_raw_marti__bayo_alemany_curriculum.pdf,/home/runner/work/job-cv-match-0020/job-cv-match-0020/Marti__Bayo_Alemany_certificates_2020_compressed.pdf,70400-120000 EUR,queued,ok,greenhouse:brex,eu-global
CRAWL-0412,web_crawl,Brex,"Senior Software Engineer, Full Stack","Seattle, Washington, United States",https://www.brex.com/careers/8472633002?gh_jid=8472633002,https://www.brex.com/careers/8472633002?gh_jid=8472633002,https://www.brex.com/careers/8472633002?gh_jid=8472633002,25,/home/runner/work/job-cv-match-0020/job-cv-match-0020/0020_raw_marti__bayo_alemany_curriculum.pdf,/home/runner/work/job-cv-match-0020/job-cv-match-0020/Marti__Bayo_Alemany_certificates_2020_compressed.pdf,70400-120000 EUR,queued,ok,greenhouse:brex,eu-global
CRAWL-0413,web_crawl,Brex,"Senior Software Engineer, Full Stack","San Francisco, California, United States",https://www.brex.com/careers/8472635002?gh_jid=8472635002,https://www.brex.com/careers/8472635002?gh_jid=8472635002,https://www.brex.com/careers/8472635002?gh_jid=8472635002,25,/home/runner/work/job-cv-match-0020/job-cv-match-0020/0020_raw_marti__bayo_alemany_curriculum.pdf,/home/runner/work/job-cv-match-0020/job-cv-match-0020/Marti__Bayo_Alemany_certificates_2020_compressed.pdf,70400-120000 EUR,queued,ok,greenhouse:brex,eu-global
CRAWL-0414,web_crawl,Brex,"Senior Software Engineer, Full Stack","Vancouver, British Columbia, Canada",https://www.brex.com/careers/8472632002?gh_jid=8472632002,https://www.brex.com/careers/8472632002?gh_jid=8472632002,https://www.brex.com/careers/8472632002?gh_jid=8472632002,25,/home/runner/work/job-cv-match-0020/job-cv-match-0020/0020_raw_marti__bayo_alemany_curriculum.pdf,/home/runner/work/job-cv-match-0020/job-cv-match-0020/Marti__Bayo_Alemany_certificates_2020_compressed.pdf,70400-120000 EUR,queued,ok,greenhouse:brex,eu-global
CRAWL-0415,web_crawl,Brex,"Senior Software Engineer, Product Data Platform","Vancouver, British Columbia, Canada",https://www.brex.com/careers/8430196002?gh_jid=8430196002,https://www.brex.com/careers/8430196002?gh_jid=8430196002,https://www.brex.com/careers/8430196002?gh_jid=8430196002,25,/home/runner/work/job-cv-match-0020/job-cv-match-0020/0020_raw_marti__bayo_alemany_curriculum.pdf,/home/runner/work/job-cv-match-0020/job-cv-match-0020/Marti__Bayo_Alemany_certificates_2020_compressed.pdf,70400-120000 EUR,queued,ok,greenhouse:brex,eu-global
CRAWL-0416,web_crawl,Brex,"Senior Software Engineer, Product Data Platform","Seattle, Washington, United States",https://www.brex.com/careers/8430197002?gh_jid=8430197002,https://www.brex.com/careers/8430197002?gh_jid=8430197002,https://www.brex.com/careers/8430197002?gh_jid=8430197002,25,/home/runner/work/job-cv-match-0020/job-cv-match-0020/0020_raw_marti__bayo_alemany_curriculum.pdf,/home/runner/work/job-cv-match-0020/job-cv-match-0020/Marti__Bayo_Alemany_certificates_2020_compressed.pdf,70400-120000 EUR,queued,ok,greenhouse:brex,eu-global
CRAWL-0417,web_crawl,Brex,"Senior Software Engineer, Product Data Platform","San Francisco, California, United States",https://www.brex.com/careers/8430182002?gh_jid=8430182002,https://www.brex.com/careers/8430182002?gh_jid=8430182002,https://www.brex.com/careers/8430182002?gh_jid=8430182002,25,/home/runner/work/job-cv-match-0020/job-cv-match-0020/0020_raw_marti__bayo_alemany_curriculum.pdf,/home/runner/work/job-cv-match-0020/job-cv-match-0020/Marti__Bayo_Alemany_certificates_2020_compressed.pdf,70400-120000 EUR,queued,ok,greenhouse:brex,eu-global
CRAWL-0418,web_crawl,Brex,"Senior Software Engineer, Release Infra","San Francisco, California, United States",https://www.brex.com/careers/8617113002?gh_jid=8617113002,https://www.brex.com/careers/8617113002?gh_jid=8617113002,https://www.brex.com/careers/8617113002?gh_jid=8617113002,25,/home/runner/work/job-cv-match-0020/job-cv-match-0020/0020_raw_marti__bayo_alemany_curriculum.pdf,/home/runner/work/job-cv-match-0020/job-cv-match-0020/Marti__Bayo_Alemany_certificates_2020_compressed.pdf,70400-120000 EUR,queued,ok,greenhouse:brex,eu-global
CRAWL-0419,web_crawl,Brex,"Senior Software Engineer, Release Infra","New York, New York, United States",https://www.brex.com/careers/8617115002?gh_jid=8617115002,https://www.brex.com/careers/8617115002?gh_jid=8617115002,https://www.brex.com/careers/8617115002?gh_jid=8617115002,25,/home/runner/work/job-cv-match-0020/job-cv-match-0020/0020_raw_marti__bayo_alemany_curriculum.pdf,/home/runner/work/job-cv-match-0020/job-cv-match-0020/Marti__Bayo_Alemany_certificates_2020_compressed.pdf,70400-120000 EUR,queued,ok,greenhouse:brex,eu-global
CRAWL-0420,web_crawl,Cloudflare,"Senior Software Engineer, Cloudflare Queues",In-Office,https://boards.greenhouse.io/cloudflare/jobs/8080780?gh_jid=8080780,https://boards.greenhouse.io/cloudflare/jobs/8080780?gh_jid=8080780,https://boards.greenhouse.io/cloudflare/jobs/8080780?gh_jid=8080780,25,/home/runner/work/job-cv-match-0020/job-cv-match-0020/0020_raw_marti__bayo_alemany_curriculum.pdf,/home/runner/work/job-cv-match-0020/job-cv-match-0020/Marti__Bayo_Alemany_certificates_2020_compressed.pdf,70400-120000 EUR,queued,ok,greenhouse:cloudflare,eu-global
CRAWL-0421,web_crawl,Cloudflare,"Senior Software Engineer, Distributed Databases",In-Office,https://boards.greenhouse.io/cloudflare/jobs/7896462?gh_jid=7896462,https://boards.greenhouse.io/cloudflare/jobs/7896462?gh_jid=7896462,https://boards.greenhouse.io/cloudflare/jobs/7896462?gh_jid=7896462,25,/home/runner/work/job-cv-match-0020/job-cv-match-0020/0020_raw_marti__bayo_alemany_curriculum.pdf,/home/runner/work/job-cv-match-0020/job-cv-match-0020/Marti__Bayo_Alemany_certificates_2020_compressed.pdf,70400-120000 EUR,queued,ok,greenhouse:cloudflare,eu-global
CRAWL-0422,web_crawl,Cloudflare,"Senior Software Engineer, Durable Objects (DO)",In-Office,https://boards.greenhouse.io/cloudflare/jobs/5390243?gh_jid=5390243,https://boards.greenhouse.io/cloudflare/jobs/5390243?gh_jid=5390243,https://boards.greenhouse.io/cloudflare/jobs/5390243?gh_jid=5390243,25,/home/runner/work/job-cv-match-0020/job-cv-match-0020/0020_raw_marti__bayo_alemany_curriculum.pdf,/home/runner/work/job-cv-match-0020/job-cv-match-0020/Marti__Bayo_Alemany_certificates_2020_compressed.pdf,70400-120000 EUR,queued,ok,greenhouse:cloudflare,eu-global
CRAWL-0423,web_crawl,Cloudflare,"Senior Software Engineer, People Ops and AI Tools","Austin, TX, United States",https://boards.greenhouse.io/cloudflare/jobs/8035679?gh_jid=8035679,https://boards.greenhouse.io/cloudflare/jobs/8035679?gh_jid=8035679,https://boards.greenhouse.io/cloudflare/jobs/8035679?gh_jid=8035679,25,/home/runner/work/job-cv-match-0020/job-cv-match-0020/0020_raw_marti__bayo_alemany_curriculum.pdf,/home/runner/work/job-cv-match-0020/job-cv-match-0020/Marti__Bayo_Alemany_certificates_2020_compressed.pdf,70400-120000 EUR,queued,ok,greenhouse:cloudflare,eu-global
CRAWL-0424,web_crawl,Cloudflare,"Senior Software Engineer, R2 Metadata",Hybrid,https://boards.greenhouse.io/cloudflare/jobs/7276690?gh_jid=7276690,https://boards.greenhouse.io/cloudflare/jobs/7276690?gh_jid=7276690,https://boards.greenhouse.io/cloudflare/jobs/7276690?gh_jid=7276690,25,/home/runner/work/job-cv-match-0020/job-cv-match-0020/0020_raw_marti__bayo_alemany_curriculum.pdf,/home/runner/work/job-cv-match-0020/job-cv-match-0020/Marti__Bayo_Alemany_certificates_2020_compressed.pdf,70400-120000 EUR,queued,ok,greenhouse:cloudflare,eu-global
CRAWL-0425,web_crawl,Cloudflare,"Senior Software Engineer, Storage Infrastructure",In-Office,https://boards.greenhouse.io/cloudflare/jobs/7629805?gh_jid=7629805,https://boards.greenhouse.io/cloudflare/jobs/7629805?gh_jid=7629805,https://boards.greenhouse.io/cloudflare/jobs/7629805?gh_jid=7629805,25,/home/runner/work/job-cv-match-0020/job-cv-match-0020/0020_raw_marti__bayo_alemany_curriculum.pdf,/home/runner/work/job-cv-match-0020/job-cv-match-0020/Marti__Bayo_Alemany_certificates_2020_compressed.pdf,70400-120000 EUR,queued,ok,greenhouse:cloudflare,eu-global
CRAWL-0426,web_crawl,Cloudflare,"Senior Software Engineer, Workers Runtime",In-Office,https://boards.greenhouse.io/cloudflare/jobs/6578726?gh_jid=6578726,https://boards.greenhouse.io/cloudflare/jobs/6578726?gh_jid=6578726,https://boards.greenhouse.io/cloudflare/jobs/6578726?gh_jid=6578726,25,/home/runner/work/job-cv-match-0020/job-cv-match-0020/0020_raw_marti__bayo_alemany_curriculum.pdf,/home/runner/work/job-cv-match-0020/job-cv-match-0020/Marti__Bayo_Alemany_certificates_2020_compressed.pdf,70400-120000 EUR,queued,ok,greenhouse:cloudflare,eu-global
CRAWL-0427,web_crawl,Coinbase,Senior Software Engineer,Remote - USA,https://www.coinbase.com/careers/positions/8021647?gh_jid=8021647,https://www.coinbase.com/careers/positions/8021647?gh_jid=8021647,https://www.coinbase.com/careers/positions/8021647?gh_jid=8021647,25,/home/runner/work/job-cv-match-0020/job-cv-match-0020/0020_raw_marti__bayo_alemany_curriculum.pdf,/home/runner/work/job-cv-match-0020/job-cv-match-0020/Marti__Bayo_Alemany_certificates_2020_compressed.pdf,70400-120000 EUR,queued,ok,greenhouse:coinbase,eu-global
CRAWL-0428,web_crawl,Coinbase,Senior Software Engineer,Remote - USA,https://www.coinbase.com/careers/positions/7961318?gh_jid=7961318,https://www.coinbase.com/careers/positions/7961318?gh_jid=7961318,https://www.coinbase.com/careers/positions/7961318?gh_jid=7961318,25,/home/runner/work/job-cv-match-0020/job-cv-match-0020/0020_raw_marti__bayo_alemany_curriculum.pdf,/home/runner/work/job-cv-match-0020/job-cv-match-0020/Marti__Bayo_Alemany_certificates_2020_compressed.pdf,70400-120000 EUR,queued,ok,greenhouse:coinbase,eu-global
CRAWL-0429,web_crawl,Coinbase,Senior Software Engineer (EAA),Remote - USA,https://www.coinbase.com/careers/positions/7483221?gh_jid=7483221,https://www.coinbase.com/careers/positions/7483221?gh_jid=7483221,https://www.coinbase.com/careers/positions/7483221?gh_jid=7483221,25,/home/runner/work/job-cv-match-0020/job-cv-match-0020/0020_raw_marti__bayo_alemany_curriculum.pdf,/home/runner/work/job-cv-match-0020/job-cv-match-0020/Marti__Bayo_Alemany_certificates_2020_compressed.pdf,70400-120000 EUR,queued,ok,greenhouse:coinbase,eu-global
CRAWL-0430,web_crawl,Coinbase,Senior Software Engineer - AI Platform Team,Remote - USA,https://www.coinbase.com/careers/positions/7997420?gh_jid=7997420,https://www.coinbase.com/careers/positions/7997420?gh_jid=7997420,https://www.coinbase.com/careers/positions/7997420?gh_jid=7997420,25,/home/runner/work/job-cv-match-0020/job-cv-match-0020/0020_raw_marti__bayo_alemany_curriculum.pdf,/home/runner/work/job-cv-match-0020/job-cv-match-0020/Marti__Bayo_Alemany_certificates_2020_compressed.pdf,70400-120000 EUR,queued,ok,greenhouse:coinbase,eu-global
CRAWL-0431,web_crawl,Coinbase,Senior Software Engineer - Blockchain Network,Remote - USA,https://www.coinbase.com/careers/positions/7967649?gh_jid=7967649,https://www.coinbase.com/careers/positions/7967649?gh_jid=7967649,https://www.coinbase.com/careers/positions/7967649?gh_jid=7967649,25,/home/runner/work/job-cv-match-0020/job-cv-match-0020/0020_raw_marti__bayo_alemany_curriculum.pdf,/home/runner/work/job-cv-match-0020/job-cv-match-0020/Marti__Bayo_Alemany_certificates_2020_compressed.pdf,70400-120000 EUR,queued,ok,greenhouse:coinbase,eu-global
CRAWL-0432,web_crawl,Coinbase,Senior Software Engineer - Frontend - Coinbase Card team,Remote - USA,https://www.coinbase.com/careers/positions/8088201?gh_jid=8088201,https://www.coinbase.com/careers/positions/8088201?gh_jid=8088201,https://www.coinbase.com/careers/positions/8088201?gh_jid=8088201,25,/home/runner/work/job-cv-match-0020/job-cv-match-0020/0020_raw_marti__bayo_alemany_curriculum.pdf,/home/runner/work/job-cv-match-0020/job-cv-match-0020/Marti__Bayo_Alemany_certificates_2020_compressed.pdf,70400-120000 EUR,queued,ok,greenhouse:coinbase,eu-global
CRAWL-0433,web_crawl,Coinbase,Senior Software Engineer - Trading,Remote - Singapore,https://www.coinbase.com/careers/positions/7866674?gh_jid=7866674,https://www.coinbase.com/careers/positions/7866674?gh_jid=7866674,https://www.coinbase.com/careers/positions/7866674?gh_jid=7866674,25,/home/runner/work/job-cv-match-0020/job-cv-match-0020/0020_raw_marti__bayo_alemany_curriculum.pdf,/home/runner/work/job-cv-match-0020/job-cv-match-0020/Marti__Bayo_Alemany_certificates_2020_compressed.pdf,70400-120000 EUR,queued,ok,greenhouse:coinbase,eu-global
CRAWL-0434,web_crawl,Coinbase,"Senior Software Engineer, Backend (Consumer - Growth Foundations)",Remote - Canada,https://www.coinbase.com/careers/positions/8092651?gh_jid=8092651,https://www.coinbase.com/careers/positions/8092651?gh_jid=8092651,https://www.coinbase.com/careers/positions/8092651?gh_jid=8092651,25,/home/runner/work/job-cv-match-0020/job-cv-match-0020/0020_raw_marti__bayo_alemany_curriculum.pdf,/home/runner/work/job-cv-match-0020/job-cv-match-0020/Marti__Bayo_Alemany_certificates_2020_compressed.pdf,70400-120000 EUR,queued,ok,greenhouse:coinbase,eu-global
CRAWL-0435,web_crawl,Coinbase,"Senior Software Engineer, Backend (Consumer - Prediction Markets)",Remote - USA,https://www.coinbase.com/careers/positions/7997836?gh_jid=7997836,https://www.coinbase.com/careers/positions/7997836?gh_jid=7997836,https://www.coinbase.com/careers/positions/7997836?gh_jid=7997836,25,/home/runner/work/job-cv-match-0020/job-cv-match-0020/0020_raw_marti__bayo_alemany_curriculum.pdf,/home/runner/work/job-cv-match-0020/job-cv-match-0020/Marti__Bayo_Alemany_certificates_2020_compressed.pdf,70400-120000 EUR,queued,ok,greenhouse:coinbase,eu-global
CRAWL-0436,web_crawl,Coinbase,"Senior Software Engineer, Backend (Consumer - Risk)",Remote - Canada,https://www.coinbase.com/careers/positions/7930686?gh_jid=7930686,https://www.coinbase.com/careers/positions/7930686?gh_jid=7930686,https://www.coinbase.com/careers/positions/7930686?gh_jid=7930686,25,/home/runner/work/job-cv-match-0020/job-cv-match-0020/0020_raw_marti__bayo_alemany_curriculum.pdf,/home/runner/work/job-cv-match-0020/job-cv-match-0020/Marti__Bayo_Alemany_certificates_2020_compressed.pdf,70400-120000 EUR,queued,ok,greenhouse:coinbase,eu-global
CRAWL-0437,web_crawl,Coinbase,"Senior Software Engineer, Backend - Platform (Core AI Automation)",Remote - USA,https://www.coinbase.com/careers/positions/8051871?gh_jid=8051871,https://www.coinbase.com/careers/positions/8051871?gh_jid=8051871,https://www.coinbase.com/careers/positions/8051871?gh_jid=8051871,25,/home/runner/work/job-cv-match-0020/job-cv-match-0020/0020_raw_marti__bayo_alemany_curriculum.pdf,/home/runner/work/job-cv-match-0020/job-cv-match-0020/Marti__Bayo_Alemany_certificates_2020_compressed.pdf,70400-120000 EUR,queued,ok,greenhouse:coinbase,eu-global
CRAWL-0438,web_crawl,Coinbase,"Senior Software Engineer, Backend - Platform (Tokens & Wrapped Assets)",Remote - USA,https://www.coinbase.com/careers/positions/8095252?gh_jid=8095252,https://www.coinbase.com/careers/positions/8095252?gh_jid=8095252,https://www.coinbase.com/careers/positions/8095252?gh_jid=8095252,25,/home/runner/work/job-cv-match-0020/job-cv-match-0020/0020_raw_marti__bayo_alemany_curriculum.pdf,/home/runner/work/job-cv-match-0020/job-cv-match-0020/Marti__Bayo_Alemany_certificates_2020_compressed.pdf,70400-120000 EUR,queued,ok,greenhouse:coinbase,eu-global
CRAWL-0439,web_crawl,Coinbase,"Senior Software Engineer, CDP - Money Movement",Remote - Canada,https://www.coinbase.com/careers/positions/8013129?gh_jid=8013129,https://www.coinbase.com/careers/positions/8013129?gh_jid=8013129,https://www.coinbase.com/careers/positions/8013129?gh_jid=8013129,25,/home/runner/work/job-cv-match-0020/job-cv-match-0020/0020_raw_marti__bayo_alemany_curriculum.pdf,/home/runner/work/job-cv-match-0020/job-cv-match-0020/Marti__Bayo_Alemany_certificates_2020_compressed.pdf,70400-120000 EUR,queued,ok,greenhouse:coinbase,eu-global
CRAWL-0440,web_crawl,Coinbase,"Senior Software Engineer, Compute Platform",Remote - USA,https://www.coinbase.com/careers/positions/7701651?gh_jid=7701651,https://www.coinbase.com/careers/positions/7701651?gh_jid=7701651,https://www.coinbase.com/careers/positions/7701651?gh_jid=7701651,25,/home/runner/work/job-cv-match-0020/job-cv-match-0020/0020_raw_marti__bayo_alemany_curriculum.pdf,/home/runner/work/job-cv-match-0020/job-cv-match-0020/Marti__Bayo_Alemany_certificates_2020_compressed.pdf,70400-120000 EUR,queued,ok,greenhouse:coinbase,eu-global
CRAWL-0441,web_crawl,Coinbase,"Senior Software Engineer, Compute Platform",Remote - Canada,https://www.coinbase.com/careers/positions/7701645?gh_jid=7701645,https://www.coinbase.com/careers/positions/7701645?gh_jid=7701645,https://www.coinbase.com/careers/positions/7701645?gh_jid=7701645,25,/home/runner/work/job-cv-match-0020/job-cv-match-0020/0020_raw_marti__bayo_alemany_curriculum.pdf,/home/runner/work/job-cv-match-0020/job-cv-match-0020/Marti__Bayo_Alemany_certificates_2020_compressed.pdf,70400-120000 EUR,queued,ok,greenhouse:coinbase,eu-global
CRAWL-0442,web_crawl,Coinbase,"Senior Software Engineer, Consumer",Remote - Singapore,https://www.coinbase.com/careers/positions/8067033?gh_jid=8067033,https://www.coinbase.com/careers/positions/8067033?gh_jid=8067033,https://www.coinbase.com/careers/positions/8067033?gh_jid=8067033,25,/home/runner/work/job-cv-match-0020/job-cv-match-0020/0020_raw_marti__bayo_alemany_curriculum.pdf,/home/runner/work/job-cv-match-0020/job-cv-match-0020/Marti__Bayo_Alemany_certificates_2020_compressed.pdf,70400-120000 EUR,queued,ok,greenhouse:coinbase,eu-global
CRAWL-0443,web_crawl,Coinbase,"Senior Software Engineer, Core AI Infrastructure",Remote - USA,https://www.coinbase.com/careers/positions/7847431?gh_jid=7847431,https://www.coinbase.com/careers/positions/7847431?gh_jid=7847431,https://www.coinbase.com/careers/positions/7847431?gh_jid=7847431,25,/home/runner/work/job-cv-match-0020/job-cv-match-0020/0020_raw_marti__bayo_alemany_curriculum.pdf,/home/runner/work/job-cv-match-0020/job-cv-match-0020/Marti__Bayo_Alemany_certificates_2020_compressed.pdf,70400-120000 EUR,queued,ok,greenhouse:coinbase,eu-global
CRAWL-0444,web_crawl,Coinbase,"Senior Software Engineer, Core Infra Systems",Remote - USA,https://www.coinbase.com/careers/positions/8026678?gh_jid=8026678,https://www.coinbase.com/careers/positions/8026678?gh_jid=8026678,https://www.coinbase.com/careers/positions/8026678?gh_jid=8026678,25,/home/runner/work/job-cv-match-0020/job-cv-match-0020/0020_raw_marti__bayo_alemany_curriculum.pdf,/home/runner/work/job-cv-match-0020/job-cv-match-0020/Marti__Bayo_Alemany_certificates_2020_compressed.pdf,70400-120000 EUR,queued,ok,greenhouse:coinbase,eu-global
CRAWL-0445,web_crawl,Coinbase,"Senior Software Engineer, Core Reliability",Remote - Canada,https://www.coinbase.com/careers/positions/8097944?gh_jid=8097944,https://www.coinbase.com/careers/positions/8097944?gh_jid=8097944,https://www.coinbase.com/careers/positions/8097944?gh_jid=8097944,25,/home/runner/work/job-cv-match-0020/job-cv-match-0020/0020_raw_marti__bayo_alemany_curriculum.pdf,/home/runner/work/job-cv-match-0020/job-cv-match-0020/Marti__Bayo_Alemany_certificates_2020_compressed.pdf,70400-120000 EUR,queued,ok,greenhouse:coinbase,eu-global
CRAWL-0446,web_crawl,Coinbase,"Senior Software Engineer, Data Engineering Platform",Remote - USA,https://www.coinbase.com/careers/positions/8082199?gh_jid=8082199,https://www.coinbase.com/careers/positions/8082199?gh_jid=8082199,https://www.coinbase.com/careers/positions/8082199?gh_jid=8082199,25,/home/runner/work/job-cv-match-0020/job-cv-match-0020/0020_raw_marti__bayo_alemany_curriculum.pdf,/home/runner/work/job-cv-match-0020/job-cv-match-0020/Marti__Bayo_Alemany_certificates_2020_compressed.pdf,70400-120000 EUR,queued,ok,greenhouse:coinbase,eu-global
CRAWL-0447,web_crawl,Coinbase,"Senior Software Engineer, Data Layer",Remote - USA,https://www.coinbase.com/careers/positions/8064873?gh_jid=8064873,https://www.coinbase.com/careers/positions/8064873?gh_jid=8064873,https://www.coinbase.com/careers/positions/8064873?gh_jid=8064873,25,/home/runner/work/job-cv-match-0020/job-cv-match-0020/0020_raw_marti__bayo_alemany_curriculum.pdf,/home/runner/work/job-cv-match-0020/job-cv-match-0020/Marti__Bayo_Alemany_certificates_2020_compressed.pdf,70400-120000 EUR,queued,ok,greenhouse:coinbase,eu-global
CRAWL-0448,web_crawl,Coinbase,"Senior Software Engineer, Developer Infrastructure",Remote - USA,https://www.coinbase.com/careers/positions/7964402?gh_jid=7964402,https://www.coinbase.com/careers/positions/7964402?gh_jid=7964402,https://www.coinbase.com/careers/positions/7964402?gh_jid=7964402,25,/home/runner/work/job-cv-match-0020/job-cv-match-0020/0020_raw_marti__bayo_alemany_curriculum.pdf,/home/runner/work/job-cv-match-0020/job-cv-match-0020/Marti__Bayo_Alemany_certificates_2020_compressed.pdf,70400-120000 EUR,queued,ok,greenhouse:coinbase,eu-global
CRAWL-0449,web_crawl,Coinbase,"Senior Software Engineer, Frontend (Coinbase Advisor - Agentic Trading)",Remote - USA,https://www.coinbase.com/careers/positions/8070574?gh_jid=8070574,https://www.coinbase.com/careers/positions/8070574?gh_jid=8070574,https://www.coinbase.com/careers/positions/8070574?gh_jid=8070574,25,/home/runner/work/job-cv-match-0020/job-cv-match-0020/0020_raw_marti__bayo_alemany_curriculum.pdf,/home/runner/work/job-cv-match-0020/job-cv-match-0020/Marti__Bayo_Alemany_certificates_2020_compressed.pdf,70400-120000 EUR,queued,ok,greenhouse:coinbase,eu-global
CRAWL-0450,web_crawl,Coinbase,"Senior Software Engineer, Frontend (Consumer - Payments)",Remote - USA,https://www.coinbase.com/careers/positions/8029035?gh_jid=8029035,https://www.coinbase.com/careers/positions/8029035?gh_jid=8029035,https://www.coinbase.com/careers/positions/8029035?gh_jid=8029035,25,/home/runner/work/job-cv-match-0020/job-cv-match-0020/0020_raw_marti__bayo_alemany_curriculum.pdf,/home/runner/work/job-cv-match-0020/job-cv-match-0020/Marti__Bayo_Alemany_certificates_2020_compressed.pdf,70400-120000 EUR,queued,ok,greenhouse:coinbase,eu-global
CRAWL-0451,web_crawl,Coinbase,"Senior Software Engineer, Stablecoins",Remote - USA,https://www.coinbase.com/careers/positions/8104873?gh_jid=8104873,https://www.coinbase.com/careers/positions/8104873?gh_jid=8104873,https://www.coinbase.com/careers/positions/8104873?gh_jid=8104873,25,/home/runner/work/job-cv-match-0020/job-cv-match-0020/0020_raw_marti__bayo_alemany_curriculum.pdf,/home/runner/work/job-cv-match-0020/job-cv-match-0020/Marti__Bayo_Alemany_certificates_2020_compressed.pdf,70400-120000 EUR,queued,ok,greenhouse:coinbase,eu-global
CRAWL-0452,web_crawl,Datadog,Senior Software Engineer,"Boston, Massachusetts, USA; New York, New York, USA",https://careers.datadoghq.com/detail/3851935/?gh_jid=3851935,https://careers.datadoghq.com/detail/3851935/?gh_jid=3851935,https://careers.datadoghq.com/detail/3851935/?gh_jid=3851935,25,/home/runner/work/job-cv-match-0020/job-cv-match-0020/0020_raw_marti__bayo_alemany_curriculum.pdf,/home/runner/work/job-cv-match-0020/job-cv-match-0020/Marti__Bayo_Alemany_certificates_2020_compressed.pdf,70400-120000 EUR,queued,ok,greenhouse:datadog,eu-global
CRAWL-0453,web_crawl,Datadog,Senior Software Engineer (AI),"Paris, France",https://careers.datadoghq.com/detail/7731292/?gh_jid=7731292,https://careers.datadoghq.com/detail/7731292/?gh_jid=7731292,https://careers.datadoghq.com/detail/7731292/?gh_jid=7731292,25,/home/runner/work/job-cv-match-0020/job-cv-match-0020/0020_raw_marti__bayo_alemany_curriculum.pdf,/home/runner/work/job-cv-match-0020/job-cv-match-0020/Marti__Bayo_Alemany_certificates_2020_compressed.pdf,70400-120000 EUR,queued,ok,greenhouse:datadog,eu-global
CRAWL-0454,web_crawl,Datadog,Senior Software Engineer (AI),"Madrid, Spain",https://careers.datadoghq.com/detail/7566827/?gh_jid=7566827,https://careers.datadoghq.com/detail/7566827/?gh_jid=7566827,https://careers.datadoghq.com/detail/7566827/?gh_jid=7566827,25,/home/runner/work/job-cv-match-0020/job-cv-match-0020/0020_raw_marti__bayo_alemany_curriculum.pdf,/home/runner/work/job-cv-match-0020/job-cv-match-0020/Marti__Bayo_Alemany_certificates_2020_compressed.pdf,70400-120000 EUR,queued,ok,greenhouse:datadog,eu-global
CRAWL-0455,web_crawl,Datadog,Senior Software Engineer - Action Platform,"Paris, France",https://careers.datadoghq.com/detail/8102624/?gh_jid=8102624,https://careers.datadoghq.com/detail/8102624/?gh_jid=8102624,https://careers.datadoghq.com/detail/8102624/?gh_jid=8102624,25,/home/runner/work/job-cv-match-0020/job-cv-match-0020/0020_raw_marti__bayo_alemany_curriculum.pdf,/home/runner/work/job-cv-match-0020/job-cv-match-0020/Marti__Bayo_Alemany_certificates_2020_compressed.pdf,70400-120000 EUR,queued,ok,greenhouse:datadog,eu-global
CRAWL-0456,web_crawl,Datadog,Senior Software Engineer - AI (EMEA),"Bordeaux, France; Grenoble, France; Lyon, France; Madrid, Spain; Montpellier, France; Nantes, France; Nice, France; Pari",https://careers.datadoghq.com/detail/8015588/?gh_jid=8015588,https://careers.datadoghq.com/detail/8015588/?gh_jid=8015588,https://careers.datadoghq.com/detail/8015588/?gh_jid=8015588,25,/home/runner/work/job-cv-match-0020/job-cv-match-0020/0020_raw_marti__bayo_alemany_curriculum.pdf,/home/runner/work/job-cv-match-0020/job-cv-match-0020/Marti__Bayo_Alemany_certificates_2020_compressed.pdf,70400-120000 EUR,queued,ok,greenhouse:datadog,eu-global
CRAWL-0457,web_crawl,Datadog,Senior Software Engineer - Backend,"Bordeaux, France; Paris, France",https://careers.datadoghq.com/detail/4599148/?gh_jid=4599148,https://careers.datadoghq.com/detail/4599148/?gh_jid=4599148,https://careers.datadoghq.com/detail/4599148/?gh_jid=4599148,25,/home/runner/work/job-cv-match-0020/job-cv-match-0020/0020_raw_marti__bayo_alemany_curriculum.pdf,/home/runner/work/job-cv-match-0020/job-cv-match-0020/Marti__Bayo_Alemany_certificates_2020_compressed.pdf,70400-120000 EUR,queued,ok,greenhouse:datadog,eu-global
CRAWL-0458,web_crawl,Datadog,Senior Software Engineer - Bazel Tools,"Atlanta, Georgia, USA; Boston, Massachusetts, USA; New York, New York, USA",https://careers.datadoghq.com/detail/8095166/?gh_jid=8095166,https://careers.datadoghq.com/detail/8095166/?gh_jid=8095166,https://careers.datadoghq.com/detail/8095166/?gh_jid=8095166,25,/home/runner/work/job-cv-match-0020/job-cv-match-0020/0020_raw_marti__bayo_alemany_curriculum.pdf,/home/runner/work/job-cv-match-0020/job-cv-match-0020/Marti__Bayo_Alemany_certificates_2020_compressed.pdf,70400-120000 EUR,queued,ok,greenhouse:datadog,eu-global
CRAWL-0459,web_crawl,Datadog,Senior Software Engineer - Distributed Systems,"Boston, Massachusetts, USA; New York, New York, USA",https://careers.datadoghq.com/detail/3851927/?gh_jid=3851927,https://careers.datadoghq.com/detail/3851927/?gh_jid=3851927,https://careers.datadoghq.com/detail/3851927/?gh_jid=3851927,25,/home/runner/work/job-cv-match-0020/job-cv-match-0020/0020_raw_marti__bayo_alemany_curriculum.pdf,/home/runner/work/job-cv-match-0020/job-cv-match-0020/Marti__Bayo_Alemany_certificates_2020_compressed.pdf,70400-120000 EUR,queued,ok,greenhouse:datadog,eu-global
CRAWL-0460,web_crawl,Datadog,Senior Software Engineer - Incident Insights & Readiness,"Paris, France",https://careers.datadoghq.com/detail/8094111/?gh_jid=8094111,https://careers.datadoghq.com/detail/8094111/?gh_jid=8094111,https://careers.datadoghq.com/detail/8094111/?gh_jid=8094111,25,/home/runner/work/job-cv-match-0020/job-cv-match-0020/0020_raw_marti__bayo_alemany_curriculum.pdf,/home/runner/work/job-cv-match-0020/job-cv-match-0020/Marti__Bayo_Alemany_certificates_2020_compressed.pdf,70400-120000 EUR,queued,ok,greenhouse:datadog,eu-global
CRAWL-0461,web_crawl,Datadog,Senior Software Engineer - Linux,"Tel Aviv, Israel",https://careers.datadoghq.com/detail/8038652/?gh_jid=8038652,https://careers.datadoghq.com/detail/8038652/?gh_jid=8038652,https://careers.datadoghq.com/detail/8038652/?gh_jid=8038652,25,/home/runner/work/job-cv-match-0020/job-cv-match-0020/0020_raw_marti__bayo_alemany_curriculum.pdf,/home/runner/work/job-cv-match-0020/job-cv-match-0020/Marti__Bayo_Alemany_certificates_2020_compressed.pdf,70400-120000 EUR,queued,ok,greenhouse:datadog,eu-global
CRAWL-0462,web_crawl,Datadog,Senior Software Engineer - REDAPL Graph Engine,"France, Remote; Germany, Remote; Italy, Remote; Spain, Remote; Switzerland, Remote; United Kingdom, Remote",https://careers.datadoghq.com/detail/7959966/?gh_jid=7959966,https://careers.datadoghq.com/detail/7959966/?gh_jid=7959966,https://careers.datadoghq.com/detail/7959966/?gh_jid=7959966,25,/home/runner/work/job-cv-match-0020/job-cv-match-0020/0020_raw_marti__bayo_alemany_curriculum.pdf,/home/runner/work/job-cv-match-0020/job-cv-match-0020/Marti__Bayo_Alemany_certificates_2020_compressed.pdf,70400-120000 EUR,queued,ok,greenhouse:datadog,eu-global
CRAWL-0463,web_crawl,Datadog,Senior Software Engineer - REDAPL Graph Engine,"Lisbon, Portugal",https://careers.datadoghq.com/detail/7959967/?gh_jid=7959967,https://careers.datadoghq.com/detail/7959967/?gh_jid=7959967,https://careers.datadoghq.com/detail/7959967/?gh_jid=7959967,25,/home/runner/work/job-cv-match-0020/job-cv-match-0020/0020_raw_marti__bayo_alemany_curriculum.pdf,/home/runner/work/job-cv-match-0020/job-cv-match-0020/Marti__Bayo_Alemany_certificates_2020_compressed.pdf,70400-120000 EUR,queued,ok,greenhouse:datadog,eu-global
CRAWL-0464,web_crawl,Datadog,Senior Software Engineer - REDAPL Graph Engine,"Dublin, Ireland; Madrid, Spain; Paris, France",https://careers.datadoghq.com/detail/7959962/?gh_jid=7959962,https://careers.datadoghq.com/detail/7959962/?gh_jid=7959962,https://careers.datadoghq.com/detail/7959962/?gh_jid=7959962,25,/home/runner/work/job-cv-match-0020/job-cv-match-0020/0020_raw_marti__bayo_alemany_curriculum.pdf,/home/runner/work/job-cv-match-0020/job-cv-match-0020/Marti__Bayo_Alemany_certificates_2020_compressed.pdf,70400-120000 EUR,queued,ok,greenhouse:datadog,eu-global
CRAWL-0465,web_crawl,Datadog,Senior Software Engineer - Security Libraries,"Bordeaux, France; Lyon, France; Madrid, Spain; Nantes, France; Paris, France; Sophia Antipolis, France",https://careers.datadoghq.com/detail/8081477/?gh_jid=8081477,https://careers.datadoghq.com/detail/8081477/?gh_jid=8081477,https://careers.datadoghq.com/detail/8081477/?gh_jid=8081477,25,/home/runner/work/job-cv-match-0020/job-cv-match-0020/0020_raw_marti__bayo_alemany_curriculum.pdf,/home/runner/work/job-cv-match-0020/job-cv-match-0020/Marti__Bayo_Alemany_certificates_2020_compressed.pdf,70400-120000 EUR,queued,ok,greenhouse:datadog,eu-global
CRAWL-0466,web_crawl,Datadog,Senior Software Engineer - Security Libraries,"Lisbon, Portugal",https://careers.datadoghq.com/detail/8088590/?gh_jid=8088590,https://careers.datadoghq.com/detail/8088590/?gh_jid=8088590,https://careers.datadoghq.com/detail/8088590/?gh_jid=8088590,25,/home/runner/work/job-cv-match-0020/job-cv-match-0020/0020_raw_marti__bayo_alemany_curriculum.pdf,/home/runner/work/job-cv-match-0020/job-cv-match-0020/Marti__Bayo_Alemany_certificates_2020_compressed.pdf,70400-120000 EUR,queued,ok,greenhouse:datadog,eu-global
CRAWL-0467,web_crawl,Datadog,Senior Software Engineer - Streaming Platform,"New York, New York, USA",https://careers.datadoghq.com/detail/7993551/?gh_jid=7993551,https://careers.datadoghq.com/detail/7993551/?gh_jid=7993551,https://careers.datadoghq.com/detail/7993551/?gh_jid=7993551,25,/home/runner/work/job-cv-match-0020/job-cv-match-0020/0020_raw_marti__bayo_alemany_curriculum.pdf,/home/runner/work/job-cv-match-0020/job-cv-match-0020/Marti__Bayo_Alemany_certificates_2020_compressed.pdf,70400-120000 EUR,queued,ok,greenhouse:datadog,eu-global
CRAWL-0468,web_crawl,Datadog,Senior Software Engineer - Streaming Platform Client,"New York, New York, USA",https://careers.datadoghq.com/detail/8035492/?gh_jid=8035492,https://careers.datadoghq.com/detail/8035492/?gh_jid=8035492,https://careers.datadoghq.com/detail/8035492/?gh_jid=8035492,25,/home/runner/work/job-cv-match-0020/job-cv-match-0020/0020_raw_marti__bayo_alemany_curriculum.pdf,/home/runner/work/job-cv-match-0020/job-cv-match-0020/Marti__Bayo_Alemany_certificates_2020_compressed.pdf,70400-120000 EUR,queued,ok,greenhouse:datadog,eu-global
CRAWL-0469,web_crawl,Discord,"Senior Software Engineer, Application Security",San Francisco Bay Area,https://job-boards.greenhouse.io/discord/jobs/8656854002,https://job-boards.greenhouse.io/discord/jobs/8656854002,https://job-boards.greenhouse.io/discord/jobs/8656854002,25,/home/runner/work/job-cv-match-0020/job-cv-match-0020/0020_raw_marti__bayo_alemany_curriculum.pdf,/home/runner/work/job-cv-match-0020/job-cv-match-0020/Marti__Bayo_Alemany_certificates_2020_compressed.pdf,70400-120000 EUR,queued,ok,greenhouse:discord,eu-global
CRAWL-0470,web_crawl,Discord,"Senior Software Engineer, Consumer Revenue",San Francisco Bay Area,https://job-boards.greenhouse.io/discord/jobs/8460791002,https://job-boards.greenhouse.io/discord/jobs/8460791002,https://job-boards.greenhouse.io/discord/jobs/8460791002,25,/home/runner/work/job-cv-match-0020/job-cv-match-0020/0020_raw_marti__bayo_alemany_curriculum.pdf,/home/runner/work/job-cv-match-0020/job-cv-match-0020/Marti__Bayo_Alemany_certificates_2020_compressed.pdf,70400-120000 EUR,queued,ok,greenhouse:discord,eu-global
CRAWL-0471,web_crawl,Discord,"Senior Software Engineer, Enterprise Platform",San Francisco Bay Area ,https://job-boards.greenhouse.io/discord/jobs/8675277002,https://job-boards.greenhouse.io/discord/jobs/8675277002,https://job-boards.greenhouse.io/discord/jobs/8675277002,25,/home/runner/work/job-cv-match-0020/job-cv-match-0020/0020_raw_marti__bayo_alemany_curriculum.pdf,/home/runner/work/job-cv-match-0020/job-cv-match-0020/Marti__Bayo_Alemany_certificates_2020_compressed.pdf,70400-120000 EUR,queued,ok,greenhouse:discord,eu-global
CRAWL-0472,web_crawl,Discord,"Senior Software Engineer, Growth",San Francisco Bay Area,https://job-boards.greenhouse.io/discord/jobs/8642087002,https://job-boards.greenhouse.io/discord/jobs/8642087002,https://job-boards.greenhouse.io/discord/jobs/8642087002,25,/home/runner/work/job-cv-match-0020/job-cv-match-0020/0020_raw_marti__bayo_alemany_curriculum.pdf,/home/runner/work/job-cv-match-0020/job-cv-match-0020/Marti__Bayo_Alemany_certificates_2020_compressed.pdf,70400-120000 EUR,queued,ok,greenhouse:discord,eu-global
CRAWL-0473,web_crawl,Discord,"Senior Software Engineer, Machine Learning (Ads)",San Francisco Bay Area,https://job-boards.greenhouse.io/discord/jobs/8644780002,https://job-boards.greenhouse.io/discord/jobs/8644780002,https://job-boards.greenhouse.io/discord/jobs/8644780002,25,/home/runner/work/job-cv-match-0020/job-cv-match-0020/0020_raw_marti__bayo_alemany_curriculum.pdf,/home/runner/work/job-cv-match-0020/job-cv-match-0020/Marti__Bayo_Alemany_certificates_2020_compressed.pdf,70400-120000 EUR,queued,ok,greenhouse:discord,eu-global
CRAWL-0474,web_crawl,Discord,"Senior Software Engineer, Safety Backend",San Francisco Bay Area or Los Angeles Area,https://job-boards.greenhouse.io/discord/jobs/8545675002,https://job-boards.greenhouse.io/discord/jobs/8545675002,https://job-boards.greenhouse.io/discord/jobs/8545675002,25,/home/runner/work/job-cv-match-0020/job-cv-match-0020/0020_raw_marti__bayo_alemany_curriculum.pdf,/home/runner/work/job-cv-match-0020/job-cv-match-0020/Marti__Bayo_Alemany_certificates_2020_compressed.pdf,70400-120000 EUR,queued,ok,greenhouse:discord,eu-global
CRAWL-0475,web_crawl,Elastic,Senior Java Developer - Core/Infra - Elasticsearch,Canada,https://jobs.elastic.co/jobs?gh_jid=8074285&gh_jid=8074285,https://jobs.elastic.co/jobs?gh_jid=8074285&gh_jid=8074285,https://jobs.elastic.co/jobs?gh_jid=8074285&gh_jid=8074285,25,/home/runner/work/job-cv-match-0020/job-cv-match-0020/0020_raw_marti__bayo_alemany_curriculum.pdf,/home/runner/work/job-cv-match-0020/job-cv-match-0020/Marti__Bayo_Alemany_certificates_2020_compressed.pdf,70400-120000 EUR,queued,ok,greenhouse:elastic,eu-global
CRAWL-0476,web_crawl,Elastic,"Senior Java Developer - Distributed Systems, Serverless - Elasticsearch",Canada,https://jobs.elastic.co/jobs?gh_jid=7734579&gh_jid=7734579,https://jobs.elastic.co/jobs?gh_jid=7734579&gh_jid=7734579,https://jobs.elastic.co/jobs?gh_jid=7734579&gh_jid=7734579,25,/home/runner/work/job-cv-match-0020/job-cv-match-0020/0020_raw_marti__bayo_alemany_curriculum.pdf,/home/runner/work/job-cv-match-0020/job-cv-match-0020/Marti__Bayo_Alemany_certificates_2020_compressed.pdf,70400-120000 EUR,queued,ok,greenhouse:elastic,eu-global
CRAWL-0477,web_crawl,Elastic,Senior Java Engineer - Core/Infra - Elasticsearch,United States,https://jobs.elastic.co/jobs?gh_jid=8053886&gh_jid=8053886,https://jobs.elastic.co/jobs?gh_jid=8053886&gh_jid=8053886,https://jobs.elastic.co/jobs?gh_jid=8053886&gh_jid=8053886,25,/home/runner/work/job-cv-match-0020/job-cv-match-0020/0020_raw_marti__bayo_alemany_curriculum.pdf,/home/runner/work/job-cv-match-0020/job-cv-match-0020/Marti__Bayo_Alemany_certificates_2020_compressed.pdf,70400-120000 EUR,queued,ok,greenhouse:elastic,eu-global
CRAWL-0478,web_crawl,Elastic,"Senior Java Engineer - Distributed Systems, Serverless - Elasticsearch",United States,https://jobs.elastic.co/jobs?gh_jid=7734567&gh_jid=7734567,https://jobs.elastic.co/jobs?gh_jid=7734567&gh_jid=7734567,https://jobs.elastic.co/jobs?gh_jid=7734567&gh_jid=7734567,25,/home/runner/work/job-cv-match-0020/job-cv-match-0020/0020_raw_marti__bayo_alemany_curriculum.pdf,/home/runner/work/job-cv-match-0020/job-cv-match-0020/Marti__Bayo_Alemany_certificates_2020_compressed.pdf,70400-120000 EUR,queued,ok,greenhouse:elastic,eu-global
CRAWL-0479,web_crawl,Elastic,"Senior Java Engineer - Distributed Systems, Serverless - Elasticsearch",Greece,https://jobs.elastic.co/jobs?gh_jid=8001166&gh_jid=8001166,https://jobs.elastic.co/jobs?gh_jid=8001166&gh_jid=8001166,https://jobs.elastic.co/jobs?gh_jid=8001166&gh_jid=8001166,25,/home/runner/work/job-cv-match-0020/job-cv-match-0020/0020_raw_marti__bayo_alemany_curriculum.pdf,/home/runner/work/job-cv-match-0020/job-cv-match-0020/Marti__Bayo_Alemany_certificates_2020_compressed.pdf,70400-120000 EUR,queued,ok,greenhouse:elastic,eu-global
CRAWL-0480,web_crawl,Elastic,"Senior Java Engineer - Distributed Systems, Serverless - Elasticsearch",Ireland,https://jobs.elastic.co/jobs?gh_jid=8001186&gh_jid=8001186,https://jobs.elastic.co/jobs?gh_jid=8001186&gh_jid=8001186,https://jobs.elastic.co/jobs?gh_jid=8001186&gh_jid=8001186,25,/home/runner/work/job-cv-match-0020/job-cv-match-0020/0020_raw_marti__bayo_alemany_curriculum.pdf,/home/runner/work/job-cv-match-0020/job-cv-match-0020/Marti__Bayo_Alemany_certificates_2020_compressed.pdf,70400-120000 EUR,queued,ok,greenhouse:elastic,eu-global
CRAWL-0481,web_crawl,Elastic,"Senior Java Engineer - Distributed Systems, Serverless - Elasticsearch",Norway,https://jobs.elastic.co/jobs?gh_jid=8001189&gh_jid=8001189,https://jobs.elastic.co/jobs?gh_jid=8001189&gh_jid=8001189,https://jobs.elastic.co/jobs?gh_jid=8001189&gh_jid=8001189,25,/home/runner/work/job-cv-match-0020/job-cv-match-0020/0020_raw_marti__bayo_alemany_curriculum.pdf,/home/runner/work/job-cv-match-0020/job-cv-match-0020/Marti__Bayo_Alemany_certificates_2020_compressed.pdf,70400-120000 EUR,queued,ok,greenhouse:elastic,eu-global
CRAWL-0482,web_crawl,Elastic,"Senior Java Engineer - Distributed Systems, Serverless - Elasticsearch",Portugal,https://jobs.elastic.co/jobs?gh_jid=8001190&gh_jid=8001190,https://jobs.elastic.co/jobs?gh_jid=8001190&gh_jid=8001190,https://jobs.elastic.co/jobs?gh_jid=8001190&gh_jid=8001190,25,/home/runner/work/job-cv-match-0020/job-cv-match-0020/0020_raw_marti__bayo_alemany_curriculum.pdf,/home/runner/work/job-cv-match-0020/job-cv-match-0020/Marti__Bayo_Alemany_certificates_2020_compressed.pdf,70400-120000 EUR,queued,ok,greenhouse:elastic,eu-global
CRAWL-0483,web_crawl,Elastic,"Senior Java Engineer - Distributed Systems, Serverless - Elasticsearch",Romania,https://jobs.elastic.co/jobs?gh_jid=8001191&gh_jid=8001191,https://jobs.elastic.co/jobs?gh_jid=8001191&gh_jid=8001191,https://jobs.elastic.co/jobs?gh_jid=8001191&gh_jid=8001191,25,/home/runner/work/job-cv-match-0020/job-cv-match-0020/0020_raw_marti__bayo_alemany_curriculum.pdf,/home/runner/work/job-cv-match-0020/job-cv-match-0020/Marti__Bayo_Alemany_certificates_2020_compressed.pdf,70400-120000 EUR,queued,ok,greenhouse:elastic,eu-global
CRAWL-0484,web_crawl,Elastic,"Senior Java Engineer - Distributed Systems, Serverless - Elasticsearch",Spain,https://jobs.elastic.co/jobs?gh_jid=8001192&gh_jid=8001192,https://jobs.elastic.co/jobs?gh_jid=8001192&gh_jid=8001192,https://jobs.elastic.co/jobs?gh_jid=8001192&gh_jid=8001192,25,/home/runner/work/job-cv-match-0020/job-cv-match-0020/0020_raw_marti__bayo_alemany_curriculum.pdf,/home/runner/work/job-cv-match-0020/job-cv-match-0020/Marti__Bayo_Alemany_certificates_2020_compressed.pdf,70400-120000 EUR,queued,ok,greenhouse:elastic,eu-global
CRAWL-0485,web_crawl,Elastic,Senior Software Developer - Security - Elasticsearch,Canada,https://jobs.elastic.co/jobs?gh_jid=8082602&gh_jid=8082602,https://jobs.elastic.co/jobs?gh_jid=8082602&gh_jid=8082602,https://jobs.elastic.co/jobs?gh_jid=8082602&gh_jid=8082602,25,/home/runner/work/job-cv-match-0020/job-cv-match-0020/0020_raw_marti__bayo_alemany_curriculum.pdf,/home/runner/work/job-cv-match-0020/job-cv-match-0020/Marti__Bayo_Alemany_certificates_2020_compressed.pdf,70400-120000 EUR,queued,ok,greenhouse:elastic,eu-global
CRAWL-0486,web_crawl,Elastic,Senior Software Developer - Storage Engine - Elasticsearch,Canada,https://jobs.elastic.co/jobs?gh_jid=8074844&gh_jid=8074844,https://jobs.elastic.co/jobs?gh_jid=8074844&gh_jid=8074844,https://jobs.elastic.co/jobs?gh_jid=8074844&gh_jid=8074844,25,/home/runner/work/job-cv-match-0020/job-cv-match-0020/0020_raw_marti__bayo_alemany_curriculum.pdf,/home/runner/work/job-cv-match-0020/job-cv-match-0020/Marti__Bayo_Alemany_certificates_2020_compressed.pdf,70400-120000 EUR,queued,ok,greenhouse:elastic,eu-global
CRAWL-0487,web_crawl,Elastic,Senior Software Engineer - Search Relevance in ES|QL - Elasticsearch,Ireland,https://jobs.elastic.co/jobs?gh_jid=8091613&gh_jid=8091613,https://jobs.elastic.co/jobs?gh_jid=8091613&gh_jid=8091613,https://jobs.elastic.co/jobs?gh_jid=8091613&gh_jid=8091613,25,/home/runner/work/job-cv-match-0020/job-cv-match-0020/0020_raw_marti__bayo_alemany_curriculum.pdf,/home/runner/work/job-cv-match-0020/job-cv-match-0020/Marti__Bayo_Alemany_certificates_2020_compressed.pdf,70400-120000 EUR,queued,ok,greenhouse:elastic,eu-global
CRAWL-0488,web_crawl,Elastic,Senior Software Engineer - Search Relevance in ES|QL - Elasticsearch,Switzerland,https://jobs.elastic.co/jobs?gh_jid=8091748&gh_jid=8091748,https://jobs.elastic.co/jobs?gh_jid=8091748&gh_jid=8091748,https://jobs.elastic.co/jobs?gh_jid=8091748&gh_jid=8091748,25,/home/runner/work/job-cv-match-0020/job-cv-match-0020/0020_raw_marti__bayo_alemany_curriculum.pdf,/home/runner/work/job-cv-match-0020/job-cv-match-0020/Marti__Bayo_Alemany_certificates_2020_compressed.pdf,70400-120000 EUR,queued,ok,greenhouse:elastic,eu-global
CRAWL-0489,web_crawl,Elastic,Senior Software Engineer - Search Relevance in ES|QL - Elasticsearch,United States,https://jobs.elastic.co/jobs?gh_jid=8066481&gh_jid=8066481,https://jobs.elastic.co/jobs?gh_jid=8066481&gh_jid=8066481,https://jobs.elastic.co/jobs?gh_jid=8066481&gh_jid=8066481,25,/home/runner/work/job-cv-match-0020/job-cv-match-0020/0020_raw_marti__bayo_alemany_curriculum.pdf,/home/runner/work/job-cv-match-0020/job-cv-match-0020/Marti__Bayo_Alemany_certificates_2020_compressed.pdf,70400-120000 EUR,queued,ok,greenhouse:elastic,eu-global
CRAWL-0490,web_crawl,Elastic,Senior Software Engineer - Search Relevance in ES|QL - Elasticsearch,Canada,https://jobs.elastic.co/jobs?gh_jid=8091367&gh_jid=8091367,https://jobs.elastic.co/jobs?gh_jid=8091367&gh_jid=8091367,https://jobs.elastic.co/jobs?gh_jid=8091367&gh_jid=8091367,25,/home/runner/work/job-cv-match-0020/job-cv-match-0020/0020_raw_marti__bayo_alemany_curriculum.pdf,/home/runner/work/job-cv-match-0020/job-cv-match-0020/Marti__Bayo_Alemany_certificates_2020_compressed.pdf,70400-120000 EUR,queued,ok,greenhouse:elastic,eu-global
CRAWL-0491,web_crawl,Elastic,Senior Software Engineer - Search Relevance in ES|QL - Elasticsearch,Greece,https://jobs.elastic.co/jobs?gh_jid=8091674&gh_jid=8091674,https://jobs.elastic.co/jobs?gh_jid=8091674&gh_jid=8091674,https://jobs.elastic.co/jobs?gh_jid=8091674&gh_jid=8091674,25,/home/runner/work/job-cv-match-0020/job-cv-match-0020/0020_raw_marti__bayo_alemany_curriculum.pdf,/home/runner/work/job-cv-match-0020/job-cv-match-0020/Marti__Bayo_Alemany_certificates_2020_compressed.pdf,70400-120000 EUR,queued,ok,greenhouse:elastic,eu-global
CRAWL-0492,web_crawl,Elastic,Senior Software Engineer - Search Relevance in ES|QL - Elasticsearch,Spain,https://jobs.elastic.co/jobs?gh_jid=8091526&gh_jid=8091526,https://jobs.elastic.co/jobs?gh_jid=8091526&gh_jid=8091526,https://jobs.elastic.co/jobs?gh_jid=8091526&gh_jid=8091526,25,/home/runner/work/job-cv-match-0020/job-cv-match-0020/0020_raw_marti__bayo_alemany_curriculum.pdf,/home/runner/work/job-cv-match-0020/job-cv-match-0020/Marti__Bayo_Alemany_certificates_2020_compressed.pdf,70400-120000 EUR,queued,ok,greenhouse:elastic,eu-global
CRAWL-0493,web_crawl,Elastic,Senior Software Engineer - Security - Elasticsearch,United States,https://jobs.elastic.co/jobs?gh_jid=8082598&gh_jid=8082598,https://jobs.elastic.co/jobs?gh_jid=8082598&gh_jid=8082598,https://jobs.elastic.co/jobs?gh_jid=8082598&gh_jid=8082598,25,/home/runner/work/job-cv-match-0020/job-cv-match-0020/0020_raw_marti__bayo_alemany_curriculum.pdf,/home/runner/work/job-cv-match-0020/job-cv-match-0020/Marti__Bayo_Alemany_certificates_2020_compressed.pdf,70400-120000 EUR,queued,ok,greenhouse:elastic,eu-global
CRAWL-0494,web_crawl,Elastic,Senior Software Engineer - SSC,Portugal,https://jobs.elastic.co/jobs?gh_jid=8111966&gh_jid=8111966,https://jobs.elastic.co/jobs?gh_jid=8111966&gh_jid=8111966,https://jobs.elastic.co/jobs?gh_jid=8111966&gh_jid=8111966,25,/home/runner/work/job-cv-match-0020/job-cv-match-0020/0020_raw_marti__bayo_alemany_curriculum.pdf,/home/runner/work/job-cv-match-0020/job-cv-match-0020/Marti__Bayo_Alemany_certificates_2020_compressed.pdf,70400-120000 EUR,queued,ok,greenhouse:elastic,eu-global
CRAWL-0495,web_crawl,Elastic,Senior Software Engineer - SSC,Ireland,https://jobs.elastic.co/jobs?gh_jid=8111965&gh_jid=8111965,https://jobs.elastic.co/jobs?gh_jid=8111965&gh_jid=8111965,https://jobs.elastic.co/jobs?gh_jid=8111965&gh_jid=8111965,25,/home/runner/work/job-cv-match-0020/job-cv-match-0020/0020_raw_marti__bayo_alemany_curriculum.pdf,/home/runner/work/job-cv-match-0020/job-cv-match-0020/Marti__Bayo_Alemany_certificates_2020_compressed.pdf,70400-120000 EUR,queued,ok,greenhouse:elastic,eu-global
CRAWL-0496,web_crawl,Elastic,Senior Software Engineer - SSC,Greece,https://jobs.elastic.co/jobs?gh_jid=8111793&gh_jid=8111793,https://jobs.elastic.co/jobs?gh_jid=8111793&gh_jid=8111793,https://jobs.elastic.co/jobs?gh_jid=8111793&gh_jid=8111793,25,/home/runner/work/job-cv-match-0020/job-cv-match-0020/0020_raw_marti__bayo_alemany_curriculum.pdf,/home/runner/work/job-cv-match-0020/job-cv-match-0020/Marti__Bayo_Alemany_certificates_2020_compressed.pdf,70400-120000 EUR,queued,ok,greenhouse:elastic,eu-global
CRAWL-0497,web_crawl,Elastic,Senior Software Engineer - SSC,Spain,https://jobs.elastic.co/jobs?gh_jid=8111792&gh_jid=8111792,https://jobs.elastic.co/jobs?gh_jid=8111792&gh_jid=8111792,https://jobs.elastic.co/jobs?gh_jid=8111792&gh_jid=8111792,25,/home/runner/work/job-cv-match-0020/job-cv-match-0020/0020_raw_marti__bayo_alemany_curriculum.pdf,/home/runner/work/job-cv-match-0020/job-cv-match-0020/Marti__Bayo_Alemany_certificates_2020_compressed.pdf,70400-120000 EUR,queued,ok,greenhouse:elastic,eu-global
CRAWL-0498,web_crawl,Elastic,Senior Software Engineer - Storage Engine - Elasticsearch,Greece,https://jobs.elastic.co/jobs?gh_jid=8074886&gh_jid=8074886,https://jobs.elastic.co/jobs?gh_jid=8074886&gh_jid=8074886,https://jobs.elastic.co/jobs?gh_jid=8074886&gh_jid=8074886,25,/home/runner/work/job-cv-match-0020/job-cv-match-0020/0020_raw_marti__bayo_alemany_curriculum.pdf,/home/runner/work/job-cv-match-0020/job-cv-match-0020/Marti__Bayo_Alemany_certificates_2020_compressed.pdf,70400-120000 EUR,queued,ok,greenhouse:elastic,eu-global
CRAWL-0499,web_crawl,Elastic,Senior Software Engineer - Storage Engine - Elasticsearch,Romania,https://jobs.elastic.co/jobs?gh_jid=8074894&gh_jid=8074894,https://jobs.elastic.co/jobs?gh_jid=8074894&gh_jid=8074894,https://jobs.elastic.co/jobs?gh_jid=8074894&gh_jid=8074894,25,/home/runner/work/job-cv-match-0020/job-cv-match-0020/0020_raw_marti__bayo_alemany_curriculum.pdf,/home/runner/work/job-cv-match-0020/job-cv-match-0020/Marti__Bayo_Alemany_certificates_2020_compressed.pdf,70400-120000 EUR,queued,ok,greenhouse:elastic,eu-global
CRAWL-0500,web_crawl,Elastic,Senior Software Engineer - Storage Engine - Elasticsearch,Norway,https://jobs.elastic.co/jobs?gh_jid=8074895&gh_jid=8074895,https://jobs.elastic.co/jobs?gh_jid=8074895&gh_jid=8074895,https://jobs.elastic.co/jobs?gh_jid=8074895&gh_jid=8074895,25,/home/runner/work/job-cv-match-0020/job-cv-match-0020/0020_raw_marti__bayo_alemany_curriculum.pdf,/home/runner/work/job-cv-match-0020/job-cv-match-0020/Marti__Bayo_Alemany_certificates_2020_compressed.pdf,70400-120000 EUR,queued,ok,greenhouse:elastic,eu-global
CRAWL-0501,web_crawl,Elastic,Senior Software Engineer - Storage Engine - Elasticsearch,United States,https://jobs.elastic.co/jobs?gh_jid=8066491&gh_jid=8066491,https://jobs.elastic.co/jobs?gh_jid=8066491&gh_jid=8066491,https://jobs.elastic.co/jobs?gh_jid=8066491&gh_jid=8066491,25,/home/runner/work/job-cv-match-0020/job-cv-match-0020/0020_raw_marti__bayo_alemany_curriculum.pdf,/home/runner/work/job-cv-match-0020/job-cv-match-0020/Marti__Bayo_Alemany_certificates_2020_compressed.pdf,70400-120000 EUR,queued,ok,greenhouse:elastic,eu-global
CRAWL-0502,web_crawl,Elastic,Senior Software Engineer - Storage Engine - Elasticsearch,Ireland,https://jobs.elastic.co/jobs?gh_jid=8074854&gh_jid=8074854,https://jobs.elastic.co/jobs?gh_jid=8074854&gh_jid=8074854,https://jobs.elastic.co/jobs?gh_jid=8074854&gh_jid=8074854,25,/home/runner/work/job-cv-match-0020/job-cv-match-0020/0020_raw_marti__bayo_alemany_curriculum.pdf,/home/runner/work/job-cv-match-0020/job-cv-match-0020/Marti__Bayo_Alemany_certificates_2020_compressed.pdf,70400-120000 EUR,queued,ok,greenhouse:elastic,eu-global
CRAWL-0503,web_crawl,Elastic,Senior Software Engineer - Storage Engine - Elasticsearch,Spain,https://jobs.elastic.co/jobs?gh_jid=8074855&gh_jid=8074855,https://jobs.elastic.co/jobs?gh_jid=8074855&gh_jid=8074855,https://jobs.elastic.co/jobs?gh_jid=8074855&gh_jid=8074855,25,/home/runner/work/job-cv-match-0020/job-cv-match-0020/0020_raw_marti__bayo_alemany_curriculum.pdf,/home/runner/work/job-cv-match-0020/job-cv-match-0020/Marti__Bayo_Alemany_certificates_2020_compressed.pdf,70400-120000 EUR,queued,ok,greenhouse:elastic,eu-global
CRAWL-0504,web_crawl,Elastic,Senior Software Engineer - Storage Engine - Elasticsearch,Portugal,https://jobs.elastic.co/jobs?gh_jid=8074889&gh_jid=8074889,https://jobs.elastic.co/jobs?gh_jid=8074889&gh_jid=8074889,https://jobs.elastic.co/jobs?gh_jid=8074889&gh_jid=8074889,25,/home/runner/work/job-cv-match-0020/job-cv-match-0020/0020_raw_marti__bayo_alemany_curriculum.pdf,/home/runner/work/job-cv-match-0020/job-cv-match-0020/Marti__Bayo_Alemany_certificates_2020_compressed.pdf,70400-120000 EUR,queued,ok,greenhouse:elastic,eu-global
CRAWL-0505,web_crawl,GitLab,"Intermediate/Senior/Staff Backend Engineer (C), Tenant Scale: Git","Remote, Canada; Remote, India; Remote, United Kingdom; Remote, United States",https://job-boards.greenhouse.io/gitlab/jobs/8497793002,https://job-boards.greenhouse.io/gitlab/jobs/8497793002,https://job-boards.greenhouse.io/gitlab/jobs/8497793002,25,/home/runner/work/job-cv-match-0020/job-cv-match-0020/0020_raw_marti__bayo_alemany_curriculum.pdf,/home/runner/work/job-cv-match-0020/job-cv-match-0020/Marti__Bayo_Alemany_certificates_2020_compressed.pdf,70400-120000 EUR,queued,ok,greenhouse:gitlab,eu-global
CRAWL-0506,web_crawl,GitLab,"Senior Backend Engineer (Ruby), AI Engineering: AI Coding","Remote, United Kingdom",https://job-boards.greenhouse.io/gitlab/jobs/8621620002,https://job-boards.greenhouse.io/gitlab/jobs/8621620002,https://job-boards.greenhouse.io/gitlab/jobs/8621620002,25,/home/runner/work/job-cv-match-0020/job-cv-match-0020/0020_raw_marti__bayo_alemany_curriculum.pdf,/home/runner/work/job-cv-match-0020/job-cv-match-0020/Marti__Bayo_Alemany_certificates_2020_compressed.pdf,70400-120000 EUR,queued,ok,greenhouse:gitlab,eu-global
CRAWL-0507,web_crawl,GitLab,"Senior Backend Engineer (Ruby), AI Engineering: DAP Repository Flows","Remote, United Kingdom",https://job-boards.greenhouse.io/gitlab/jobs/8646595002,https://job-boards.greenhouse.io/gitlab/jobs/8646595002,https://job-boards.greenhouse.io/gitlab/jobs/8646595002,25,/home/runner/work/job-cv-match-0020/job-cv-match-0020/0020_raw_marti__bayo_alemany_curriculum.pdf,/home/runner/work/job-cv-match-0020/job-cv-match-0020/Marti__Bayo_Alemany_certificates_2020_compressed.pdf,70400-120000 EUR,queued,ok,greenhouse:gitlab,eu-global
CRAWL-0508,web_crawl,GitLab,"Senior Backend Engineer (Ruby), AI Engineering: Duo Agent Platform Tools","Remote, Canada; Remote, United Kingdom",https://job-boards.greenhouse.io/gitlab/jobs/8603839002,https://job-boards.greenhouse.io/gitlab/jobs/8603839002,https://job-boards.greenhouse.io/gitlab/jobs/8603839002,25,/home/runner/work/job-cv-match-0020/job-cv-match-0020/0020_raw_marti__bayo_alemany_curriculum.pdf,/home/runner/work/job-cv-match-0020/job-cv-match-0020/Marti__Bayo_Alemany_certificates_2020_compressed.pdf,70400-120000 EUR,queued,ok,greenhouse:gitlab,eu-global
CRAWL-0509,web_crawl,GitLab,Senior Backend Engineer - Monitoring and Anomaly Detection (Monetization),"Remote, Bangalore",https://job-boards.greenhouse.io/gitlab/jobs/8615319002,https://job-boards.greenhouse.io/gitlab/jobs/8615319002,https://job-boards.greenhouse.io/gitlab/jobs/8615319002,25,/home/runner/work/job-cv-match-0020/job-cv-match-0020/0020_raw_marti__bayo_alemany_curriculum.pdf,/home/runner/work/job-cv-match-0020/job-cv-match-0020/Marti__Bayo_Alemany_certificates_2020_compressed.pdf,70400-120000 EUR,queued,ok,greenhouse:gitlab,eu-global
CRAWL-0510,web_crawl,GitLab,Senior Backend Engineer - Platform Insights,"Bangalore, India",https://job-boards.greenhouse.io/gitlab/jobs/8615439002,https://job-boards.greenhouse.io/gitlab/jobs/8615439002,https://job-boards.greenhouse.io/gitlab/jobs/8615439002,25,/home/runner/work/job-cv-match-0020/job-cv-match-0020/0020_raw_marti__bayo_alemany_curriculum.pdf,/home/runner/work/job-cv-match-0020/job-cv-match-0020/Marti__Bayo_Alemany_certificates_2020_compressed.pdf,70400-120000 EUR,queued,ok,greenhouse:gitlab,eu-global
CRAWL-0511,web_crawl,GitLab,"Senior Backend Engineer, AI Engineering: Chat","Remote, Canada; Remote, United Kingdom",https://job-boards.greenhouse.io/gitlab/jobs/8621733002,https://job-boards.greenhouse.io/gitlab/jobs/8621733002,https://job-boards.greenhouse.io/gitlab/jobs/8621733002,25,/home/runner/work/job-cv-match-0020/job-cv-match-0020/0020_raw_marti__bayo_alemany_curriculum.pdf,/home/runner/work/job-cv-match-0020/job-cv-match-0020/Marti__Bayo_Alemany_certificates_2020_compressed.pdf,70400-120000 EUR,queued,ok,greenhouse:gitlab,eu-global
CRAWL-0512,web_crawl,GitLab,"Senior Backend Engineer, Analytics Instrumentation (Golang)","Remote, Canada; Remote, US",https://job-boards.greenhouse.io/gitlab/jobs/8451512002,https://job-boards.greenhouse.io/gitlab/jobs/8451512002,https://job-boards.greenhouse.io/gitlab/jobs/8451512002,25,/home/runner/work/job-cv-match-0020/job-cv-match-0020/0020_raw_marti__bayo_alemany_curriculum.pdf,/home/runner/work/job-cv-match-0020/job-cv-match-0020/Marti__Bayo_Alemany_certificates_2020_compressed.pdf,70400-120000 EUR,queued,ok,greenhouse:gitlab,eu-global
CRAWL-0513,web_crawl,GitLab,"Senior Backend Engineer, Architecture Engineering: Nonlinear Productivity","Remote, Canada; Remote, United States",https://job-boards.greenhouse.io/gitlab/jobs/8646556002,https://job-boards.greenhouse.io/gitlab/jobs/8646556002,https://job-boards.greenhouse.io/gitlab/jobs/8646556002,25,/home/runner/work/job-cv-match-0020/job-cv-match-0020/0020_raw_marti__bayo_alemany_curriculum.pdf,/home/runner/work/job-cv-match-0020/job-cv-match-0020/Marti__Bayo_Alemany_certificates_2020_compressed.pdf,70400-120000 EUR,queued,ok,greenhouse:gitlab,eu-global
CRAWL-0514,web_crawl,GitLab,"Senior Backend Engineer, Deployment Environments","Remote, United Kingdom",https://job-boards.greenhouse.io/gitlab/jobs/8636713002,https://job-boards.greenhouse.io/gitlab/jobs/8636713002,https://job-boards.greenhouse.io/gitlab/jobs/8636713002,25,/home/runner/work/job-cv-match-0020/job-cv-match-0020/0020_raw_marti__bayo_alemany_curriculum.pdf,/home/runner/work/job-cv-match-0020/job-cv-match-0020/Marti__Bayo_Alemany_certificates_2020_compressed.pdf,70400-120000 EUR,queued,ok,greenhouse:gitlab,eu-global
CRAWL-0515,web_crawl,GitLab,"Senior Backend Engineer, Gitlab Delivery: Zero Downtime Upgrades","Bangalore, India",https://job-boards.greenhouse.io/gitlab/jobs/8463925002,https://job-boards.greenhouse.io/gitlab/jobs/8463925002,https://job-boards.greenhouse.io/gitlab/jobs/8463925002,25,/home/runner/work/job-cv-match-0020/job-cv-match-0020/0020_raw_marti__bayo_alemany_curriculum.pdf,/home/runner/work/job-cv-match-0020/job-cv-match-0020/Marti__Bayo_Alemany_certificates_2020_compressed.pdf,70400-120000 EUR,queued,ok,greenhouse:gitlab,eu-global
CRAWL-0516,web_crawl,GitLab,"Senior Backend Engineer, Platform Readiness","Remote, Canada; Remote, United States",https://job-boards.greenhouse.io/gitlab/jobs/8644572002,https://job-boards.greenhouse.io/gitlab/jobs/8644572002,https://job-boards.greenhouse.io/gitlab/jobs/8644572002,25,/home/runner/work/job-cv-match-0020/job-cv-match-0020/0020_raw_marti__bayo_alemany_curriculum.pdf,/home/runner/work/job-cv-match-0020/job-cv-match-0020/Marti__Bayo_Alemany_certificates_2020_compressed.pdf,70400-120000 EUR,queued,ok,greenhouse:gitlab,eu-global
CRAWL-0517,web_crawl,GitLab,"Senior Backend Engineer, SSCS: Supply Chain","Bangalore, India",https://job-boards.greenhouse.io/gitlab/jobs/8480580002,https://job-boards.greenhouse.io/gitlab/jobs/8480580002,https://job-boards.greenhouse.io/gitlab/jobs/8480580002,25,/home/runner/work/job-cv-match-0020/job-cv-match-0020/0020_raw_marti__bayo_alemany_curriculum.pdf,/home/runner/work/job-cv-match-0020/job-cv-match-0020/Marti__Bayo_Alemany_certificates_2020_compressed.pdf,70400-120000 EUR,queued,ok,greenhouse:gitlab,eu-global
CRAWL-0518,web_crawl,Palantir,Senior Software Engineer - Autonomous Systems,"Seattle, WA",https://jobs.lever.co/palantir/88f8f593-af1f-4d27-9042-454c24a64d3f,https://jobs.lever.co/palantir/88f8f593-af1f-4d27-9042-454c24a64d3f,https://jobs.lever.co/palantir/88f8f593-af1f-4d27-9042-454c24a64d3f,25,/home/runner/work/job-cv-match-0020/job-cv-match-0020/0020_raw_marti__bayo_alemany_curriculum.pdf,/home/runner/work/job-cv-match-0020/job-cv-match-0020/Marti__Bayo_Alemany_certificates_2020_compressed.pdf,70400-120000 EUR,queued,ok,lever:palantir,eu-global
CRAWL-0519,web_crawl,Palantir,Senior Software Engineer - Autonomous Systems,"New York, NY",https://jobs.lever.co/palantir/bba1ecbc-e56d-48b0-b33a-aefcbffbd655,https://jobs.lever.co/palantir/bba1ecbc-e56d-48b0-b33a-aefcbffbd655,https://jobs.lever.co/palantir/bba1ecbc-e56d-48b0-b33a-aefcbffbd655,25,/home/runner/work/job-cv-match-0020/job-cv-match-0020/0020_raw_marti__bayo_alemany_curriculum.pdf,/home/runner/work/job-cv-match-0020/job-cv-match-0020/Marti__Bayo_Alemany_certificates_2020_compressed.pdf,70400-120000 EUR,queued,ok,lever:palantir,eu-global
CRAWL-0520,web_crawl,Palantir,Senior Software Engineer - Autonomous Systems,"Washington, D.C.",https://jobs.lever.co/palantir/d40d5d19-8f9e-4e6b-b4d3-b7457c90adec,https://jobs.lever.co/palantir/d40d5d19-8f9e-4e6b-b4d3-b7457c90adec,https://jobs.lever.co/palantir/d40d5d19-8f9e-4e6b-b4d3-b7457c90adec,25,/home/runner/work/job-cv-match-0020/job-cv-match-0020/0020_raw_marti__bayo_alemany_curriculum.pdf,/home/runner/work/job-cv-match-0020/job-cv-match-0020/Marti__Bayo_Alemany_certificates_2020_compressed.pdf,70400-120000 EUR,queued,ok,lever:palantir,eu-global
CRAWL-0521,web_crawl,Palantir,Senior Software Engineer - Autonomous Systems,"Palo Alto, CA",https://jobs.lever.co/palantir/d7030550-f80f-422c-965f-3120db433dea,https://jobs.lever.co/palantir/d7030550-f80f-422c-965f-3120db433dea,https://jobs.lever.co/palantir/d7030550-f80f-422c-965f-3120db433dea,25,/home/runner/work/job-cv-match-0020/job-cv-match-0020/0020_raw_marti__bayo_alemany_curriculum.pdf,/home/runner/work/job-cv-match-0020/job-cv-match-0020/Marti__Bayo_Alemany_certificates_2020_compressed.pdf,70400-120000 EUR,queued,ok,lever:palantir,eu-global
CRAWL-0522,web_crawl,Palantir,Senior Software Engineer - Observability,"New York, NY",https://jobs.lever.co/palantir/8a95dba1-b814-4243-be14-eba1df340ceb,https://jobs.lever.co/palantir/8a95dba1-b814-4243-be14-eba1df340ceb,https://jobs.lever.co/palantir/8a95dba1-b814-4243-be14-eba1df340ceb,25,/home/runner/work/job-cv-match-0020/job-cv-match-0020/0020_raw_marti__bayo_alemany_curriculum.pdf,/home/runner/work/job-cv-match-0020/job-cv-match-0020/Marti__Bayo_Alemany_certificates_2020_compressed.pdf,70400-120000 EUR,queued,ok,lever:palantir,eu-global
CRAWL-0523,web_crawl,Palantir,"Senior Software Engineer, Network Infrastructure","Seattle, WA",https://jobs.lever.co/palantir/39c57909-ae76-4c86-9290-9fb50c689c4f,https://jobs.lever.co/palantir/39c57909-ae76-4c86-9290-9fb50c689c4f,https://jobs.lever.co/palantir/39c57909-ae76-4c86-9290-9fb50c689c4f,25,/home/runner/work/job-cv-match-0020/job-cv-match-0020/0020_raw_marti__bayo_alemany_curriculum.pdf,/home/runner/work/job-cv-match-0020/job-cv-match-0020/Marti__Bayo_Alemany_certificates_2020_compressed.pdf,70400-120000 EUR,queued,ok,lever:palantir,eu-global
CRAWL-0524,web_crawl,Palantir,"Senior Software Engineer, Network Infrastructure","New York, NY",https://jobs.lever.co/palantir/55005ee7-4e06-4520-b569-f6e8f26745cb,https://jobs.lever.co/palantir/55005ee7-4e06-4520-b569-f6e8f26745cb,https://jobs.lever.co/palantir/55005ee7-4e06-4520-b569-f6e8f26745cb,25,/home/runner/work/job-cv-match-0020/job-cv-match-0020/0020_raw_marti__bayo_alemany_curriculum.pdf,/home/runner/work/job-cv-match-0020/job-cv-match-0020/Marti__Bayo_Alemany_certificates_2020_compressed.pdf,70400-120000 EUR,queued,ok,lever:palantir,eu-global
CRAWL-0525,web_crawl,Palantir,"Senior Software Engineer, Network Infrastructure","Washington, D.C.",https://jobs.lever.co/palantir/89a77547-8b74-45b2-8590-f04b16e19a59,https://jobs.lever.co/palantir/89a77547-8b74-45b2-8590-f04b16e19a59,https://jobs.lever.co/palantir/89a77547-8b74-45b2-8590-f04b16e19a59,25,/home/runner/work/job-cv-match-0020/job-cv-match-0020/0020_raw_marti__bayo_alemany_curriculum.pdf,/home/runner/work/job-cv-match-0020/job-cv-match-0020/Marti__Bayo_Alemany_certificates_2020_compressed.pdf,70400-120000 EUR,queued,ok,lever:palantir,eu-global
CRAWL-0526,web_crawl,Palantir,"Senior Software Engineer, Substrate","Washington, D.C.",https://jobs.lever.co/palantir/26176860-7b27-412a-9959-d8b8705acf53,https://jobs.lever.co/palantir/26176860-7b27-412a-9959-d8b8705acf53,https://jobs.lever.co/palantir/26176860-7b27-412a-9959-d8b8705acf53,25,/home/runner/work/job-cv-match-0020/job-cv-match-0020/0020_raw_marti__bayo_alemany_curriculum.pdf,/home/runner/work/job-cv-match-0020/job-cv-match-0020/Marti__Bayo_Alemany_certificates_2020_compressed.pdf,70400-120000 EUR,queued,ok,lever:palantir,eu-global
CRAWL-0527,web_crawl,Palantir,"Senior Software Engineer, Substrate","New York, NY",https://jobs.lever.co/palantir/68d690cf-fc8a-4755-9b69-abe13f93d262,https://jobs.lever.co/palantir/68d690cf-fc8a-4755-9b69-abe13f93d262,https://jobs.lever.co/palantir/68d690cf-fc8a-4755-9b69-abe13f93d262,25,/home/runner/work/job-cv-match-0020/job-cv-match-0020/0020_raw_marti__bayo_alemany_curriculum.pdf,/home/runner/work/job-cv-match-0020/job-cv-match-0020/Marti__Bayo_Alemany_certificates_2020_compressed.pdf,70400-120000 EUR,queued,ok,lever:palantir,eu-global
CRAWL-0528,web_crawl,Palantir,"Senior Software Engineer, Substrate","London, United Kingdom",https://jobs.lever.co/palantir/b80d45be-7fe8-4a11-b159-65551320c61f,https://jobs.lever.co/palantir/b80d45be-7fe8-4a11-b159-65551320c61f,https://jobs.lever.co/palantir/b80d45be-7fe8-4a11-b159-65551320c61f,25,/home/runner/work/job-cv-match-0020/job-cv-match-0020/0020_raw_marti__bayo_alemany_curriculum.pdf,/home/runner/work/job-cv-match-0020/job-cv-match-0020/Marti__Bayo_Alemany_certificates_2020_compressed.pdf,70400-120000 EUR,queued,ok,lever:palantir,eu-global
CRAWL-0529,web_crawl,Palantir,"Senior Software Engineer, Substrate","Seattle, WA",https://jobs.lever.co/palantir/c38bb622-6f8e-43a1-8ae7-32291da328a8,https://jobs.lever.co/palantir/c38bb622-6f8e-43a1-8ae7-32291da328a8,https://jobs.lever.co/palantir/c38bb622-6f8e-43a1-8ae7-32291da328a8,25,/home/runner/work/job-cv-match-0020/job-cv-match-0020/0020_raw_marti__bayo_alemany_curriculum.pdf,/home/runner/work/job-cv-match-0020/job-cv-match-0020/Marti__Bayo_Alemany_certificates_2020_compressed.pdf,70400-120000 EUR,queued,ok,lever:palantir,eu-global
CRAWL-0530,web_crawl,Pinterest,Sr. Software Engineer,"Dublin, IE",https://www.pinterestcareers.com/jobs/?gh_jid=7896332,https://www.pinterestcareers.com/jobs/?gh_jid=7896332,https://www.pinterestcareers.com/jobs/?gh_jid=7896332,25,/home/runner/work/job-cv-match-0020/job-cv-match-0020/0020_raw_marti__bayo_alemany_curriculum.pdf,/home/runner/work/job-cv-match-0020/job-cv-match-0020/Marti__Bayo_Alemany_certificates_2020_compressed.pdf,70400-120000 EUR,queued,ok,greenhouse:pinterest,eu-global
CRAWL-0531,web_crawl,Pinterest,Sr. Software Engineer,"Dublin, IE",https://www.pinterestcareers.com/jobs/?gh_jid=8100299,https://www.pinterestcareers.com/jobs/?gh_jid=8100299,https://www.pinterestcareers.com/jobs/?gh_jid=8100299,25,/home/runner/work/job-cv-match-0020/job-cv-match-0020/0020_raw_marti__bayo_alemany_curriculum.pdf,/home/runner/work/job-cv-match-0020/job-cv-match-0020/Marti__Bayo_Alemany_certificates_2020_compressed.pdf,70400-120000 EUR,queued,ok,greenhouse:pinterest,eu-global
CRAWL-0532,web_crawl,Pinterest,Sr. Software Engineer,"Dublin, IE",https://www.pinterestcareers.com/jobs/?gh_jid=8106377,https://www.pinterestcareers.com/jobs/?gh_jid=8106377,https://www.pinterestcareers.com/jobs/?gh_jid=8106377,25,/home/runner/work/job-cv-match-0020/job-cv-match-0020/0020_raw_marti__bayo_alemany_curriculum.pdf,/home/runner/work/job-cv-match-0020/job-cv-match-0020/Marti__Bayo_Alemany_certificates_2020_compressed.pdf,70400-120000 EUR,queued,ok,greenhouse:pinterest,eu-global
CRAWL-0533,web_crawl,Pinterest,Sr. Software Engineer - Full Stack,"Toronto, ON, CA",https://www.pinterestcareers.com/jobs/?gh_jid=6510646,https://www.pinterestcareers.com/jobs/?gh_jid=6510646,https://www.pinterestcareers.com/jobs/?gh_jid=6510646,25,/home/runner/work/job-cv-match-0020/job-cv-match-0020/0020_raw_marti__bayo_alemany_curriculum.pdf,/home/runner/work/job-cv-match-0020/job-cv-match-0020/Marti__Bayo_Alemany_certificates_2020_compressed.pdf,70400-120000 EUR,queued,ok,greenhouse:pinterest,eu-global
CRAWL-0534,web_crawl,Pinterest,"Sr. Software Engineer, Android","Toronto, ON, CA",https://www.pinterestcareers.com/jobs/?gh_jid=5773689,https://www.pinterestcareers.com/jobs/?gh_jid=5773689,https://www.pinterestcareers.com/jobs/?gh_jid=5773689,25,/home/runner/work/job-cv-match-0020/job-cv-match-0020/0020_raw_marti__bayo_alemany_curriculum.pdf,/home/runner/work/job-cv-match-0020/job-cv-match-0020/Marti__Bayo_Alemany_certificates_2020_compressed.pdf,70400-120000 EUR,queued,ok,greenhouse:pinterest,eu-global
CRAWL-0535,web_crawl,Pinterest,"Sr. Software Engineer, Android","San Francisco, CA, US; Remote, US",https://www.pinterestcareers.com/jobs/?gh_jid=5432095,https://www.pinterestcareers.com/jobs/?gh_jid=5432095,https://www.pinterestcareers.com/jobs/?gh_jid=5432095,25,/home/runner/work/job-cv-match-0020/job-cv-match-0020/0020_raw_marti__bayo_alemany_curriculum.pdf,/home/runner/work/job-cv-match-0020/job-cv-match-0020/Marti__Bayo_Alemany_certificates_2020_compressed.pdf,70400-120000 EUR,queued,ok,greenhouse:pinterest,eu-global
CRAWL-0536,web_crawl,Pinterest,"Sr. Software Engineer, Backend","San Francisco, CA, US; Remote, US",https://www.pinterestcareers.com/jobs/?gh_jid=4902175,https://www.pinterestcareers.com/jobs/?gh_jid=4902175,https://www.pinterestcareers.com/jobs/?gh_jid=4902175,25,/home/runner/work/job-cv-match-0020/job-cv-match-0020/0020_raw_marti__bayo_alemany_curriculum.pdf,/home/runner/work/job-cv-match-0020/job-cv-match-0020/Marti__Bayo_Alemany_certificates_2020_compressed.pdf,70400-120000 EUR,queued,ok,greenhouse:pinterest,eu-global
CRAWL-0537,web_crawl,Pinterest,"Sr. Software Engineer, Backend","Toronto, ON, CA",https://www.pinterestcareers.com/jobs/?gh_jid=5572858,https://www.pinterestcareers.com/jobs/?gh_jid=5572858,https://www.pinterestcareers.com/jobs/?gh_jid=5572858,25,/home/runner/work/job-cv-match-0020/job-cv-match-0020/0020_raw_marti__bayo_alemany_curriculum.pdf,/home/runner/work/job-cv-match-0020/job-cv-match-0020/Marti__Bayo_Alemany_certificates_2020_compressed.pdf,70400-120000 EUR,queued,ok,greenhouse:pinterest,eu-global
CRAWL-0538,web_crawl,Pinterest,"Sr. Software Engineer, iOS","Toronto, ON, CA",https://www.pinterestcareers.com/jobs/?gh_jid=8011547,https://www.pinterestcareers.com/jobs/?gh_jid=8011547,https://www.pinterestcareers.com/jobs/?gh_jid=8011547,25,/home/runner/work/job-cv-match-0020/job-cv-match-0020/0020_raw_marti__bayo_alemany_curriculum.pdf,/home/runner/work/job-cv-match-0020/job-cv-match-0020/Marti__Bayo_Alemany_certificates_2020_compressed.pdf,70400-120000 EUR,queued,ok,greenhouse:pinterest,eu-global
CRAWL-0539,web_crawl,Pinterest,"Sr. Software Engineer, Machine Learning, tvScientific","San Francisco, CA, US; Remote, US",https://www.pinterestcareers.com/jobs/?gh_jid=7999050,https://www.pinterestcareers.com/jobs/?gh_jid=7999050,https://www.pinterestcareers.com/jobs/?gh_jid=7999050,25,/home/runner/work/job-cv-match-0020/job-cv-match-0020/0020_raw_marti__bayo_alemany_curriculum.pdf,/home/runner/work/job-cv-match-0020/job-cv-match-0020/Marti__Bayo_Alemany_certificates_2020_compressed.pdf,70400-120000 EUR,queued,ok,greenhouse:pinterest,eu-global
CRAWL-0540,web_crawl,Pinterest,"Sr. Software Engineer, Web","Toronto, ON, CA",https://www.pinterestcareers.com/jobs/?gh_jid=8024868,https://www.pinterestcareers.com/jobs/?gh_jid=8024868,https://www.pinterestcareers.com/jobs/?gh_jid=8024868,25,/home/runner/work/job-cv-match-0020/job-cv-match-0020/0020_raw_marti__bayo_alemany_curriculum.pdf,/home/runner/work/job-cv-match-0020/job-cv-match-0020/Marti__Bayo_Alemany_certificates_2020_compressed.pdf,70400-120000 EUR,queued,ok,greenhouse:pinterest,eu-global
CRAWL-0541,web_crawl,Reddit,"Senior Backend Engineer, IAM",Remote - United States,https://job-boards.greenhouse.io/reddit/jobs/8044767,https://job-boards.greenhouse.io/reddit/jobs/8044767,https://job-boards.greenhouse.io/reddit/jobs/8044767,25,/home/runner/work/job-cv-match-0020/job-cv-match-0020/0020_raw_marti__bayo_alemany_curriculum.pdf,/home/runner/work/job-cv-match-0020/job-cv-match-0020/Marti__Bayo_Alemany_certificates_2020_compressed.pdf,70400-120000 EUR,queued,ok,greenhouse:reddit,eu-global
CRAWL-0542,web_crawl,Reddit,Senior Software Engineer - DevX,Remote - United States,https://job-boards.greenhouse.io/reddit/jobs/7950520,https://job-boards.greenhouse.io/reddit/jobs/7950520,https://job-boards.greenhouse.io/reddit/jobs/7950520,25,/home/runner/work/job-cv-match-0020/job-cv-match-0020/0020_raw_marti__bayo_alemany_curriculum.pdf,/home/runner/work/job-cv-match-0020/job-cv-match-0020/Marti__Bayo_Alemany_certificates_2020_compressed.pdf,70400-120000 EUR,queued,ok,greenhouse:reddit,eu-global
CRAWL-0543,web_crawl,Reddit,Senior Software Engineer - Full Stack Internal Tooling (Build and Deployment Platform),Remote - United States,https://job-boards.greenhouse.io/reddit/jobs/7976852,https://job-boards.greenhouse.io/reddit/jobs/7976852,https://job-boards.greenhouse.io/reddit/jobs/7976852,25,/home/runner/work/job-cv-match-0020/job-cv-match-0020/0020_raw_marti__bayo_alemany_curriculum.pdf,/home/runner/work/job-cv-match-0020/job-cv-match-0020/Marti__Bayo_Alemany_certificates_2020_compressed.pdf,70400-120000 EUR,queued,ok,greenhouse:reddit,eu-global
CRAWL-0544,web_crawl,Reddit,Senior Software Engineer - Messaging,Remote - United States,https://job-boards.greenhouse.io/reddit/jobs/8106246,https://job-boards.greenhouse.io/reddit/jobs/8106246,https://job-boards.greenhouse.io/reddit/jobs/8106246,25,/home/runner/work/job-cv-match-0020/job-cv-match-0020/0020_raw_marti__bayo_alemany_curriculum.pdf,/home/runner/work/job-cv-match-0020/job-cv-match-0020/Marti__Bayo_Alemany_certificates_2020_compressed.pdf,70400-120000 EUR,queued,ok,greenhouse:reddit,eu-global
CRAWL-0545,web_crawl,Reddit,"Senior Software Engineer, Ads",Remote - United States,https://job-boards.greenhouse.io/reddit/jobs/6909091,https://job-boards.greenhouse.io/reddit/jobs/6909091,https://job-boards.greenhouse.io/reddit/jobs/6909091,25,/home/runner/work/job-cv-match-0020/job-cv-match-0020/0020_raw_marti__bayo_alemany_curriculum.pdf,/home/runner/work/job-cv-match-0020/job-cv-match-0020/Marti__Bayo_Alemany_certificates_2020_compressed.pdf,70400-120000 EUR,queued,ok,greenhouse:reddit,eu-global
CRAWL-0546,web_crawl,Reddit,"Senior Software Engineer, Core Platform","New York City, NY",https://job-boards.greenhouse.io/reddit/jobs/8022449,https://job-boards.greenhouse.io/reddit/jobs/8022449,https://job-boards.greenhouse.io/reddit/jobs/8022449,25,/home/runner/work/job-cv-match-0020/job-cv-match-0020/0020_raw_marti__bayo_alemany_curriculum.pdf,/home/runner/work/job-cv-match-0020/job-cv-match-0020/Marti__Bayo_Alemany_certificates_2020_compressed.pdf,70400-120000 EUR,queued,ok,greenhouse:reddit,eu-global
CRAWL-0547,web_crawl,Reddit,"Senior Software Engineer, Core Platform",Remote - United States,https://job-boards.greenhouse.io/reddit/jobs/8022441,https://job-boards.greenhouse.io/reddit/jobs/8022441,https://job-boards.greenhouse.io/reddit/jobs/8022441,25,/home/runner/work/job-cv-match-0020/job-cv-match-0020/0020_raw_marti__bayo_alemany_curriculum.pdf,/home/runner/work/job-cv-match-0020/job-cv-match-0020/Marti__Bayo_Alemany_certificates_2020_compressed.pdf,70400-120000 EUR,queued,ok,greenhouse:reddit,eu-global
CRAWL-0548,web_crawl,Reddit,"Senior Software Engineer, Core Platform","San Francisco, CA",https://job-boards.greenhouse.io/reddit/jobs/8022446,https://job-boards.greenhouse.io/reddit/jobs/8022446,https://job-boards.greenhouse.io/reddit/jobs/8022446,25,/home/runner/work/job-cv-match-0020/job-cv-match-0020/0020_raw_marti__bayo_alemany_curriculum.pdf,/home/runner/work/job-cv-match-0020/job-cv-match-0020/Marti__Bayo_Alemany_certificates_2020_compressed.pdf,70400-120000 EUR,queued,ok,greenhouse:reddit,eu-global
CRAWL-0549,web_crawl,Reddit,"Senior Software Engineer, Core Platform","Los Angeles, CA",https://job-boards.greenhouse.io/reddit/jobs/8022447,https://job-boards.greenhouse.io/reddit/jobs/8022447,https://job-boards.greenhouse.io/reddit/jobs/8022447,25,/home/runner/work/job-cv-match-0020/job-cv-match-0020/0020_raw_marti__bayo_alemany_curriculum.pdf,/home/runner/work/job-cv-match-0020/job-cv-match-0020/Marti__Bayo_Alemany_certificates_2020_compressed.pdf,70400-120000 EUR,queued,ok,greenhouse:reddit,eu-global
CRAWL-0550,web_crawl,Reddit,"Senior Software Engineer, Core Platform","Chicago, IL",https://job-boards.greenhouse.io/reddit/jobs/8022448,https://job-boards.greenhouse.io/reddit/jobs/8022448,https://job-boards.greenhouse.io/reddit/jobs/8022448,25,/home/runner/work/job-cv-match-0020/job-cv-match-0020/0020_raw_marti__bayo_alemany_curriculum.pdf,/home/runner/work/job-cv-match-0020/job-cv-match-0020/Marti__Bayo_Alemany_certificates_2020_compressed.pdf,70400-120000 EUR,queued,ok,greenhouse:reddit,eu-global
CRAWL-0551,web_crawl,Reddit,"Senior Software Engineer, GenAI Platform",Remote - United States,https://job-boards.greenhouse.io/reddit/jobs/7753480,https://job-boards.greenhouse.io/reddit/jobs/7753480,https://job-boards.greenhouse.io/reddit/jobs/7753480,25,/home/runner/work/job-cv-match-0020/job-cv-match-0020/0020_raw_marti__bayo_alemany_curriculum.pdf,/home/runner/work/job-cv-match-0020/job-cv-match-0020/Marti__Bayo_Alemany_certificates_2020_compressed.pdf,70400-120000 EUR,queued,ok,greenhouse:reddit,eu-global
CRAWL-0552,web_crawl,Reddit,"Senior Software Engineer, GraphQL",Remote - United States,https://job-boards.greenhouse.io/reddit/jobs/7309137,https://job-boards.greenhouse.io/reddit/jobs/7309137,https://job-boards.greenhouse.io/reddit/jobs/7309137,25,/home/runner/work/job-cv-match-0020/job-cv-match-0020/0020_raw_marti__bayo_alemany_curriculum.pdf,/home/runner/work/job-cv-match-0020/job-cv-match-0020/Marti__Bayo_Alemany_certificates_2020_compressed.pdf,70400-120000 EUR,queued,ok,greenhouse:reddit,eu-global
CRAWL-0553,web_crawl,Reddit,"Senior Software Engineer, Presence",Remote - United States,https://job-boards.greenhouse.io/reddit/jobs/8024892,https://job-boards.greenhouse.io/reddit/jobs/8024892,https://job-boards.greenhouse.io/reddit/jobs/8024892,25,/home/runner/work/job-cv-match-0020/job-cv-match-0020/0020_raw_marti__bayo_alemany_curriculum.pdf,/home/runner/work/job-cv-match-0020/job-cv-match-0020/Marti__Bayo_Alemany_certificates_2020_compressed.pdf,70400-120000 EUR,queued,ok,greenhouse:reddit,eu-global
CRAWL-0554,web_crawl,Reddit,"Senior Software Engineer, Storage",Remote - United States,https://job-boards.greenhouse.io/reddit/jobs/7511679,https://job-boards.greenhouse.io/reddit/jobs/7511679,https://job-boards.greenhouse.io/reddit/jobs/7511679,25,/home/runner/work/job-cv-match-0020/job-cv-match-0020/0020_raw_marti__bayo_alemany_curriculum.pdf,/home/runner/work/job-cv-match-0020/job-cv-match-0020/Marti__Bayo_Alemany_certificates_2020_compressed.pdf,70400-120000 EUR,queued,ok,greenhouse:reddit,eu-global
CRAWL-0555,web_crawl,Robinhood,Senior Cloud Engineer,"London, UK",https://boards.greenhouse.io/robinhood/jobs/8035713?t=gh_src=&gh_jid=8035713,https://boards.greenhouse.io/robinhood/jobs/8035713?t=gh_src=&gh_jid=8035713,https://boards.greenhouse.io/robinhood/jobs/8035713?t=gh_src=&gh_jid=8035713,25,/home/runner/work/job-cv-match-0020/job-cv-match-0020/0020_raw_marti__bayo_alemany_curriculum.pdf,/home/runner/work/job-cv-match-0020/job-cv-match-0020/Marti__Bayo_Alemany_certificates_2020_compressed.pdf,70400-120000 EUR,queued,ok,greenhouse:robinhood,eu-global
CRAWL-0556,web_crawl,Robinhood,"Senior Software Developer, Developer Experience (DevX)","Toronto, Canada",https://boards.greenhouse.io/robinhood/jobs/8083818?t=gh_src=&gh_jid=8083818,https://boards.greenhouse.io/robinhood/jobs/8083818?t=gh_src=&gh_jid=8083818,https://boards.greenhouse.io/robinhood/jobs/8083818?t=gh_src=&gh_jid=8083818,25,/home/runner/work/job-cv-match-0020/job-cv-match-0020/0020_raw_marti__bayo_alemany_curriculum.pdf,/home/runner/work/job-cv-match-0020/job-cv-match-0020/Marti__Bayo_Alemany_certificates_2020_compressed.pdf,70400-120000 EUR,queued,ok,greenhouse:robinhood,eu-global
CRAWL-0557,web_crawl,Robinhood,"Senior Software Developer, Kubernetes Compute","Toronto, Canada",https://boards.greenhouse.io/robinhood/jobs/7871254?t=gh_src=&gh_jid=7871254,https://boards.greenhouse.io/robinhood/jobs/7871254?t=gh_src=&gh_jid=7871254,https://boards.greenhouse.io/robinhood/jobs/7871254?t=gh_src=&gh_jid=7871254,25,/home/runner/work/job-cv-match-0020/job-cv-match-0020/0020_raw_marti__bayo_alemany_curriculum.pdf,/home/runner/work/job-cv-match-0020/job-cv-match-0020/Marti__Bayo_Alemany_certificates_2020_compressed.pdf,70400-120000 EUR,queued,ok,greenhouse:robinhood,eu-global
CRAWL-0558,web_crawl,Robinhood,Senior Software Engineer,"Menlo Park, CA",https://boards.greenhouse.io/robinhood/jobs/7975563?t=gh_src=&gh_jid=7975563,https://boards.greenhouse.io/robinhood/jobs/7975563?t=gh_src=&gh_jid=7975563,https://boards.greenhouse.io/robinhood/jobs/7975563?t=gh_src=&gh_jid=7975563,25,/home/runner/work/job-cv-match-0020/job-cv-match-0020/0020_raw_marti__bayo_alemany_curriculum.pdf,/home/runner/work/job-cv-match-0020/job-cv-match-0020/Marti__Bayo_Alemany_certificates_2020_compressed.pdf,70400-120000 EUR,queued,ok,greenhouse:robinhood,eu-global
CRAWL-0559,web_crawl,Robinhood,Senior Software Engineer,"Menlo Park, CA",https://boards.greenhouse.io/robinhood/jobs/7975544?t=gh_src=&gh_jid=7975544,https://boards.greenhouse.io/robinhood/jobs/7975544?t=gh_src=&gh_jid=7975544,https://boards.greenhouse.io/robinhood/jobs/7975544?t=gh_src=&gh_jid=7975544,25,/home/runner/work/job-cv-match-0020/job-cv-match-0020/0020_raw_marti__bayo_alemany_curriculum.pdf,/home/runner/work/job-cv-match-0020/job-cv-match-0020/Marti__Bayo_Alemany_certificates_2020_compressed.pdf,70400-120000 EUR,queued,ok,greenhouse:robinhood,eu-global
CRAWL-0560,web_crawl,Robinhood,Senior Software Engineer - Robinhood Command Center,"Menlo Park, CA",https://boards.greenhouse.io/robinhood/jobs/7838644?t=gh_src=&gh_jid=7838644,https://boards.greenhouse.io/robinhood/jobs/7838644?t=gh_src=&gh_jid=7838644,https://boards.greenhouse.io/robinhood/jobs/7838644?t=gh_src=&gh_jid=7838644,25,/home/runner/work/job-cv-match-0020/job-cv-match-0020/0020_raw_marti__bayo_alemany_curriculum.pdf,/home/runner/work/job-cv-match-0020/job-cv-match-0020/Marti__Bayo_Alemany_certificates_2020_compressed.pdf,70400-120000 EUR,queued,ok,greenhouse:robinhood,eu-global
CRAWL-0561,web_crawl,Robinhood,"Senior Software Engineer, Backend","Menlo Park, CA; New York, NY",https://boards.greenhouse.io/robinhood/jobs/7264931?t=gh_src=&gh_jid=7264931,https://boards.greenhouse.io/robinhood/jobs/7264931?t=gh_src=&gh_jid=7264931,https://boards.greenhouse.io/robinhood/jobs/7264931?t=gh_src=&gh_jid=7264931,25,/home/runner/work/job-cv-match-0020/job-cv-match-0020/0020_raw_marti__bayo_alemany_curriculum.pdf,/home/runner/work/job-cv-match-0020/job-cv-match-0020/Marti__Bayo_Alemany_certificates_2020_compressed.pdf,70400-120000 EUR,queued,ok,greenhouse:robinhood,eu-global
CRAWL-0562,web_crawl,Robinhood,"Senior Software Engineer, Cloud Networking","Bellevue, WA",https://boards.greenhouse.io/robinhood/jobs/8080244?t=gh_src=&gh_jid=8080244,https://boards.greenhouse.io/robinhood/jobs/8080244?t=gh_src=&gh_jid=8080244,https://boards.greenhouse.io/robinhood/jobs/8080244?t=gh_src=&gh_jid=8080244,25,/home/runner/work/job-cv-match-0020/job-cv-match-0020/0020_raw_marti__bayo_alemany_curriculum.pdf,/home/runner/work/job-cv-match-0020/job-cv-match-0020/Marti__Bayo_Alemany_certificates_2020_compressed.pdf,70400-120000 EUR,queued,ok,greenhouse:robinhood,eu-global
CRAWL-0563,web_crawl,Robinhood,"Senior Software Engineer, Custody Services","Ljubljana, Slovenia",https://boards.greenhouse.io/robinhood/jobs/7648454?t=gh_src=&gh_jid=7648454,https://boards.greenhouse.io/robinhood/jobs/7648454?t=gh_src=&gh_jid=7648454,https://boards.greenhouse.io/robinhood/jobs/7648454?t=gh_src=&gh_jid=7648454,25,/home/runner/work/job-cv-match-0020/job-cv-match-0020/0020_raw_marti__bayo_alemany_curriculum.pdf,/home/runner/work/job-cv-match-0020/job-cv-match-0020/Marti__Bayo_Alemany_certificates_2020_compressed.pdf,70400-120000 EUR,queued,ok,greenhouse:robinhood,eu-global
CRAWL-0564,web_crawl,Robinhood,"Senior Software Engineer, Custody Services","London, UK",https://boards.greenhouse.io/robinhood/jobs/7648452?t=gh_src=&gh_jid=7648452,https://boards.greenhouse.io/robinhood/jobs/7648452?t=gh_src=&gh_jid=7648452,https://boards.greenhouse.io/robinhood/jobs/7648452?t=gh_src=&gh_jid=7648452,25,/home/runner/work/job-cv-match-0020/job-cv-match-0020/0020_raw_marti__bayo_alemany_curriculum.pdf,/home/runner/work/job-cv-match-0020/job-cv-match-0020/Marti__Bayo_Alemany_certificates_2020_compressed.pdf,70400-120000 EUR,queued,ok,greenhouse:robinhood,eu-global
CRAWL-0565,web_crawl,Robinhood,"Senior Software Engineer, Data Engineering","Menlo Park, CA",https://boards.greenhouse.io/robinhood/jobs/4738660?t=gh_src=&gh_jid=4738660,https://boards.greenhouse.io/robinhood/jobs/4738660?t=gh_src=&gh_jid=4738660,https://boards.greenhouse.io/robinhood/jobs/4738660?t=gh_src=&gh_jid=4738660,25,/home/runner/work/job-cv-match-0020/job-cv-match-0020/0020_raw_marti__bayo_alemany_curriculum.pdf,/home/runner/work/job-cv-match-0020/job-cv-match-0020/Marti__Bayo_Alemany_certificates_2020_compressed.pdf,70400-120000 EUR,queued,ok,greenhouse:robinhood,eu-global
CRAWL-0566,web_crawl,Robinhood,"Senior Software Engineer, Data Lake","Bellevue, WA",https://boards.greenhouse.io/robinhood/jobs/8100213?t=gh_src=&gh_jid=8100213,https://boards.greenhouse.io/robinhood/jobs/8100213?t=gh_src=&gh_jid=8100213,https://boards.greenhouse.io/robinhood/jobs/8100213?t=gh_src=&gh_jid=8100213,25,/home/runner/work/job-cv-match-0020/job-cv-match-0020/0020_raw_marti__bayo_alemany_curriculum.pdf,/home/runner/work/job-cv-match-0020/job-cv-match-0020/Marti__Bayo_Alemany_certificates_2020_compressed.pdf,70400-120000 EUR,queued,ok,greenhouse:robinhood,eu-global
CRAWL-0567,web_crawl,Robinhood,"Senior Software Engineer, Kubernetes Compute","Bellevue, WA",https://boards.greenhouse.io/robinhood/jobs/8036588?t=gh_src=&gh_jid=8036588,https://boards.greenhouse.io/robinhood/jobs/8036588?t=gh_src=&gh_jid=8036588,https://boards.greenhouse.io/robinhood/jobs/8036588?t=gh_src=&gh_jid=8036588,25,/home/runner/work/job-cv-match-0020/job-cv-match-0020/0020_raw_marti__bayo_alemany_curriculum.pdf,/home/runner/work/job-cv-match-0020/job-cv-match-0020/Marti__Bayo_Alemany_certificates_2020_compressed.pdf,70400-120000 EUR,queued,ok,greenhouse:robinhood,eu-global
CRAWL-0568,web_crawl,Robinhood,"Senior Software Engineer, Robinhood Command Center","New York, NY",https://boards.greenhouse.io/robinhood/jobs/7993511?t=gh_src=&gh_jid=7993511,https://boards.greenhouse.io/robinhood/jobs/7993511?t=gh_src=&gh_jid=7993511,https://boards.greenhouse.io/robinhood/jobs/7993511?t=gh_src=&gh_jid=7993511,25,/home/runner/work/job-cv-match-0020/job-cv-match-0020/0020_raw_marti__bayo_alemany_curriculum.pdf,/home/runner/work/job-cv-match-0020/job-cv-match-0020/Marti__Bayo_Alemany_certificates_2020_compressed.pdf,70400-120000 EUR,queued,ok,greenhouse:robinhood,eu-global
CRAWL-0569,web_crawl,Robinhood,"Senior Software Engineer, Security Platform","Bellevue, WA; Menlo Park, CA",https://boards.greenhouse.io/robinhood/jobs/7899482?t=gh_src=&gh_jid=7899482,https://boards.greenhouse.io/robinhood/jobs/7899482?t=gh_src=&gh_jid=7899482,https://boards.greenhouse.io/robinhood/jobs/7899482?t=gh_src=&gh_jid=7899482,25,/home/runner/work/job-cv-match-0020/job-cv-match-0020/0020_raw_marti__bayo_alemany_curriculum.pdf,/home/runner/work/job-cv-match-0020/job-cv-match-0020/Marti__Bayo_Alemany_certificates_2020_compressed.pdf,70400-120000 EUR,queued,ok,greenhouse:robinhood,eu-global
CRAWL-0570,web_crawl,Robinhood,"Senior Software Engineer, Streaming Platform","Bellevue, WA",https://boards.greenhouse.io/robinhood/jobs/8083811?t=gh_src=&gh_jid=8083811,https://boards.greenhouse.io/robinhood/jobs/8083811?t=gh_src=&gh_jid=8083811,https://boards.greenhouse.io/robinhood/jobs/8083811?t=gh_src=&gh_jid=8083811,25,/home/runner/work/job-cv-match-0020/job-cv-match-0020/0020_raw_marti__bayo_alemany_curriculum.pdf,/home/runner/work/job-cv-match-0020/job-cv-match-0020/Marti__Bayo_Alemany_certificates_2020_compressed.pdf,70400-120000 EUR,queued,ok,greenhouse:robinhood,eu-global
CRAWL-0571,web_crawl,Robinhood,"Senior Software Engineer, Wallet","Toronto, Canada",https://boards.greenhouse.io/robinhood/jobs/8088455?t=gh_src=&gh_jid=8088455,https://boards.greenhouse.io/robinhood/jobs/8088455?t=gh_src=&gh_jid=8088455,https://boards.greenhouse.io/robinhood/jobs/8088455?t=gh_src=&gh_jid=8088455,25,/home/runner/work/job-cv-match-0020/job-cv-match-0020/0020_raw_marti__bayo_alemany_curriculum.pdf,/home/runner/work/job-cv-match-0020/job-cv-match-0020/Marti__Bayo_Alemany_certificates_2020_compressed.pdf,70400-120000 EUR,queued,ok,greenhouse:robinhood,eu-global
CRAWL-0572,web_crawl,Robinhood,"Senior Software Engineer, Wallet","Menlo Park, CA; New York, NY",https://boards.greenhouse.io/robinhood/jobs/8088453?t=gh_src=&gh_jid=8088453,https://boards.greenhouse.io/robinhood/jobs/8088453?t=gh_src=&gh_jid=8088453,https://boards.greenhouse.io/robinhood/jobs/8088453?t=gh_src=&gh_jid=8088453,25,/home/runner/work/job-cv-match-0020/job-cv-match-0020/0020_raw_marti__bayo_alemany_curriculum.pdf,/home/runner/work/job-cv-match-0020/job-cv-match-0020/Marti__Bayo_Alemany_certificates_2020_compressed.pdf,70400-120000 EUR,queued,ok,greenhouse:robinhood,eu-global
CRAWL-0573,web_crawl,Spotify,Senior Fullstack Engineer,London,https://jobs.lever.co/spotify/1692fccc-29f4-4525-a683-b004c2ec62b9,https://jobs.lever.co/spotify/1692fccc-29f4-4525-a683-b004c2ec62b9,https://jobs.lever.co/spotify/1692fccc-29f4-4525-a683-b004c2ec62b9,25,/home/runner/work/job-cv-match-0020/job-cv-match-0020/0020_raw_marti__bayo_alemany_curriculum.pdf,/home/runner/work/job-cv-match-0020/job-cv-match-0020/Marti__Bayo_Alemany_certificates_2020_compressed.pdf,70400-120000 EUR,queued,ok,lever:spotify,eu-global
CRAWL-0574,web_crawl,Spotify,Senior Software Engineer - TV Playback (C++),London,https://jobs.lever.co/spotify/827bfa7b-cc50-46d7-bdac-f642a14fe92b,https://jobs.lever.co/spotify/827bfa7b-cc50-46d7-bdac-f642a14fe92b,https://jobs.lever.co/spotify/827bfa7b-cc50-46d7-bdac-f642a14fe92b,25,/home/runner/work/job-cv-match-0020/job-cv-match-0020/0020_raw_marti__bayo_alemany_curriculum.pdf,/home/runner/work/job-cv-match-0020/job-cv-match-0020/Marti__Bayo_Alemany_certificates_2020_compressed.pdf,70400-120000 EUR,queued,ok,lever:spotify,eu-global
CRAWL-0575,web_crawl,Stripe,Senior Software Engineer,"South San Francisco, CA ",https://stripe.com/jobs/search?gh_jid=8026511,https://stripe.com/jobs/search?gh_jid=8026511,https://stripe.com/jobs/search?gh_jid=8026511,25,/home/runner/work/job-cv-match-0020/job-cv-match-0020/0020_raw_marti__bayo_alemany_curriculum.pdf,/home/runner/work/job-cv-match-0020/job-cv-match-0020/Marti__Bayo_Alemany_certificates_2020_compressed.pdf,70400-120000 EUR,queued,ok,greenhouse:stripe,eu-global
CRAWL-0576,web_crawl,Twilio,Senior Software Engineer,Remote - US,https://job-boards.greenhouse.io/twilio/jobs/8065028,https://job-boards.greenhouse.io/twilio/jobs/8065028,https://job-boards.greenhouse.io/twilio/jobs/8065028,25,/home/runner/work/job-cv-match-0020/job-cv-match-0020/0020_raw_marti__bayo_alemany_curriculum.pdf,/home/runner/work/job-cv-match-0020/job-cv-match-0020/Marti__Bayo_Alemany_certificates_2020_compressed.pdf,70400-120000 EUR,queued,ok,greenhouse:twilio,eu-global
CRAWL-0577,web_crawl,Twilio,Senior Software Engineer,Remote - Estonia,https://job-boards.greenhouse.io/twilio/jobs/7993530,https://job-boards.greenhouse.io/twilio/jobs/7993530,https://job-boards.greenhouse.io/twilio/jobs/7993530,25,/home/runner/work/job-cv-match-0020/job-cv-match-0020/0020_raw_marti__bayo_alemany_curriculum.pdf,/home/runner/work/job-cv-match-0020/job-cv-match-0020/Marti__Bayo_Alemany_certificates_2020_compressed.pdf,70400-120000 EUR,queued,ok,greenhouse:twilio,eu-global
CRAWL-0578,web_crawl,Twilio,Senior Software Engineer (L3),Remote - US,https://job-boards.greenhouse.io/twilio/jobs/8099162,https://job-boards.greenhouse.io/twilio/jobs/8099162,https://job-boards.greenhouse.io/twilio/jobs/8099162,25,/home/runner/work/job-cv-match-0020/job-cv-match-0020/0020_raw_marti__bayo_alemany_curriculum.pdf,/home/runner/work/job-cv-match-0020/job-cv-match-0020/Marti__Bayo_Alemany_certificates_2020_compressed.pdf,70400-120000 EUR,queued,ok,greenhouse:twilio,eu-global
CRAWL-0579,web_crawl,Twilio,"Senior Software Engineer, Fraud",Remote - US,https://job-boards.greenhouse.io/twilio/jobs/7595407,https://job-boards.greenhouse.io/twilio/jobs/7595407,https://job-boards.greenhouse.io/twilio/jobs/7595407,25,/home/runner/work/job-cv-match-0020/job-cv-match-0020/0020_raw_marti__bayo_alemany_curriculum.pdf,/home/runner/work/job-cv-match-0020/job-cv-match-0020/Marti__Bayo_Alemany_certificates_2020_compressed.pdf,70400-120000 EUR,queued,ok,greenhouse:twilio,eu-global
CRAWL-0580,web_crawl,Twilio,"Senior Software Engineer, Identity",Remote - US,https://job-boards.greenhouse.io/twilio/jobs/8056276,https://job-boards.greenhouse.io/twilio/jobs/8056276,https://job-boards.greenhouse.io/twilio/jobs/8056276,25,/home/runner/work/job-cv-match-0020/job-cv-match-0020/0020_raw_marti__bayo_alemany_curriculum.pdf,/home/runner/work/job-cv-match-0020/job-cv-match-0020/Marti__Bayo_Alemany_certificates_2020_compressed.pdf,70400-120000 EUR,queued,ok,greenhouse:twilio,eu-global
CRAWL-0581,web_crawl,Twilio,Senior Software Engineer- Video Signalling,Remote - Ireland,https://job-boards.greenhouse.io/twilio/jobs/7394811,https://job-boards.greenhouse.io/twilio/jobs/7394811,https://job-boards.greenhouse.io/twilio/jobs/7394811,25,/home/runner/work/job-cv-match-0020/job-cv-match-0020/0020_raw_marti__bayo_alemany_curriculum.pdf,/home/runner/work/job-cv-match-0020/job-cv-match-0020/Marti__Bayo_Alemany_certificates_2020_compressed.pdf,70400-120000 EUR,queued,ok,greenhouse:twilio,eu-global
CRAWL-0582,web_crawl,Datadog,"Distinguished Architect, AI","New York, New York, USA; San Francisco, California, USA",https://careers.datadoghq.com/detail/7966795/?gh_jid=7966795,https://careers.datadoghq.com/detail/7966795/?gh_jid=7966795,https://careers.datadoghq.com/detail/7966795/?gh_jid=7966795,15,/home/runner/work/job-cv-match-0020/job-cv-match-0020/0020_raw_marti__bayo_alemany_curriculum.pdf,/home/runner/work/job-cv-match-0020/job-cv-match-0020/Marti__Bayo_Alemany_certificates_2020_compressed.pdf,70400-120000 EUR,queued,ok,greenhouse:datadog,eu-global
CRAWL-0583,web_crawl,Datadog,"Manager II, Services Architect","Singapore, Singapore",https://careers.datadoghq.com/detail/7939294/?gh_jid=7939294,https://careers.datadoghq.com/detail/7939294/?gh_jid=7939294,https://careers.datadoghq.com/detail/7939294/?gh_jid=7939294,15,/home/runner/work/job-cv-match-0020/job-cv-match-0020/0020_raw_marti__bayo_alemany_curriculum.pdf,/home/runner/work/job-cv-match-0020/job-cv-match-0020/Marti__Bayo_Alemany_certificates_2020_compressed.pdf,70400-120000 EUR,queued,ok,greenhouse:datadog,eu-global
CRAWL-0584,web_crawl,Datadog,Services Architect 3 - Denver,"Denver, Colorado, USA",https://careers.datadoghq.com/detail/7807783/?gh_jid=7807783,https://careers.datadoghq.com/detail/7807783/?gh_jid=7807783,https://careers.datadoghq.com/detail/7807783/?gh_jid=7807783,15,/home/runner/work/job-cv-match-0020/job-cv-match-0020/0020_raw_marti__bayo_alemany_curriculum.pdf,/home/runner/work/job-cv-match-0020/job-cv-match-0020/Marti__Bayo_Alemany_certificates_2020_compressed.pdf,70400-120000 EUR,queued,ok,greenhouse:datadog,eu-global
CRAWL-0585,web_crawl,Dropbox,Enterprise Context Architect,Remote - Canada: Select locations,https://jobs.dropbox.com/listing/8036650?gh_jid=8036650,https://jobs.dropbox.com/listing/8036650?gh_jid=8036650,https://jobs.dropbox.com/listing/8036650?gh_jid=8036650,15,/home/runner/work/job-cv-match-0020/job-cv-match-0020/0020_raw_marti__bayo_alemany_curriculum.pdf,/home/runner/work/job-cv-match-0020/job-cv-match-0020/Marti__Bayo_Alemany_certificates_2020_compressed.pdf,70400-120000 EUR,queued,ok,greenhouse:dropbox,eu-global
CRAWL-0586,web_crawl,Dropbox,Enterprise Context Architect,Remote - US: Select locations,https://jobs.dropbox.com/listing/8036649?gh_jid=8036649,https://jobs.dropbox.com/listing/8036649?gh_jid=8036649,https://jobs.dropbox.com/listing/8036649?gh_jid=8036649,15,/home/runner/work/job-cv-match-0020/job-cv-match-0020/0020_raw_marti__bayo_alemany_curriculum.pdf,/home/runner/work/job-cv-match-0020/job-cv-match-0020/Marti__Bayo_Alemany_certificates_2020_compressed.pdf,70400-120000 EUR,queued,ok,greenhouse:dropbox,eu-global
CRAWL-0587,web_crawl,Elastic,Customer Architect,Germany,https://jobs.elastic.co/jobs?gh_jid=8007202&gh_jid=8007202,https://jobs.elastic.co/jobs?gh_jid=8007202&gh_jid=8007202,https://jobs.elastic.co/jobs?gh_jid=8007202&gh_jid=8007202,15,/home/runner/work/job-cv-match-0020/job-cv-match-0020/0020_raw_marti__bayo_alemany_curriculum.pdf,/home/runner/work/job-cv-match-0020/job-cv-match-0020/Marti__Bayo_Alemany_certificates_2020_compressed.pdf,70400-120000 EUR,queued,ok,greenhouse:elastic,eu-global
CRAWL-0588,web_crawl,Elastic,Customer Architect,"Barcelona, Spain",https://jobs.elastic.co/jobs?gh_jid=8059843&gh_jid=8059843,https://jobs.elastic.co/jobs?gh_jid=8059843&gh_jid=8059843,https://jobs.elastic.co/jobs?gh_jid=8059843&gh_jid=8059843,15,/home/runner/work/job-cv-match-0020/job-cv-match-0020/0020_raw_marti__bayo_alemany_curriculum.pdf,/home/runner/work/job-cv-match-0020/job-cv-match-0020/Marti__Bayo_Alemany_certificates_2020_compressed.pdf,70400-120000 EUR,queued,ok,greenhouse:elastic,eu-global
CRAWL-0589,web_crawl,Elastic,Elastic Consulting Architect - Public Sector,United Kingdom,https://jobs.elastic.co/jobs?gh_jid=8018328&gh_jid=8018328,https://jobs.elastic.co/jobs?gh_jid=8018328&gh_jid=8018328,https://jobs.elastic.co/jobs?gh_jid=8018328&gh_jid=8018328,15,/home/runner/work/job-cv-match-0020/job-cv-match-0020/0020_raw_marti__bayo_alemany_curriculum.pdf,/home/runner/work/job-cv-match-0020/job-cv-match-0020/Marti__Bayo_Alemany_certificates_2020_compressed.pdf,70400-120000 EUR,queued,ok,greenhouse:elastic,eu-global
CRAWL-0590,web_crawl,Elastic,Principal Search Consulting Architect,Brazil,https://jobs.elastic.co/jobs?gh_jid=7991482&gh_jid=7991482,https://jobs.elastic.co/jobs?gh_jid=7991482&gh_jid=7991482,https://jobs.elastic.co/jobs?gh_jid=7991482&gh_jid=7991482,15,/home/runner/work/job-cv-match-0020/job-cv-match-0020/0020_raw_marti__bayo_alemany_curriculum.pdf,/home/runner/work/job-cv-match-0020/job-cv-match-0020/Marti__Bayo_Alemany_certificates_2020_compressed.pdf,70400-120000 EUR,queued,ok,greenhouse:elastic,eu-global
CRAWL-0591,web_crawl,Elastic,Principal Search Consulting Architect,United States,https://jobs.elastic.co/jobs?gh_jid=7988387&gh_jid=7988387,https://jobs.elastic.co/jobs?gh_jid=7988387&gh_jid=7988387,https://jobs.elastic.co/jobs?gh_jid=7988387&gh_jid=7988387,15,/home/runner/work/job-cv-match-0020/job-cv-match-0020/0020_raw_marti__bayo_alemany_curriculum.pdf,/home/runner/work/job-cv-match-0020/job-cv-match-0020/Marti__Bayo_Alemany_certificates_2020_compressed.pdf,70400-120000 EUR,queued,ok,greenhouse:elastic,eu-global
CRAWL-0592,web_crawl,Elastic,Senior Customer Architect,Belgium,https://jobs.elastic.co/jobs?gh_jid=8088272&gh_jid=8088272,https://jobs.elastic.co/jobs?gh_jid=8088272&gh_jid=8088272,https://jobs.elastic.co/jobs?gh_jid=8088272&gh_jid=8088272,15,/home/runner/work/job-cv-match-0020/job-cv-match-0020/0020_raw_marti__bayo_alemany_curriculum.pdf,/home/runner/work/job-cv-match-0020/job-cv-match-0020/Marti__Bayo_Alemany_certificates_2020_compressed.pdf,70400-120000 EUR,queued,ok,greenhouse:elastic,eu-global
CRAWL-0593,web_crawl,Elastic,Sr. Customer Architect,United States,https://jobs.elastic.co/jobs?gh_jid=8091860&gh_jid=8091860,https://jobs.elastic.co/jobs?gh_jid=8091860&gh_jid=8091860,https://jobs.elastic.co/jobs?gh_jid=8091860&gh_jid=8091860,15,/home/runner/work/job-cv-match-0020/job-cv-match-0020/0020_raw_marti__bayo_alemany_curriculum.pdf,/home/runner/work/job-cv-match-0020/job-cv-match-0020/Marti__Bayo_Alemany_certificates_2020_compressed.pdf,70400-120000 EUR,queued,ok,greenhouse:elastic,eu-global
CRAWL-0594,web_crawl,GitLab,Customer Success Architect,"Remote, United Arab Emirates",https://job-boards.greenhouse.io/gitlab/jobs/8617525002,https://job-boards.greenhouse.io/gitlab/jobs/8617525002,https://job-boards.greenhouse.io/gitlab/jobs/8617525002,15,/home/runner/work/job-cv-match-0020/job-cv-match-0020/0020_raw_marti__bayo_alemany_curriculum.pdf,/home/runner/work/job-cv-match-0020/job-cv-match-0020/Marti__Bayo_Alemany_certificates_2020_compressed.pdf,70400-120000 EUR,queued,ok,greenhouse:gitlab,eu-global
CRAWL-0595,web_crawl,GitLab,"Customer Success Architect, CEUR","Remote, Germany",https://job-boards.greenhouse.io/gitlab/jobs/8646852002,https://job-boards.greenhouse.io/gitlab/jobs/8646852002,https://job-boards.greenhouse.io/gitlab/jobs/8646852002,15,/home/runner/work/job-cv-match-0020/job-cv-match-0020/0020_raw_marti__bayo_alemany_curriculum.pdf,/home/runner/work/job-cv-match-0020/job-cv-match-0020/Marti__Bayo_Alemany_certificates_2020_compressed.pdf,70400-120000 EUR,queued,ok,greenhouse:gitlab,eu-global
CRAWL-0596,web_crawl,GitLab,"Customer Success Architect, EMEA","Remote, Austria; Remote, France; Remote, Germany",https://job-boards.greenhouse.io/gitlab/jobs/8561952002,https://job-boards.greenhouse.io/gitlab/jobs/8561952002,https://job-boards.greenhouse.io/gitlab/jobs/8561952002,15,/home/runner/work/job-cv-match-0020/job-cv-match-0020/0020_raw_marti__bayo_alemany_curriculum.pdf,/home/runner/work/job-cv-match-0020/job-cv-match-0020/Marti__Bayo_Alemany_certificates_2020_compressed.pdf,70400-120000 EUR,queued,ok,greenhouse:gitlab,eu-global
CRAWL-0597,web_crawl,GitLab,Senior Customer Success Architect - Singapore,"Remote, Singapore",https://job-boards.greenhouse.io/gitlab/jobs/8648304002,https://job-boards.greenhouse.io/gitlab/jobs/8648304002,https://job-boards.greenhouse.io/gitlab/jobs/8648304002,15,/home/runner/work/job-cv-match-0020/job-cv-match-0020/0020_raw_marti__bayo_alemany_curriculum.pdf,/home/runner/work/job-cv-match-0020/job-cv-match-0020/Marti__Bayo_Alemany_certificates_2020_compressed.pdf,70400-120000 EUR,queued,ok,greenhouse:gitlab,eu-global
CRAWL-0598,web_crawl,Stripe,GTM Operations Process Architect,US Remote National,https://stripe.com/jobs/search?gh_jid=7993610,https://stripe.com/jobs/search?gh_jid=7993610,https://stripe.com/jobs/search?gh_jid=7993610,15,/home/runner/work/job-cv-match-0020/job-cv-match-0020/0020_raw_marti__bayo_alemany_curriculum.pdf,/home/runner/work/job-cv-match-0020/job-cv-match-0020/Marti__Bayo_Alemany_certificates_2020_compressed.pdf,70400-120000 EUR,queued,ok,greenhouse:stripe,eu-global
CRAWL-0599,web_crawl,Twilio,Presales Architect,Remote - US,https://job-boards.greenhouse.io/twilio/jobs/8052885,https://job-boards.greenhouse.io/twilio/jobs/8052885,https://job-boards.greenhouse.io/twilio/jobs/8052885,15,/home/runner/work/job-cv-match-0020/job-cv-match-0020/0020_raw_marti__bayo_alemany_curriculum.pdf,/home/runner/work/job-cv-match-0020/job-cv-match-0020/Marti__Bayo_Alemany_certificates_2020_compressed.pdf,70400-120000 EUR,queued,ok,greenhouse:twilio,eu-global
CRAWL-0600,web_crawl,Twilio,Senior Principal Field Architect - AI Agents,Remote - US,https://job-boards.greenhouse.io/twilio/jobs/8039186,https://job-boards.greenhouse.io/twilio/jobs/8039186,https://job-boards.greenhouse.io/twilio/jobs/8039186,15,/home/runner/work/job-cv-match-0020/job-cv-match-0020/0020_raw_marti__bayo_alemany_curriculum.pdf,/home/runner/work/job-cv-match-0020/job-cv-match-0020/Marti__Bayo_Alemany_certificates_2020_compressed.pdf,70400-120000 EUR,queued,ok,greenhouse:twilio,eu-global
CRAWL-0601,web_crawl,Twilio,Sr AI Architect - Conversational AI,Remote - US,https://job-boards.greenhouse.io/twilio/jobs/7926891,https://job-boards.greenhouse.io/twilio/jobs/7926891,https://job-boards.greenhouse.io/twilio/jobs/7926891,15,/home/runner/work/job-cv-match-0020/job-cv-match-0020/0020_raw_marti__bayo_alemany_curriculum.pdf,/home/runner/work/job-cv-match-0020/job-cv-match-0020/Marti__Bayo_Alemany_certificates_2020_compressed.pdf,70400-120000 EUR,queued,ok,greenhouse:twilio,eu-global
CRAWL-0602,web_crawl,Twilio,Sr Architect - Emerging Technologies (Fraud Detection and Governance),Remote - US,https://job-boards.greenhouse.io/twilio/jobs/7960476,https://job-boards.greenhouse.io/twilio/jobs/7960476,https://job-boards.greenhouse.io/twilio/jobs/7960476,15,/home/runner/work/job-cv-match-0020/job-cv-match-0020/0020_raw_marti__bayo_alemany_curriculum.pdf,/home/runner/work/job-cv-match-0020/job-cv-match-0020/Marti__Bayo_Alemany_certificates_2020_compressed.pdf,70400-120000 EUR,queued,ok,greenhouse:twilio,eu-global
CRAWL-0603,web_crawl,GitLab,"Staff Backend Engineer, Software Supply Chain Security","Bangalore, India",https://job-boards.greenhouse.io/gitlab/jobs/8480559002,https://job-boards.greenhouse.io/gitlab/jobs/8480559002,https://job-boards.greenhouse.io/gitlab/jobs/8480559002,12,/home/runner/work/job-cv-match-0020/job-cv-match-0020/0020_raw_marti__bayo_alemany_curriculum.pdf,/home/runner/work/job-cv-match-0020/job-cv-match-0020/Marti__Bayo_Alemany_certificates_2020_compressed.pdf,70400-120000 EUR,queued,ok,greenhouse:gitlab,eu-global
CRAWL-0604,web_crawl,GitLab,"Staff Backend Engineer, Architecture Engineering: Nonlinear Productivity","Remote, Canada; Remote, United States",https://job-boards.greenhouse.io/gitlab/jobs/8646544002,https://job-boards.greenhouse.io/gitlab/jobs/8646544002,https://job-boards.greenhouse.io/gitlab/jobs/8646544002,11,/home/runner/work/job-cv-match-0020/job-cv-match-0020/0020_raw_marti__bayo_alemany_curriculum.pdf,/home/runner/work/job-cv-match-0020/job-cv-match-0020/Marti__Bayo_Alemany_certificates_2020_compressed.pdf,70400-120000 EUR,queued,ok,greenhouse:gitlab,eu-global
CRAWL-0605,web_crawl,Airbnb,"Software Engineer, Guest & Host - Notifications","Beijing, China",https://careers.airbnb.com/positions/7725256?gh_jid=7725256,https://careers.airbnb.com/positions/7725256?gh_jid=7725256,https://careers.airbnb.com/positions/7725256?gh_jid=7725256,10,/home/runner/work/job-cv-match-0020/job-cv-match-0020/0020_raw_marti__bayo_alemany_curriculum.pdf,/home/runner/work/job-cv-match-0020/job-cv-match-0020/Marti__Bayo_Alemany_certificates_2020_compressed.pdf,70400-120000 EUR,queued,ok,greenhouse:airbnb,eu-global
CRAWL-0606,web_crawl,Airbnb,"Software Engineer, Infrastructure",Remote - USA or Canada,https://careers.airbnb.com/positions/8037090?gh_jid=8037090,https://careers.airbnb.com/positions/8037090?gh_jid=8037090,https://careers.airbnb.com/positions/8037090?gh_jid=8037090,10,/home/runner/work/job-cv-match-0020/job-cv-match-0020/0020_raw_marti__bayo_alemany_curriculum.pdf,/home/runner/work/job-cv-match-0020/job-cv-match-0020/Marti__Bayo_Alemany_certificates_2020_compressed.pdf,70400-120000 EUR,queued,ok,greenhouse:airbnb,eu-global
CRAWL-0607,web_crawl,Airbnb,"Software Engineer, Quality Platform",Brazil,https://careers.airbnb.com/positions/8077506?gh_jid=8077506,https://careers.airbnb.com/positions/8077506?gh_jid=8077506,https://careers.airbnb.com/positions/8077506?gh_jid=8077506,10,/home/runner/work/job-cv-match-0020/job-cv-match-0020/0020_raw_marti__bayo_alemany_curriculum.pdf,/home/runner/work/job-cv-match-0020/job-cv-match-0020/Marti__Bayo_Alemany_certificates_2020_compressed.pdf,70400-120000 EUR,queued,ok,greenhouse:airbnb,eu-global
CRAWL-0608,web_crawl,Airtable,"Software Engineer, Compute (8+ YOE)","San Francisco, CA; New York, NY; Remote - US",https://job-boards.greenhouse.io/airtable/jobs/8442397002,https://job-boards.greenhouse.io/airtable/jobs/8442397002,https://job-boards.greenhouse.io/airtable/jobs/8442397002,10,/home/runner/work/job-cv-match-0020/job-cv-match-0020/0020_raw_marti__bayo_alemany_curriculum.pdf,/home/runner/work/job-cv-match-0020/job-cv-match-0020/Marti__Bayo_Alemany_certificates_2020_compressed.pdf,70400-120000 EUR,queued,ok,greenhouse:airtable,eu-global
CRAWL-0609,web_crawl,Airtable,"Software Engineer, Data","San Francisco, CA; Austin, TX; New York, NY",https://job-boards.greenhouse.io/airtable/jobs/8124953002,https://job-boards.greenhouse.io/airtable/jobs/8124953002,https://job-boards.greenhouse.io/airtable/jobs/8124953002,10,/home/runner/work/job-cv-match-0020/job-cv-match-0020/0020_raw_marti__bayo_alemany_curriculum.pdf,/home/runner/work/job-cv-match-0020/job-cv-match-0020/Marti__Bayo_Alemany_certificates_2020_compressed.pdf,70400-120000 EUR,queued,ok,greenhouse:airtable,eu-global
CRAWL-0610,web_crawl,Airtable,"Software Engineer, Infrastructure (4-8 YOE)","San Francisco, CA; New York, NY; Seattle, WA",https://job-boards.greenhouse.io/airtable/jobs/8400373002,https://job-boards.greenhouse.io/airtable/jobs/8400373002,https://job-boards.greenhouse.io/airtable/jobs/8400373002,10,/home/runner/work/job-cv-match-0020/job-cv-match-0020/0020_raw_marti__bayo_alemany_curriculum.pdf,/home/runner/work/job-cv-match-0020/job-cv-match-0020/Marti__Bayo_Alemany_certificates_2020_compressed.pdf,70400-120000 EUR,queued,ok,greenhouse:airtable,eu-global
CRAWL-0611,web_crawl,Airtable,"Software Engineer, Infrastructure (8+ YOE)","San Francisco, CA; New York, NY; Remote - US (Seattle, WA only)",https://job-boards.greenhouse.io/airtable/jobs/8400388002,https://job-boards.greenhouse.io/airtable/jobs/8400388002,https://job-boards.greenhouse.io/airtable/jobs/8400388002,10,/home/runner/work/job-cv-match-0020/job-cv-match-0020/0020_raw_marti__bayo_alemany_curriculum.pdf,/home/runner/work/job-cv-match-0020/job-cv-match-0020/Marti__Bayo_Alemany_certificates_2020_compressed.pdf,70400-120000 EUR,queued,ok,greenhouse:airtable,eu-global
CRAWL-0612,web_crawl,Airtable,"Software Engineer, Product Backend (8+ YOE)","San Francisco, CA; New York, NY",https://job-boards.greenhouse.io/airtable/jobs/8397618002,https://job-boards.greenhouse.io/airtable/jobs/8397618002,https://job-boards.greenhouse.io/airtable/jobs/8397618002,10,/home/runner/work/job-cv-match-0020/job-cv-match-0020/0020_raw_marti__bayo_alemany_curriculum.pdf,/home/runner/work/job-cv-match-0020/job-cv-match-0020/Marti__Bayo_Alemany_certificates_2020_compressed.pdf,70400-120000 EUR,queued,ok,greenhouse:airtable,eu-global
CRAWL-0613,web_crawl,Airtable,"Software Engineer, Product Frontend (8+ YOE)","San Francisco, CA; New York, NY",https://job-boards.greenhouse.io/airtable/jobs/8397228002,https://job-boards.greenhouse.io/airtable/jobs/8397228002,https://job-boards.greenhouse.io/airtable/jobs/8397228002,10,/home/runner/work/job-cv-match-0020/job-cv-match-0020/0020_raw_marti__bayo_alemany_curriculum.pdf,/home/runner/work/job-cv-match-0020/job-cv-match-0020/Marti__Bayo_Alemany_certificates_2020_compressed.pdf,70400-120000 EUR,queued,ok,greenhouse:airtable,eu-global
CRAWL-0614,web_crawl,Asana,Backend Software Engineer,Reykjavík,https://www.asana.com/jobs/apply/7964297?gh_jid=7964297,https://www.asana.com/jobs/apply/7964297?gh_jid=7964297,https://www.asana.com/jobs/apply/7964297?gh_jid=7964297,10,/home/runner/work/job-cv-match-0020/job-cv-match-0020/0020_raw_marti__bayo_alemany_curriculum.pdf,/home/runner/work/job-cv-match-0020/job-cv-match-0020/Marti__Bayo_Alemany_certificates_2020_compressed.pdf,70400-120000 EUR,queued,ok,greenhouse:asana,eu-global
CRAWL-0615,web_crawl,Asana,Software Engineer,New York City,https://www.asana.com/jobs/apply/7961475?gh_jid=7961475,https://www.asana.com/jobs/apply/7961475?gh_jid=7961475,https://www.asana.com/jobs/apply/7961475?gh_jid=7961475,10,/home/runner/work/job-cv-match-0020/job-cv-match-0020/0020_raw_marti__bayo_alemany_curriculum.pdf,/home/runner/work/job-cv-match-0020/job-cv-match-0020/Marti__Bayo_Alemany_certificates_2020_compressed.pdf,70400-120000 EUR,queued,ok,greenhouse:asana,eu-global
CRAWL-0616,web_crawl,Asana,"Software Engineer, AI Developer Experience",New York City,https://www.asana.com/jobs/apply/7964275?gh_jid=7964275,https://www.asana.com/jobs/apply/7964275?gh_jid=7964275,https://www.asana.com/jobs/apply/7964275?gh_jid=7964275,10,/home/runner/work/job-cv-match-0020/job-cv-match-0020/0020_raw_marti__bayo_alemany_curriculum.pdf,/home/runner/work/job-cv-match-0020/job-cv-match-0020/Marti__Bayo_Alemany_certificates_2020_compressed.pdf,70400-120000 EUR,queued,ok,greenhouse:asana,eu-global
CRAWL-0617,web_crawl,Asana,"Software Engineer, Android",Warsaw,https://www.asana.com/jobs/apply/6200340?gh_jid=6200340,https://www.asana.com/jobs/apply/6200340?gh_jid=6200340,https://www.asana.com/jobs/apply/6200340?gh_jid=6200340,10,/home/runner/work/job-cv-match-0020/job-cv-match-0020/0020_raw_marti__bayo_alemany_curriculum.pdf,/home/runner/work/job-cv-match-0020/job-cv-match-0020/Marti__Bayo_Alemany_certificates_2020_compressed.pdf,70400-120000 EUR,queued,ok,greenhouse:asana,eu-global
CRAWL-0618,web_crawl,Asana,"Software Engineer, APIs","Vancouver, BC",https://www.asana.com/jobs/apply/7968162?gh_jid=7968162,https://www.asana.com/jobs/apply/7968162?gh_jid=7968162,https://www.asana.com/jobs/apply/7968162?gh_jid=7968162,10,/home/runner/work/job-cv-match-0020/job-cv-match-0020/0020_raw_marti__bayo_alemany_curriculum.pdf,/home/runner/work/job-cv-match-0020/job-cv-match-0020/Marti__Bayo_Alemany_certificates_2020_compressed.pdf,70400-120000 EUR,queued,ok,greenhouse:asana,eu-global
CRAWL-0619,web_crawl,Asana,"Software Engineer, Communications Integrations","Vancouver, BC",https://www.asana.com/jobs/apply/7979618?gh_jid=7979618,https://www.asana.com/jobs/apply/7979618?gh_jid=7979618,https://www.asana.com/jobs/apply/7979618?gh_jid=7979618,10,/home/runner/work/job-cv-match-0020/job-cv-match-0020/0020_raw_marti__bayo_alemany_curriculum.pdf,/home/runner/work/job-cv-match-0020/job-cv-match-0020/Marti__Bayo_Alemany_certificates_2020_compressed.pdf,70400-120000 EUR,queued,ok,greenhouse:asana,eu-global
CRAWL-0620,web_crawl,Asana,"Software Engineer, Product","Vancouver, BC",https://www.asana.com/jobs/apply/7961454?gh_jid=7961454,https://www.asana.com/jobs/apply/7961454?gh_jid=7961454,https://www.asana.com/jobs/apply/7961454?gh_jid=7961454,10,/home/runner/work/job-cv-match-0020/job-cv-match-0020/0020_raw_marti__bayo_alemany_curriculum.pdf,/home/runner/work/job-cv-match-0020/job-cv-match-0020/Marti__Bayo_Alemany_certificates_2020_compressed.pdf,70400-120000 EUR,queued,ok,greenhouse:asana,eu-global
CRAWL-0621,web_crawl,Brex,"Software Engineer II, Backend","New York, New York, United States",https://www.brex.com/careers/8536424002?gh_jid=8536424002,https://www.brex.com/careers/8536424002?gh_jid=8536424002,https://www.brex.com/careers/8536424002?gh_jid=8536424002,10,/home/runner/work/job-cv-match-0020/job-cv-match-0020/0020_raw_marti__bayo_alemany_curriculum.pdf,/home/runner/work/job-cv-match-0020/job-cv-match-0020/Marti__Bayo_Alemany_certificates_2020_compressed.pdf,70400-120000 EUR,queued,ok,greenhouse:brex,eu-global
CRAWL-0622,web_crawl,Brex,"Software Engineer II, Backend","São Paulo, São Paulo, Brazil",https://www.brex.com/careers/8545586002?gh_jid=8545586002,https://www.brex.com/careers/8545586002?gh_jid=8545586002,https://www.brex.com/careers/8545586002?gh_jid=8545586002,10,/home/runner/work/job-cv-match-0020/job-cv-match-0020/0020_raw_marti__bayo_alemany_curriculum.pdf,/home/runner/work/job-cv-match-0020/job-cv-match-0020/Marti__Bayo_Alemany_certificates_2020_compressed.pdf,70400-120000 EUR,queued,ok,greenhouse:brex,eu-global
CRAWL-0623,web_crawl,Brex,"Software Engineer II, Backend","Vancouver, British Columbia, Canada",https://www.brex.com/careers/8603327002?gh_jid=8603327002,https://www.brex.com/careers/8603327002?gh_jid=8603327002,https://www.brex.com/careers/8603327002?gh_jid=8603327002,10,/home/runner/work/job-cv-match-0020/job-cv-match-0020/0020_raw_marti__bayo_alemany_curriculum.pdf,/home/runner/work/job-cv-match-0020/job-cv-match-0020/Marti__Bayo_Alemany_certificates_2020_compressed.pdf,70400-120000 EUR,queued,ok,greenhouse:brex,eu-global
CRAWL-0624,web_crawl,Brex,"Software Engineer II, Backend","San Francisco, California, United States",https://www.brex.com/careers/8459783002?gh_jid=8459783002,https://www.brex.com/careers/8459783002?gh_jid=8459783002,https://www.brex.com/careers/8459783002?gh_jid=8459783002,10,/home/runner/work/job-cv-match-0020/job-cv-match-0020/0020_raw_marti__bayo_alemany_curriculum.pdf,/home/runner/work/job-cv-match-0020/job-cv-match-0020/Marti__Bayo_Alemany_certificates_2020_compressed.pdf,70400-120000 EUR,queued,ok,greenhouse:brex,eu-global
CRAWL-0625,web_crawl,Brex,"Software Engineer II, Cloud Infrastructure","São Paulo, São Paulo, Brazil",https://www.brex.com/careers/8587789002?gh_jid=8587789002,https://www.brex.com/careers/8587789002?gh_jid=8587789002,https://www.brex.com/careers/8587789002?gh_jid=8587789002,10,/home/runner/work/job-cv-match-0020/job-cv-match-0020/0020_raw_marti__bayo_alemany_curriculum.pdf,/home/runner/work/job-cv-match-0020/job-cv-match-0020/Marti__Bayo_Alemany_certificates_2020_compressed.pdf,70400-120000 EUR,queued,ok,greenhouse:brex,eu-global
CRAWL-0626,web_crawl,Brex,"Software Engineer II, Frontend","São Paulo, São Paulo, Brazil",https://www.brex.com/careers/8310523002?gh_jid=8310523002,https://www.brex.com/careers/8310523002?gh_jid=8310523002,https://www.brex.com/careers/8310523002?gh_jid=8310523002,10,/home/runner/work/job-cv-match-0020/job-cv-match-0020/0020_raw_marti__bayo_alemany_curriculum.pdf,/home/runner/work/job-cv-match-0020/job-cv-match-0020/Marti__Bayo_Alemany_certificates_2020_compressed.pdf,70400-120000 EUR,queued,ok,greenhouse:brex,eu-global
CRAWL-0627,web_crawl,Brex,"Software Engineer II, Product","São Paulo, São Paulo, Brazil",https://www.brex.com/careers/8524941002?gh_jid=8524941002,https://www.brex.com/careers/8524941002?gh_jid=8524941002,https://www.brex.com/careers/8524941002?gh_jid=8524941002,10,/home/runner/work/job-cv-match-0020/job-cv-match-0020/0020_raw_marti__bayo_alemany_curriculum.pdf,/home/runner/work/job-cv-match-0020/job-cv-match-0020/Marti__Bayo_Alemany_certificates_2020_compressed.pdf,70400-120000 EUR,queued,ok,greenhouse:brex,eu-global
CRAWL-0628,web_crawl,Brex,"Software Engineer, Forward Deployed Agent Builder","New York, New York, United States",https://www.brex.com/careers/8523177002?gh_jid=8523177002,https://www.brex.com/careers/8523177002?gh_jid=8523177002,https://www.brex.com/careers/8523177002?gh_jid=8523177002,10,/home/runner/work/job-cv-match-0020/job-cv-match-0020/0020_raw_marti__bayo_alemany_curriculum.pdf,/home/runner/work/job-cv-match-0020/job-cv-match-0020/Marti__Bayo_Alemany_certificates_2020_compressed.pdf,70400-120000 EUR,queued,ok,greenhouse:brex,eu-global
CRAWL-0629,web_crawl,Brex,"Software Engineer, Forward Deployed Agent Builder","Vancouver, British Columbia, Canada",https://www.brex.com/careers/8523430002?gh_jid=8523430002,https://www.brex.com/careers/8523430002?gh_jid=8523430002,https://www.brex.com/careers/8523430002?gh_jid=8523430002,10,/home/runner/work/job-cv-match-0020/job-cv-match-0020/0020_raw_marti__bayo_alemany_curriculum.pdf,/home/runner/work/job-cv-match-0020/job-cv-match-0020/Marti__Bayo_Alemany_certificates_2020_compressed.pdf,70400-120000 EUR,queued,ok,greenhouse:brex,eu-global
CRAWL-0630,web_crawl,Brex,"Software Engineer, Forward Deployed Agent Builder","Seattle, Washington, United States",https://www.brex.com/careers/8523205002?gh_jid=8523205002,https://www.brex.com/careers/8523205002?gh_jid=8523205002,https://www.brex.com/careers/8523205002?gh_jid=8523205002,10,/home/runner/work/job-cv-match-0020/job-cv-match-0020/0020_raw_marti__bayo_alemany_curriculum.pdf,/home/runner/work/job-cv-match-0020/job-cv-match-0020/Marti__Bayo_Alemany_certificates_2020_compressed.pdf,70400-120000 EUR,queued,ok,greenhouse:brex,eu-global
CRAWL-0631,web_crawl,Brex,"Software Engineer, Forward Deployed Agent Builder","San Francisco, California, United States",https://www.brex.com/careers/8523203002?gh_jid=8523203002,https://www.brex.com/careers/8523203002?gh_jid=8523203002,https://www.brex.com/careers/8523203002?gh_jid=8523203002,10,/home/runner/work/job-cv-match-0020/job-cv-match-0020/0020_raw_marti__bayo_alemany_curriculum.pdf,/home/runner/work/job-cv-match-0020/job-cv-match-0020/Marti__Bayo_Alemany_certificates_2020_compressed.pdf,70400-120000 EUR,queued,ok,greenhouse:brex,eu-global
CRAWL-0632,web_crawl,Brex,"Software Engineer, Forward Deployed Agent Builder","São Paulo, São Paulo, Brazil",https://www.brex.com/careers/8523435002?gh_jid=8523435002,https://www.brex.com/careers/8523435002?gh_jid=8523435002,https://www.brex.com/careers/8523435002?gh_jid=8523435002,10,/home/runner/work/job-cv-match-0020/job-cv-match-0020/0020_raw_marti__bayo_alemany_curriculum.pdf,/home/runner/work/job-cv-match-0020/job-cv-match-0020/Marti__Bayo_Alemany_certificates_2020_compressed.pdf,70400-120000 EUR,queued,ok,greenhouse:brex,eu-global
CRAWL-0633,web_crawl,Cloudflare,Software Engineer - Network Platforms,Hybrid,https://boards.greenhouse.io/cloudflare/jobs/7541032?gh_jid=7541032,https://boards.greenhouse.io/cloudflare/jobs/7541032?gh_jid=7541032,https://boards.greenhouse.io/cloudflare/jobs/7541032?gh_jid=7541032,10,/home/runner/work/job-cv-match-0020/job-cv-match-0020/0020_raw_marti__bayo_alemany_curriculum.pdf,/home/runner/work/job-cv-match-0020/job-cv-match-0020/Marti__Bayo_Alemany_certificates_2020_compressed.pdf,70400-120000 EUR,queued,ok,greenhouse:cloudflare,eu-global
CRAWL-0634,web_crawl,Cloudflare,"Software Engineer, AI Agents",In-Office,https://boards.greenhouse.io/cloudflare/jobs/7831810?gh_jid=7831810,https://boards.greenhouse.io/cloudflare/jobs/7831810?gh_jid=7831810,https://boards.greenhouse.io/cloudflare/jobs/7831810?gh_jid=7831810,10,/home/runner/work/job-cv-match-0020/job-cv-match-0020/0020_raw_marti__bayo_alemany_curriculum.pdf,/home/runner/work/job-cv-match-0020/job-cv-match-0020/Marti__Bayo_Alemany_certificates_2020_compressed.pdf,70400-120000 EUR,queued,ok,greenhouse:cloudflare,eu-global
CRAWL-0635,web_crawl,Cloudflare,"Software Engineer, Cloudflare Network Interconnect",Hybrid,https://boards.greenhouse.io/cloudflare/jobs/8088751?gh_jid=8088751,https://boards.greenhouse.io/cloudflare/jobs/8088751?gh_jid=8088751,https://boards.greenhouse.io/cloudflare/jobs/8088751?gh_jid=8088751,10,/home/runner/work/job-cv-match-0020/job-cv-match-0020/0020_raw_marti__bayo_alemany_curriculum.pdf,/home/runner/work/job-cv-match-0020/job-cv-match-0020/Marti__Bayo_Alemany_certificates_2020_compressed.pdf,70400-120000 EUR,queued,ok,greenhouse:cloudflare,eu-global
CRAWL-0636,web_crawl,Cloudflare,"Software Engineer, Network Firewall",Hybrid,https://boards.greenhouse.io/cloudflare/jobs/8106815?gh_jid=8106815,https://boards.greenhouse.io/cloudflare/jobs/8106815?gh_jid=8106815,https://boards.greenhouse.io/cloudflare/jobs/8106815?gh_jid=8106815,10,/home/runner/work/job-cv-match-0020/job-cv-match-0020/0020_raw_marti__bayo_alemany_curriculum.pdf,/home/runner/work/job-cv-match-0020/job-cv-match-0020/Marti__Bayo_Alemany_certificates_2020_compressed.pdf,70400-120000 EUR,queued,ok,greenhouse:cloudflare,eu-global
CRAWL-0637,web_crawl,Cloudflare,"Software Engineer, Network Performance & Reliability",Hybrid,https://boards.greenhouse.io/cloudflare/jobs/7446310?gh_jid=7446310,https://boards.greenhouse.io/cloudflare/jobs/7446310?gh_jid=7446310,https://boards.greenhouse.io/cloudflare/jobs/7446310?gh_jid=7446310,10,/home/runner/work/job-cv-match-0020/job-cv-match-0020/0020_raw_marti__bayo_alemany_curriculum.pdf,/home/runner/work/job-cv-match-0020/job-cv-match-0020/Marti__Bayo_Alemany_certificates_2020_compressed.pdf,70400-120000 EUR,queued,ok,greenhouse:cloudflare,eu-global
CRAWL-0638,web_crawl,Cloudflare,"Software Engineer, Realtime",Hybrid,https://boards.greenhouse.io/cloudflare/jobs/7887609?gh_jid=7887609,https://boards.greenhouse.io/cloudflare/jobs/7887609?gh_jid=7887609,https://boards.greenhouse.io/cloudflare/jobs/7887609?gh_jid=7887609,10,/home/runner/work/job-cv-match-0020/job-cv-match-0020/0020_raw_marti__bayo_alemany_curriculum.pdf,/home/runner/work/job-cv-match-0020/job-cv-match-0020/Marti__Bayo_Alemany_certificates_2020_compressed.pdf,70400-120000 EUR,queued,ok,greenhouse:cloudflare,eu-global
CRAWL-0639,web_crawl,Cloudflare,"Software Engineer, Registrar",Hybrid,https://boards.greenhouse.io/cloudflare/jobs/8092731?gh_jid=8092731,https://boards.greenhouse.io/cloudflare/jobs/8092731?gh_jid=8092731,https://boards.greenhouse.io/cloudflare/jobs/8092731?gh_jid=8092731,10,/home/runner/work/job-cv-match-0020/job-cv-match-0020/0020_raw_marti__bayo_alemany_curriculum.pdf,/home/runner/work/job-cv-match-0020/job-cv-match-0020/Marti__Bayo_Alemany_certificates_2020_compressed.pdf,70400-120000 EUR,queued,ok,greenhouse:cloudflare,eu-global
CRAWL-0640,web_crawl,Cloudflare,"Software Engineer, Workers Deploy & Config",In-Office,https://boards.greenhouse.io/cloudflare/jobs/7377424?gh_jid=7377424,https://boards.greenhouse.io/cloudflare/jobs/7377424?gh_jid=7377424,https://boards.greenhouse.io/cloudflare/jobs/7377424?gh_jid=7377424,10,/home/runner/work/job-cv-match-0020/job-cv-match-0020/0020_raw_marti__bayo_alemany_curriculum.pdf,/home/runner/work/job-cv-match-0020/job-cv-match-0020/Marti__Bayo_Alemany_certificates_2020_compressed.pdf,70400-120000 EUR,queued,ok,greenhouse:cloudflare,eu-global
CRAWL-0641,web_crawl,Cloudflare,"Threat Intelligence Software Engineer, Cloudforce One",Hybrid,https://boards.greenhouse.io/cloudflare/jobs/7309174?gh_jid=7309174,https://boards.greenhouse.io/cloudflare/jobs/7309174?gh_jid=7309174,https://boards.greenhouse.io/cloudflare/jobs/7309174?gh_jid=7309174,10,/home/runner/work/job-cv-match-0020/job-cv-match-0020/0020_raw_marti__bayo_alemany_curriculum.pdf,/home/runner/work/job-cv-match-0020/job-cv-match-0020/Marti__Bayo_Alemany_certificates_2020_compressed.pdf,70400-120000 EUR,queued,ok,greenhouse:cloudflare,eu-global
CRAWL-0642,web_crawl,Coinbase,Software Engineer,"Charlotte, NC",https://www.coinbase.com/careers/positions/8003605?gh_jid=8003605,https://www.coinbase.com/careers/positions/8003605?gh_jid=8003605,https://www.coinbase.com/careers/positions/8003605?gh_jid=8003605,10,/home/runner/work/job-cv-match-0020/job-cv-match-0020/0020_raw_marti__bayo_alemany_curriculum.pdf,/home/runner/work/job-cv-match-0020/job-cv-match-0020/Marti__Bayo_Alemany_certificates_2020_compressed.pdf,70400-120000 EUR,queued,ok,greenhouse:coinbase,eu-global
CRAWL-0643,web_crawl,Coinbase,"Software Engineer, CDP - Stablecoin",Remote - Canada,https://www.coinbase.com/careers/positions/8092485?gh_jid=8092485,https://www.coinbase.com/careers/positions/8092485?gh_jid=8092485,https://www.coinbase.com/careers/positions/8092485?gh_jid=8092485,10,/home/runner/work/job-cv-match-0020/job-cv-match-0020/0020_raw_marti__bayo_alemany_curriculum.pdf,/home/runner/work/job-cv-match-0020/job-cv-match-0020/Marti__Bayo_Alemany_certificates_2020_compressed.pdf,70400-120000 EUR,queued,ok,greenhouse:coinbase,eu-global
CRAWL-0644,web_crawl,Coinbase,"Software Engineer, Developer Infrastructure",Remote - USA,https://www.coinbase.com/careers/positions/8022068?gh_jid=8022068,https://www.coinbase.com/careers/positions/8022068?gh_jid=8022068,https://www.coinbase.com/careers/positions/8022068?gh_jid=8022068,10,/home/runner/work/job-cv-match-0020/job-cv-match-0020/0020_raw_marti__bayo_alemany_curriculum.pdf,/home/runner/work/job-cv-match-0020/job-cv-match-0020/Marti__Bayo_Alemany_certificates_2020_compressed.pdf,70400-120000 EUR,queued,ok,greenhouse:coinbase,eu-global
CRAWL-0645,web_crawl,Coinbase,"Software Engineer, EAA",Remote - Brazil,https://www.coinbase.com/careers/positions/8100066?gh_jid=8100066,https://www.coinbase.com/careers/positions/8100066?gh_jid=8100066,https://www.coinbase.com/careers/positions/8100066?gh_jid=8100066,10,/home/runner/work/job-cv-match-0020/job-cv-match-0020/0020_raw_marti__bayo_alemany_curriculum.pdf,/home/runner/work/job-cv-match-0020/job-cv-match-0020/Marti__Bayo_Alemany_certificates_2020_compressed.pdf,70400-120000 EUR,queued,ok,greenhouse:coinbase,eu-global
CRAWL-0646,web_crawl,Coinbase,"Software Engineer, EAA Integrations",Remote - India,https://www.coinbase.com/careers/positions/7558051?gh_jid=7558051,https://www.coinbase.com/careers/positions/7558051?gh_jid=7558051,https://www.coinbase.com/careers/positions/7558051?gh_jid=7558051,10,/home/runner/work/job-cv-match-0020/job-cv-match-0020/0020_raw_marti__bayo_alemany_curriculum.pdf,/home/runner/work/job-cv-match-0020/job-cv-match-0020/Marti__Bayo_Alemany_certificates_2020_compressed.pdf,70400-120000 EUR,queued,ok,greenhouse:coinbase,eu-global
CRAWL-0647,web_crawl,Coinbase,"Software Engineer, Enterprise Apps",Remote - Brazil,https://www.coinbase.com/careers/positions/8024814?gh_jid=8024814,https://www.coinbase.com/careers/positions/8024814?gh_jid=8024814,https://www.coinbase.com/careers/positions/8024814?gh_jid=8024814,10,/home/runner/work/job-cv-match-0020/job-cv-match-0020/0020_raw_marti__bayo_alemany_curriculum.pdf,/home/runner/work/job-cv-match-0020/job-cv-match-0020/Marti__Bayo_Alemany_certificates_2020_compressed.pdf,70400-120000 EUR,queued,ok,greenhouse:coinbase,eu-global
CRAWL-0648,web_crawl,Discord,"Software Engineer, Data Platform",San Francisco Bay Area,https://job-boards.greenhouse.io/discord/jobs/8396927002,https://job-boards.greenhouse.io/discord/jobs/8396927002,https://job-boards.greenhouse.io/discord/jobs/8396927002,10,/home/runner/work/job-cv-match-0020/job-cv-match-0020/0020_raw_marti__bayo_alemany_curriculum.pdf,/home/runner/work/job-cv-match-0020/job-cv-match-0020/Marti__Bayo_Alemany_certificates_2020_compressed.pdf,70400-120000 EUR,queued,ok,greenhouse:discord,eu-global
CRAWL-0649,web_crawl,Discord,"Software Engineer, Developer Success",San Francisco Bay Area,https://job-boards.greenhouse.io/discord/jobs/8609250002,https://job-boards.greenhouse.io/discord/jobs/8609250002,https://job-boards.greenhouse.io/discord/jobs/8609250002,10,/home/runner/work/job-cv-match-0020/job-cv-match-0020/0020_raw_marti__bayo_alemany_curriculum.pdf,/home/runner/work/job-cv-match-0020/job-cv-match-0020/Marti__Bayo_Alemany_certificates_2020_compressed.pdf,70400-120000 EUR,queued,ok,greenhouse:discord,eu-global
CRAWL-0650,web_crawl,Discord,"Software Engineer, Distributed Systems",San Francisco Bay Area,https://job-boards.greenhouse.io/discord/jobs/8545663002,https://job-boards.greenhouse.io/discord/jobs/8545663002,https://job-boards.greenhouse.io/discord/jobs/8545663002,10,/home/runner/work/job-cv-match-0020/job-cv-match-0020/0020_raw_marti__bayo_alemany_curriculum.pdf,/home/runner/work/job-cv-match-0020/job-cv-match-0020/Marti__Bayo_Alemany_certificates_2020_compressed.pdf,70400-120000 EUR,queued,ok,greenhouse:discord,eu-global
CRAWL-0651,web_crawl,Discord,"Software Engineer, Notifications",San Francisco Bay Area,https://job-boards.greenhouse.io/discord/jobs/8642220002,https://job-boards.greenhouse.io/discord/jobs/8642220002,https://job-boards.greenhouse.io/discord/jobs/8642220002,10,/home/runner/work/job-cv-match-0020/job-cv-match-0020/0020_raw_marti__bayo_alemany_curriculum.pdf,/home/runner/work/job-cv-match-0020/job-cv-match-0020/Marti__Bayo_Alemany_certificates_2020_compressed.pdf,70400-120000 EUR,queued,ok,greenhouse:discord,eu-global
CRAWL-0652,web_crawl,Dropbox,Infrastructure Software Engineer,Remote - Poland,https://jobs.dropbox.com/listing/6330377?gh_jid=6330377,https://jobs.dropbox.com/listing/6330377?gh_jid=6330377,https://jobs.dropbox.com/listing/6330377?gh_jid=6330377,10,/home/runner/work/job-cv-match-0020/job-cv-match-0020/0020_raw_marti__bayo_alemany_curriculum.pdf,/home/runner/work/job-cv-match-0020/job-cv-match-0020/Marti__Bayo_Alemany_certificates_2020_compressed.pdf,70400-120000 EUR,queued,ok,greenhouse:dropbox,eu-global
CRAWL-0653,web_crawl,Dropbox,"Infrastructure Software Engineer, Metadata Core",Remote - Poland,https://jobs.dropbox.com/listing/7958409?gh_jid=7958409,https://jobs.dropbox.com/listing/7958409?gh_jid=7958409,https://jobs.dropbox.com/listing/7958409?gh_jid=7958409,10,/home/runner/work/job-cv-match-0020/job-cv-match-0020/0020_raw_marti__bayo_alemany_curriculum.pdf,/home/runner/work/job-cv-match-0020/job-cv-match-0020/Marti__Bayo_Alemany_certificates_2020_compressed.pdf,70400-120000 EUR,queued,ok,greenhouse:dropbox,eu-global
CRAWL-0654,web_crawl,Dropbox,"Staff Fullstack Software Engineer, Core Performance",Remote - US: All locations,https://jobs.dropbox.com/listing/7421149?gh_jid=7421149,https://jobs.dropbox.com/listing/7421149?gh_jid=7421149,https://jobs.dropbox.com/listing/7421149?gh_jid=7421149,10,/home/runner/work/job-cv-match-0020/job-cv-match-0020/0020_raw_marti__bayo_alemany_curriculum.pdf,/home/runner/work/job-cv-match-0020/job-cv-match-0020/Marti__Bayo_Alemany_certificates_2020_compressed.pdf,70400-120000 EUR,queued,ok,greenhouse:dropbox,eu-global
CRAWL-0655,web_crawl,Dropbox,"Staff Fullstack Software Engineer, Core Performance",Remote - Canada: Select locations,https://jobs.dropbox.com/listing/7421153?gh_jid=7421153,https://jobs.dropbox.com/listing/7421153?gh_jid=7421153,https://jobs.dropbox.com/listing/7421153?gh_jid=7421153,10,/home/runner/work/job-cv-match-0020/job-cv-match-0020/0020_raw_marti__bayo_alemany_curriculum.pdf,/home/runner/work/job-cv-match-0020/job-cv-match-0020/Marti__Bayo_Alemany_certificates_2020_compressed.pdf,70400-120000 EUR,queued,ok,greenhouse:dropbox,eu-global
CRAWL-0656,web_crawl,Elastic,Software Engineer II - Full Stack - Web Engineering,Ireland,https://jobs.elastic.co/jobs?gh_jid=8097064&gh_jid=8097064,https://jobs.elastic.co/jobs?gh_jid=8097064&gh_jid=8097064,https://jobs.elastic.co/jobs?gh_jid=8097064&gh_jid=8097064,10,/home/runner/work/job-cv-match-0020/job-cv-match-0020/0020_raw_marti__bayo_alemany_curriculum.pdf,/home/runner/work/job-cv-match-0020/job-cv-match-0020/Marti__Bayo_Alemany_certificates_2020_compressed.pdf,70400-120000 EUR,queued,ok,greenhouse:elastic,eu-global
CRAWL-0657,web_crawl,Elastic,Software Engineer II - Full Stack - Web Engineering,Portugal,https://jobs.elastic.co/jobs?gh_jid=8080260&gh_jid=8080260,https://jobs.elastic.co/jobs?gh_jid=8080260&gh_jid=8080260,https://jobs.elastic.co/jobs?gh_jid=8080260&gh_jid=8080260,10,/home/runner/work/job-cv-match-0020/job-cv-match-0020/0020_raw_marti__bayo_alemany_curriculum.pdf,/home/runner/work/job-cv-match-0020/job-cv-match-0020/Marti__Bayo_Alemany_certificates_2020_compressed.pdf,70400-120000 EUR,queued,ok,greenhouse:elastic,eu-global
CRAWL-0658,web_crawl,Elastic,Software Engineer II - Full Stack - Web Engineering,Spain,https://jobs.elastic.co/jobs?gh_jid=8080263&gh_jid=8080263,https://jobs.elastic.co/jobs?gh_jid=8080263&gh_jid=8080263,https://jobs.elastic.co/jobs?gh_jid=8080263&gh_jid=8080263,10,/home/runner/work/job-cv-match-0020/job-cv-match-0020/0020_raw_marti__bayo_alemany_curriculum.pdf,/home/runner/work/job-cv-match-0020/job-cv-match-0020/Marti__Bayo_Alemany_certificates_2020_compressed.pdf,70400-120000 EUR,queued,ok,greenhouse:elastic,eu-global
CRAWL-0659,web_crawl,Elastic,Software Engineer II - Full Stack - Web Engineering,Greece,https://jobs.elastic.co/jobs?gh_jid=8080264&gh_jid=8080264,https://jobs.elastic.co/jobs?gh_jid=8080264&gh_jid=8080264,https://jobs.elastic.co/jobs?gh_jid=8080264&gh_jid=8080264,10,/home/runner/work/job-cv-match-0020/job-cv-match-0020/0020_raw_marti__bayo_alemany_curriculum.pdf,/home/runner/work/job-cv-match-0020/job-cv-match-0020/Marti__Bayo_Alemany_certificates_2020_compressed.pdf,70400-120000 EUR,queued,ok,greenhouse:elastic,eu-global
CRAWL-0660,web_crawl,Elastic,Software Engineer II - Platform Infrastructure (Orchestration),Spain,https://jobs.elastic.co/jobs?gh_jid=7976542&gh_jid=7976542,https://jobs.elastic.co/jobs?gh_jid=7976542&gh_jid=7976542,https://jobs.elastic.co/jobs?gh_jid=7976542&gh_jid=7976542,10,/home/runner/work/job-cv-match-0020/job-cv-match-0020/0020_raw_marti__bayo_alemany_curriculum.pdf,/home/runner/work/job-cv-match-0020/job-cv-match-0020/Marti__Bayo_Alemany_certificates_2020_compressed.pdf,70400-120000 EUR,queued,ok,greenhouse:elastic,eu-global
CRAWL-0661,web_crawl,Elastic,Software Engineer II - Platform Infrastructure (Orchestration),Greece,https://jobs.elastic.co/jobs?gh_jid=8025625&gh_jid=8025625,https://jobs.elastic.co/jobs?gh_jid=8025625&gh_jid=8025625,https://jobs.elastic.co/jobs?gh_jid=8025625&gh_jid=8025625,10,/home/runner/work/job-cv-match-0020/job-cv-match-0020/0020_raw_marti__bayo_alemany_curriculum.pdf,/home/runner/work/job-cv-match-0020/job-cv-match-0020/Marti__Bayo_Alemany_certificates_2020_compressed.pdf,70400-120000 EUR,queued,ok,greenhouse:elastic,eu-global
CRAWL-0662,web_crawl,Elastic,Software Engineer II - Platform Infrastructure (Orchestration),Norway,https://jobs.elastic.co/jobs?gh_jid=8025629&gh_jid=8025629,https://jobs.elastic.co/jobs?gh_jid=8025629&gh_jid=8025629,https://jobs.elastic.co/jobs?gh_jid=8025629&gh_jid=8025629,10,/home/runner/work/job-cv-match-0020/job-cv-match-0020/0020_raw_marti__bayo_alemany_curriculum.pdf,/home/runner/work/job-cv-match-0020/job-cv-match-0020/Marti__Bayo_Alemany_certificates_2020_compressed.pdf,70400-120000 EUR,queued,ok,greenhouse:elastic,eu-global
CRAWL-0663,web_crawl,Elastic,Software Engineer II - Platform Infrastructure (Orchestration),Portugal,https://jobs.elastic.co/jobs?gh_jid=8025626&gh_jid=8025626,https://jobs.elastic.co/jobs?gh_jid=8025626&gh_jid=8025626,https://jobs.elastic.co/jobs?gh_jid=8025626&gh_jid=8025626,10,/home/runner/work/job-cv-match-0020/job-cv-match-0020/0020_raw_marti__bayo_alemany_curriculum.pdf,/home/runner/work/job-cv-match-0020/job-cv-match-0020/Marti__Bayo_Alemany_certificates_2020_compressed.pdf,70400-120000 EUR,queued,ok,greenhouse:elastic,eu-global
CRAWL-0664,web_crawl,Figma,"Software Engineer - Figma Weave (Tel Aviv, Israel)","Tel Aviv, Israel",https://boards.greenhouse.io/figma/jobs/6073106004?gh_jid=6073106004,https://boards.greenhouse.io/figma/jobs/6073106004?gh_jid=6073106004,https://boards.greenhouse.io/figma/jobs/6073106004?gh_jid=6073106004,10,/home/runner/work/job-cv-match-0020/job-cv-match-0020/0020_raw_marti__bayo_alemany_curriculum.pdf,/home/runner/work/job-cv-match-0020/job-cv-match-0020/Marti__Bayo_Alemany_certificates_2020_compressed.pdf,70400-120000 EUR,queued,ok,greenhouse:figma,eu-global
CRAWL-0665,web_crawl,Figma,"Software Engineer, AI Platforms","San Francisco, CA • New York, NY • United States",https://boards.greenhouse.io/figma/jobs/5691886004?gh_jid=5691886004,https://boards.greenhouse.io/figma/jobs/5691886004?gh_jid=5691886004,https://boards.greenhouse.io/figma/jobs/5691886004?gh_jid=5691886004,10,/home/runner/work/job-cv-match-0020/job-cv-match-0020/0020_raw_marti__bayo_alemany_curriculum.pdf,/home/runner/work/job-cv-match-0020/job-cv-match-0020/Marti__Bayo_Alemany_certificates_2020_compressed.pdf,70400-120000 EUR,queued,ok,greenhouse:figma,eu-global
CRAWL-0666,web_crawl,Figma,"Software Engineer, AI Product","San Francisco, CA • New York, NY • United States",https://boards.greenhouse.io/figma/jobs/5551730004?gh_jid=5551730004,https://boards.greenhouse.io/figma/jobs/5551730004?gh_jid=5551730004,https://boards.greenhouse.io/figma/jobs/5551730004?gh_jid=5551730004,10,/home/runner/work/job-cv-match-0020/job-cv-match-0020/0020_raw_marti__bayo_alemany_curriculum.pdf,/home/runner/work/job-cv-match-0020/job-cv-match-0020/Marti__Bayo_Alemany_certificates_2020_compressed.pdf,70400-120000 EUR,queued,ok,greenhouse:figma,eu-global
CRAWL-0667,web_crawl,Figma,"Software Engineer, AI Product (London, United Kingdom)","London, England",https://boards.greenhouse.io/figma/jobs/5551697004?gh_jid=5551697004,https://boards.greenhouse.io/figma/jobs/5551697004?gh_jid=5551697004,https://boards.greenhouse.io/figma/jobs/5551697004?gh_jid=5551697004,10,/home/runner/work/job-cv-match-0020/job-cv-match-0020/0020_raw_marti__bayo_alemany_curriculum.pdf,/home/runner/work/job-cv-match-0020/job-cv-match-0020/Marti__Bayo_Alemany_certificates_2020_compressed.pdf,70400-120000 EUR,queued,ok,greenhouse:figma,eu-global
CRAWL-0668,web_crawl,Figma,"Software Engineer, C++","San Francisco, CA • New York, NY • United States",https://boards.greenhouse.io/figma/jobs/5552530004?gh_jid=5552530004,https://boards.greenhouse.io/figma/jobs/5552530004?gh_jid=5552530004,https://boards.greenhouse.io/figma/jobs/5552530004?gh_jid=5552530004,10,/home/runner/work/job-cv-match-0020/job-cv-match-0020/0020_raw_marti__bayo_alemany_curriculum.pdf,/home/runner/work/job-cv-match-0020/job-cv-match-0020/Marti__Bayo_Alemany_certificates_2020_compressed.pdf,70400-120000 EUR,queued,ok,greenhouse:figma,eu-global
CRAWL-0669,web_crawl,Figma,"Software Engineer, Data Infrastructure","San Francisco, CA • New York, NY • United States",https://boards.greenhouse.io/figma/jobs/5551686004?gh_jid=5551686004,https://boards.greenhouse.io/figma/jobs/5551686004?gh_jid=5551686004,https://boards.greenhouse.io/figma/jobs/5551686004?gh_jid=5551686004,10,/home/runner/work/job-cv-match-0020/job-cv-match-0020/0020_raw_marti__bayo_alemany_curriculum.pdf,/home/runner/work/job-cv-match-0020/job-cv-match-0020/Marti__Bayo_Alemany_certificates_2020_compressed.pdf,70400-120000 EUR,queued,ok,greenhouse:figma,eu-global
CRAWL-0670,web_crawl,Figma,"Software Engineer, Developer Experience","San Francisco, CA • New York, NY • United States",https://boards.greenhouse.io/figma/jobs/5790627004?gh_jid=5790627004,https://boards.greenhouse.io/figma/jobs/5790627004?gh_jid=5790627004,https://boards.greenhouse.io/figma/jobs/5790627004?gh_jid=5790627004,10,/home/runner/work/job-cv-match-0020/job-cv-match-0020/0020_raw_marti__bayo_alemany_curriculum.pdf,/home/runner/work/job-cv-match-0020/job-cv-match-0020/Marti__Bayo_Alemany_certificates_2020_compressed.pdf,70400-120000 EUR,queued,ok,greenhouse:figma,eu-global
CRAWL-0671,web_crawl,Figma,"Software Engineer, Distributed Systems","San Francisco, CA • New York, NY • United States",https://boards.greenhouse.io/figma/jobs/5552549004?gh_jid=5552549004,https://boards.greenhouse.io/figma/jobs/5552549004?gh_jid=5552549004,https://boards.greenhouse.io/figma/jobs/5552549004?gh_jid=5552549004,10,/home/runner/work/job-cv-match-0020/job-cv-match-0020/0020_raw_marti__bayo_alemany_curriculum.pdf,/home/runner/work/job-cv-match-0020/job-cv-match-0020/Marti__Bayo_Alemany_certificates_2020_compressed.pdf,70400-120000 EUR,queued,ok,greenhouse:figma,eu-global
CRAWL-0672,web_crawl,Figma,"Software Engineer, Full Stack","San Francisco, CA • New York, NY • United States",https://boards.greenhouse.io/figma/jobs/5691911004?gh_jid=5691911004,https://boards.greenhouse.io/figma/jobs/5691911004?gh_jid=5691911004,https://boards.greenhouse.io/figma/jobs/5691911004?gh_jid=5691911004,10,/home/runner/work/job-cv-match-0020/job-cv-match-0020/0020_raw_marti__bayo_alemany_curriculum.pdf,/home/runner/work/job-cv-match-0020/job-cv-match-0020/Marti__Bayo_Alemany_certificates_2020_compressed.pdf,70400-120000 EUR,queued,ok,greenhouse:figma,eu-global
CRAWL-0673,web_crawl,Figma,"Software Engineer, Graphics & Media","San Francisco, CA • New York, NY • United States",https://boards.greenhouse.io/figma/jobs/5552522004?gh_jid=5552522004,https://boards.greenhouse.io/figma/jobs/5552522004?gh_jid=5552522004,https://boards.greenhouse.io/figma/jobs/5552522004?gh_jid=5552522004,10,/home/runner/work/job-cv-match-0020/job-cv-match-0020/0020_raw_marti__bayo_alemany_curriculum.pdf,/home/runner/work/job-cv-match-0020/job-cv-match-0020/Marti__Bayo_Alemany_certificates_2020_compressed.pdf,70400-120000 EUR,queued,ok,greenhouse:figma,eu-global
CRAWL-0674,web_crawl,Figma,"Software Engineer, Growth & Monetization","San Francisco, CA • New York, NY • United States",https://boards.greenhouse.io/figma/jobs/5552560004?gh_jid=5552560004,https://boards.greenhouse.io/figma/jobs/5552560004?gh_jid=5552560004,https://boards.greenhouse.io/figma/jobs/5552560004?gh_jid=5552560004,10,/home/runner/work/job-cv-match-0020/job-cv-match-0020/0020_raw_marti__bayo_alemany_curriculum.pdf,/home/runner/work/job-cv-match-0020/job-cv-match-0020/Marti__Bayo_Alemany_certificates_2020_compressed.pdf,70400-120000 EUR,queued,ok,greenhouse:figma,eu-global
CRAWL-0675,web_crawl,Figma,"Software Engineer, Machine Learning","San Francisco, CA • New York, NY • United States",https://boards.greenhouse.io/figma/jobs/5551532004?gh_jid=5551532004,https://boards.greenhouse.io/figma/jobs/5551532004?gh_jid=5551532004,https://boards.greenhouse.io/figma/jobs/5551532004?gh_jid=5551532004,10,/home/runner/work/job-cv-match-0020/job-cv-match-0020/0020_raw_marti__bayo_alemany_curriculum.pdf,/home/runner/work/job-cv-match-0020/job-cv-match-0020/Marti__Bayo_Alemany_certificates_2020_compressed.pdf,70400-120000 EUR,queued,ok,greenhouse:figma,eu-global
CRAWL-0676,web_crawl,Figma,"Software Engineer, Mobile Web","San Francisco, CA • New York, NY • United States",https://boards.greenhouse.io/figma/jobs/6100023004?gh_jid=6100023004,https://boards.greenhouse.io/figma/jobs/6100023004?gh_jid=6100023004,https://boards.greenhouse.io/figma/jobs/6100023004?gh_jid=6100023004,10,/home/runner/work/job-cv-match-0020/job-cv-match-0020/0020_raw_marti__bayo_alemany_curriculum.pdf,/home/runner/work/job-cv-match-0020/job-cv-match-0020/Marti__Bayo_Alemany_certificates_2020_compressed.pdf,70400-120000 EUR,queued,ok,greenhouse:figma,eu-global
CRAWL-0677,web_crawl,Figma,"Software Engineer, Production Engineering","San Francisco, CA • New York, NY • United States",https://boards.greenhouse.io/figma/jobs/5551649004?gh_jid=5551649004,https://boards.greenhouse.io/figma/jobs/5551649004?gh_jid=5551649004,https://boards.greenhouse.io/figma/jobs/5551649004?gh_jid=5551649004,10,/home/runner/work/job-cv-match-0020/job-cv-match-0020/0020_raw_marti__bayo_alemany_curriculum.pdf,/home/runner/work/job-cv-match-0020/job-cv-match-0020/Marti__Bayo_Alemany_certificates_2020_compressed.pdf,70400-120000 EUR,queued,ok,greenhouse:figma,eu-global
CRAWL-0678,web_crawl,Figma,"Software Engineer, Production Engineering (London, United Kingdom)","London, England",https://boards.greenhouse.io/figma/jobs/5781928004?gh_jid=5781928004,https://boards.greenhouse.io/figma/jobs/5781928004?gh_jid=5781928004,https://boards.greenhouse.io/figma/jobs/5781928004?gh_jid=5781928004,10,/home/runner/work/job-cv-match-0020/job-cv-match-0020/0020_raw_marti__bayo_alemany_curriculum.pdf,/home/runner/work/job-cv-match-0020/job-cv-match-0020/Marti__Bayo_Alemany_certificates_2020_compressed.pdf,70400-120000 EUR,queued,ok,greenhouse:figma,eu-global
CRAWL-0679,web_crawl,Figma,"Software Engineer, Traffic","San Francisco, CA • New York, NY • United States",https://boards.greenhouse.io/figma/jobs/6102379004?gh_jid=6102379004,https://boards.greenhouse.io/figma/jobs/6102379004?gh_jid=6102379004,https://boards.greenhouse.io/figma/jobs/6102379004?gh_jid=6102379004,10,/home/runner/work/job-cv-match-0020/job-cv-match-0020/0020_raw_marti__bayo_alemany_curriculum.pdf,/home/runner/work/job-cv-match-0020/job-cv-match-0020/Marti__Bayo_Alemany_certificates_2020_compressed.pdf,70400-120000 EUR,queued,ok,greenhouse:figma,eu-global
CRAWL-0680,web_crawl,GitLab,"Principal Product Manager, AI Software Factory","Remote, Canada; Remote, United States",https://job-boards.greenhouse.io/gitlab/jobs/8658878002,https://job-boards.greenhouse.io/gitlab/jobs/8658878002,https://job-boards.greenhouse.io/gitlab/jobs/8658878002,10,/home/runner/work/job-cv-match-0020/job-cv-match-0020/0020_raw_marti__bayo_alemany_curriculum.pdf,/home/runner/work/job-cv-match-0020/job-cv-match-0020/Marti__Bayo_Alemany_certificates_2020_compressed.pdf,70400-120000 EUR,queued,ok,greenhouse:gitlab,eu-global
CRAWL-0681,web_crawl,GitLab,"Staff Backend Engineer (Ruby on Rails/AI), Verify","Remote, United Kingdom",https://job-boards.greenhouse.io/gitlab/jobs/8448283002,https://job-boards.greenhouse.io/gitlab/jobs/8448283002,https://job-boards.greenhouse.io/gitlab/jobs/8448283002,10,/home/runner/work/job-cv-match-0020/job-cv-match-0020/0020_raw_marti__bayo_alemany_curriculum.pdf,/home/runner/work/job-cv-match-0020/job-cv-match-0020/Marti__Bayo_Alemany_certificates_2020_compressed.pdf,70400-120000 EUR,queued,ok,greenhouse:gitlab,eu-global
CRAWL-0682,web_crawl,GitLab,"Staff Backend Engineer (Ruby), AI Engineering: DAP Repository Flows","Remote, Canada; Remote, United States",https://job-boards.greenhouse.io/gitlab/jobs/8646573002,https://job-boards.greenhouse.io/gitlab/jobs/8646573002,https://job-boards.greenhouse.io/gitlab/jobs/8646573002,10,/home/runner/work/job-cv-match-0020/job-cv-match-0020/0020_raw_marti__bayo_alemany_curriculum.pdf,/home/runner/work/job-cv-match-0020/job-cv-match-0020/Marti__Bayo_Alemany_certificates_2020_compressed.pdf,70400-120000 EUR,queued,ok,greenhouse:gitlab,eu-global
CRAWL-0683,web_crawl,Palantir,Backend Software Engineer - Application Development,"London, United Kingdom",https://jobs.lever.co/palantir/10dfc8bc-99ad-4ca2-ab76-853cb90a92c2,https://jobs.lever.co/palantir/10dfc8bc-99ad-4ca2-ab76-853cb90a92c2,https://jobs.lever.co/palantir/10dfc8bc-99ad-4ca2-ab76-853cb90a92c2,10,/home/runner/work/job-cv-match-0020/job-cv-match-0020/0020_raw_marti__bayo_alemany_curriculum.pdf,/home/runner/work/job-cv-match-0020/job-cv-match-0020/Marti__Bayo_Alemany_certificates_2020_compressed.pdf,70400-120000 EUR,queued,ok,lever:palantir,eu-global
CRAWL-0684,web_crawl,Palantir,Backend Software Engineer - Application Development,"New York, NY",https://jobs.lever.co/palantir/ab7e3425-81d5-4705-a7b5-cd60c8a45cdb,https://jobs.lever.co/palantir/ab7e3425-81d5-4705-a7b5-cd60c8a45cdb,https://jobs.lever.co/palantir/ab7e3425-81d5-4705-a7b5-cd60c8a45cdb,10,/home/runner/work/job-cv-match-0020/job-cv-match-0020/0020_raw_marti__bayo_alemany_curriculum.pdf,/home/runner/work/job-cv-match-0020/job-cv-match-0020/Marti__Bayo_Alemany_certificates_2020_compressed.pdf,70400-120000 EUR,queued,ok,lever:palantir,eu-global
CRAWL-0685,web_crawl,Palantir,Backend Software Engineer - Defense,"Washington, D.C.",https://jobs.lever.co/palantir/1345438c-ebfc-4fa5-b545-30c1414f317c,https://jobs.lever.co/palantir/1345438c-ebfc-4fa5-b545-30c1414f317c,https://jobs.lever.co/palantir/1345438c-ebfc-4fa5-b545-30c1414f317c,10,/home/runner/work/job-cv-match-0020/job-cv-match-0020/0020_raw_marti__bayo_alemany_curriculum.pdf,/home/runner/work/job-cv-match-0020/job-cv-match-0020/Marti__Bayo_Alemany_certificates_2020_compressed.pdf,70400-120000 EUR,queued,ok,lever:palantir,eu-global
CRAWL-0686,web_crawl,Palantir,Backend Software Engineer - Defense,"Palo Alto, CA",https://jobs.lever.co/palantir/a8174f9c-6f46-46b4-8e15-d1ff9e37c9eb,https://jobs.lever.co/palantir/a8174f9c-6f46-46b4-8e15-d1ff9e37c9eb,https://jobs.lever.co/palantir/a8174f9c-6f46-46b4-8e15-d1ff9e37c9eb,10,/home/runner/work/job-cv-match-0020/job-cv-match-0020/0020_raw_marti__bayo_alemany_curriculum.pdf,/home/runner/work/job-cv-match-0020/job-cv-match-0020/Marti__Bayo_Alemany_certificates_2020_compressed.pdf,70400-120000 EUR,queued,ok,lever:palantir,eu-global
CRAWL-0687,web_crawl,Palantir,Backend Software Engineer - Defense,"New York, NY",https://jobs.lever.co/palantir/d33e0c31-ac7e-4f57-ba74-36f2df6ae2f5,https://jobs.lever.co/palantir/d33e0c31-ac7e-4f57-ba74-36f2df6ae2f5,https://jobs.lever.co/palantir/d33e0c31-ac7e-4f57-ba74-36f2df6ae2f5,10,/home/runner/work/job-cv-match-0020/job-cv-match-0020/0020_raw_marti__bayo_alemany_curriculum.pdf,/home/runner/work/job-cv-match-0020/job-cv-match-0020/Marti__Bayo_Alemany_certificates_2020_compressed.pdf,70400-120000 EUR,queued,ok,lever:palantir,eu-global
CRAWL-0688,web_crawl,Palantir,Backend Software Engineer - Infrastructure,"New York, NY",https://jobs.lever.co/palantir/6fe5515f-f677-4d98-8ac2-1775a425f5e7,https://jobs.lever.co/palantir/6fe5515f-f677-4d98-8ac2-1775a425f5e7,https://jobs.lever.co/palantir/6fe5515f-f677-4d98-8ac2-1775a425f5e7,10,/home/runner/work/job-cv-match-0020/job-cv-match-0020/0020_raw_marti__bayo_alemany_curriculum.pdf,/home/runner/work/job-cv-match-0020/job-cv-match-0020/Marti__Bayo_Alemany_certificates_2020_compressed.pdf,70400-120000 EUR,queued,ok,lever:palantir,eu-global
CRAWL-0689,web_crawl,Palantir,Backend Software Engineer - Infrastructure,"London, United Kingdom",https://jobs.lever.co/palantir/f70cdff7-c62f-4b73-a136-909e5e3d1891,https://jobs.lever.co/palantir/f70cdff7-c62f-4b73-a136-909e5e3d1891,https://jobs.lever.co/palantir/f70cdff7-c62f-4b73-a136-909e5e3d1891,10,/home/runner/work/job-cv-match-0020/job-cv-match-0020/0020_raw_marti__bayo_alemany_curriculum.pdf,/home/runner/work/job-cv-match-0020/job-cv-match-0020/Marti__Bayo_Alemany_certificates_2020_compressed.pdf,70400-120000 EUR,queued,ok,lever:palantir,eu-global
CRAWL-0690,web_crawl,Palantir,"Backend Software Engineer - Infrastructure, Foundations","New York, NY",https://jobs.lever.co/palantir/fb2d3222-dbd8-4e03-8d39-47b820e9509c,https://jobs.lever.co/palantir/fb2d3222-dbd8-4e03-8d39-47b820e9509c,https://jobs.lever.co/palantir/fb2d3222-dbd8-4e03-8d39-47b820e9509c,10,/home/runner/work/job-cv-match-0020/job-cv-match-0020/0020_raw_marti__bayo_alemany_curriculum.pdf,/home/runner/work/job-cv-match-0020/job-cv-match-0020/Marti__Bayo_Alemany_certificates_2020_compressed.pdf,70400-120000 EUR,queued,ok,lever:palantir,eu-global
CRAWL-0691,web_crawl,Palantir,Forward Deployed Software Engineer,"Seoul, South Korea",https://jobs.lever.co/palantir/1bb19522-3936-4adc-9ced-c3df8b5900b9,https://jobs.lever.co/palantir/1bb19522-3936-4adc-9ced-c3df8b5900b9,https://jobs.lever.co/palantir/1bb19522-3936-4adc-9ced-c3df8b5900b9,10,/home/runner/work/job-cv-match-0020/job-cv-match-0020/0020_raw_marti__bayo_alemany_curriculum.pdf,/home/runner/work/job-cv-match-0020/job-cv-match-0020/Marti__Bayo_Alemany_certificates_2020_compressed.pdf,70400-120000 EUR,queued,ok,lever:palantir,eu-global
CRAWL-0692,web_crawl,Palantir,Forward Deployed Software Engineer,"Amsterdam, Netherlands",https://jobs.lever.co/palantir/492a16bb-6b9f-457e-82c3-294e1a2c565d,https://jobs.lever.co/palantir/492a16bb-6b9f-457e-82c3-294e1a2c565d,https://jobs.lever.co/palantir/492a16bb-6b9f-457e-82c3-294e1a2c565d,10,/home/runner/work/job-cv-match-0020/job-cv-match-0020/0020_raw_marti__bayo_alemany_curriculum.pdf,/home/runner/work/job-cv-match-0020/job-cv-match-0020/Marti__Bayo_Alemany_certificates_2020_compressed.pdf,70400-120000 EUR,queued,ok,lever:palantir,eu-global
CRAWL-0693,web_crawl,Palantir,Forward Deployed Software Engineer,"London, United Kingdom",https://jobs.lever.co/palantir/5168e8fd-fec1-4fea-b7a1-81bdaea65850,https://jobs.lever.co/palantir/5168e8fd-fec1-4fea-b7a1-81bdaea65850,https://jobs.lever.co/palantir/5168e8fd-fec1-4fea-b7a1-81bdaea65850,10,/home/runner/work/job-cv-match-0020/job-cv-match-0020/0020_raw_marti__bayo_alemany_curriculum.pdf,/home/runner/work/job-cv-match-0020/job-cv-match-0020/Marti__Bayo_Alemany_certificates_2020_compressed.pdf,70400-120000 EUR,queued,ok,lever:palantir,eu-global
CRAWL-0694,web_crawl,Palantir,Forward Deployed Software Engineer,"Dubai, United Arab Emirates",https://jobs.lever.co/palantir/8148182c-6127-4689-b615-7815a94173bb,https://jobs.lever.co/palantir/8148182c-6127-4689-b615-7815a94173bb,https://jobs.lever.co/palantir/8148182c-6127-4689-b615-7815a94173bb,10,/home/runner/work/job-cv-match-0020/job-cv-match-0020/0020_raw_marti__bayo_alemany_curriculum.pdf,/home/runner/work/job-cv-match-0020/job-cv-match-0020/Marti__Bayo_Alemany_certificates_2020_compressed.pdf,70400-120000 EUR,queued,ok,lever:palantir,eu-global
CRAWL-0695,web_crawl,Palantir,Forward Deployed Software Engineer,"Abu Dhabi, United Arab Emirates",https://jobs.lever.co/palantir/90aa8748-3fef-4e2b-9ea9-c4dc5f37f0d2,https://jobs.lever.co/palantir/90aa8748-3fef-4e2b-9ea9-c4dc5f37f0d2,https://jobs.lever.co/palantir/90aa8748-3fef-4e2b-9ea9-c4dc5f37f0d2,10,/home/runner/work/job-cv-match-0020/job-cv-match-0020/0020_raw_marti__bayo_alemany_curriculum.pdf,/home/runner/work/job-cv-match-0020/job-cv-match-0020/Marti__Bayo_Alemany_certificates_2020_compressed.pdf,70400-120000 EUR,queued,ok,lever:palantir,eu-global
CRAWL-0696,web_crawl,Palantir,Forward Deployed Software Engineer,"Vilnius, Lithuania",https://jobs.lever.co/palantir/98b81271-9e15-40b7-8dce-0c62f24702f9,https://jobs.lever.co/palantir/98b81271-9e15-40b7-8dce-0c62f24702f9,https://jobs.lever.co/palantir/98b81271-9e15-40b7-8dce-0c62f24702f9,10,/home/runner/work/job-cv-match-0020/job-cv-match-0020/0020_raw_marti__bayo_alemany_curriculum.pdf,/home/runner/work/job-cv-match-0020/job-cv-match-0020/Marti__Bayo_Alemany_certificates_2020_compressed.pdf,70400-120000 EUR,queued,ok,lever:palantir,eu-global
CRAWL-0697,web_crawl,Palantir,Forward Deployed Software Engineer,"Tel Aviv, Israel",https://jobs.lever.co/palantir/c4442730-2926-41ad-8c0e-5e5a6b4d14ae,https://jobs.lever.co/palantir/c4442730-2926-41ad-8c0e-5e5a6b4d14ae,https://jobs.lever.co/palantir/c4442730-2926-41ad-8c0e-5e5a6b4d14ae,10,/home/runner/work/job-cv-match-0020/job-cv-match-0020/0020_raw_marti__bayo_alemany_curriculum.pdf,/home/runner/work/job-cv-match-0020/job-cv-match-0020/Marti__Bayo_Alemany_certificates_2020_compressed.pdf,70400-120000 EUR,queued,ok,lever:palantir,eu-global
CRAWL-0698,web_crawl,Palantir,Forward Deployed Software Engineer,"Stockholm, Sweden",https://jobs.lever.co/palantir/d084b769-6f53-4409-afa8-c183b059b384,https://jobs.lever.co/palantir/d084b769-6f53-4409-afa8-c183b059b384,https://jobs.lever.co/palantir/d084b769-6f53-4409-afa8-c183b059b384,10,/home/runner/work/job-cv-match-0020/job-cv-match-0020/0020_raw_marti__bayo_alemany_curriculum.pdf,/home/runner/work/job-cv-match-0020/job-cv-match-0020/Marti__Bayo_Alemany_certificates_2020_compressed.pdf,70400-120000 EUR,queued,ok,lever:palantir,eu-global
CRAWL-0699,web_crawl,Palantir,Forward Deployed Software Engineer,"New York, NY",https://jobs.lever.co/palantir/dab396d4-2f14-4796-aac0-0d82883dccf0,https://jobs.lever.co/palantir/dab396d4-2f14-4796-aac0-0d82883dccf0,https://jobs.lever.co/palantir/dab396d4-2f14-4796-aac0-0d82883dccf0,10,/home/runner/work/job-cv-match-0020/job-cv-match-0020/0020_raw_marti__bayo_alemany_curriculum.pdf,/home/runner/work/job-cv-match-0020/job-cv-match-0020/Marti__Bayo_Alemany_certificates_2020_compressed.pdf,70400-120000 EUR,queued,ok,lever:palantir,eu-global
CRAWL-0700,web_crawl,Palantir,Forward Deployed Software Engineer - Autonomous Systems C2,"Seattle, WA",https://jobs.lever.co/palantir/0edf7365-49f0-4263-818a-19409ec4f430,https://jobs.lever.co/palantir/0edf7365-49f0-4263-818a-19409ec4f430,https://jobs.lever.co/palantir/0edf7365-49f0-4263-818a-19409ec4f430,10,/home/runner/work/job-cv-match-0020/job-cv-match-0020/0020_raw_marti__bayo_alemany_curriculum.pdf,/home/runner/work/job-cv-match-0020/job-cv-match-0020/Marti__Bayo_Alemany_certificates_2020_compressed.pdf,70400-120000 EUR,queued,ok,lever:palantir,eu-global
CRAWL-0701,web_crawl,Palantir,Forward Deployed Software Engineer - Autonomous Systems C2,"Palo Alto, CA",https://jobs.lever.co/palantir/c62264f5-5da8-40fe-9b44-f7f0f0012e11,https://jobs.lever.co/palantir/c62264f5-5da8-40fe-9b44-f7f0f0012e11,https://jobs.lever.co/palantir/c62264f5-5da8-40fe-9b44-f7f0f0012e11,10,/home/runner/work/job-cv-match-0020/job-cv-match-0020/0020_raw_marti__bayo_alemany_curriculum.pdf,/home/runner/work/job-cv-match-0020/job-cv-match-0020/Marti__Bayo_Alemany_certificates_2020_compressed.pdf,70400-120000 EUR,queued,ok,lever:palantir,eu-global
CRAWL-0702,web_crawl,Palantir,Forward Deployed Software Engineer - Edge Autonomous Systems,"Washington, D.C.",https://jobs.lever.co/palantir/27bf5707-96fa-460e-8a5b-53bc192ca87b,https://jobs.lever.co/palantir/27bf5707-96fa-460e-8a5b-53bc192ca87b,https://jobs.lever.co/palantir/27bf5707-96fa-460e-8a5b-53bc192ca87b,10,/home/runner/work/job-cv-match-0020/job-cv-match-0020/0020_raw_marti__bayo_alemany_curriculum.pdf,/home/runner/work/job-cv-match-0020/job-cv-match-0020/Marti__Bayo_Alemany_certificates_2020_compressed.pdf,70400-120000 EUR,queued,ok,lever:palantir,eu-global
CRAWL-0703,web_crawl,Palantir,Forward Deployed Software Engineer - Intel,"Washington, D.C.",https://jobs.lever.co/palantir/34b3a697-6e22-4751-befd-0b7921abbd5f,https://jobs.lever.co/palantir/34b3a697-6e22-4751-befd-0b7921abbd5f,https://jobs.lever.co/palantir/34b3a697-6e22-4751-befd-0b7921abbd5f,10,/home/runner/work/job-cv-match-0020/job-cv-match-0020/0020_raw_marti__bayo_alemany_curriculum.pdf,/home/runner/work/job-cv-match-0020/job-cv-match-0020/Marti__Bayo_Alemany_certificates_2020_compressed.pdf,70400-120000 EUR,queued,ok,lever:palantir,eu-global
CRAWL-0704,web_crawl,Palantir,Forward Deployed Software Engineer - Japan Forward Deployed,"Washington, D.C.",https://jobs.lever.co/palantir/8aba5995-653d-4805-96e8-24488e6abf37,https://jobs.lever.co/palantir/8aba5995-653d-4805-96e8-24488e6abf37,https://jobs.lever.co/palantir/8aba5995-653d-4805-96e8-24488e6abf37,10,/home/runner/work/job-cv-match-0020/job-cv-match-0020/0020_raw_marti__bayo_alemany_curriculum.pdf,/home/runner/work/job-cv-match-0020/job-cv-match-0020/Marti__Bayo_Alemany_certificates_2020_compressed.pdf,70400-120000 EUR,queued,ok,lever:palantir,eu-global
CRAWL-0705,web_crawl,Palantir,Forward Deployed Software Engineer - Japan Government,"Tokyo, Japan",https://jobs.lever.co/palantir/12e94938-55cb-4ad9-9c05-405ebc9ef430,https://jobs.lever.co/palantir/12e94938-55cb-4ad9-9c05-405ebc9ef430,https://jobs.lever.co/palantir/12e94938-55cb-4ad9-9c05-405ebc9ef430,10,/home/runner/work/job-cv-match-0020/job-cv-match-0020/0020_raw_marti__bayo_alemany_curriculum.pdf,/home/runner/work/job-cv-match-0020/job-cv-match-0020/Marti__Bayo_Alemany_certificates_2020_compressed.pdf,70400-120000 EUR,queued,ok,lever:palantir,eu-global
CRAWL-0706,web_crawl,Palantir,Forward Deployed Software Engineer - Korea Forward Deployed,"Washington, D.C.",https://jobs.lever.co/palantir/a39bf84c-6648-4871-bd07-9b882d401c4c,https://jobs.lever.co/palantir/a39bf84c-6648-4871-bd07-9b882d401c4c,https://jobs.lever.co/palantir/a39bf84c-6648-4871-bd07-9b882d401c4c,10,/home/runner/work/job-cv-match-0020/job-cv-match-0020/0020_raw_marti__bayo_alemany_curriculum.pdf,/home/runner/work/job-cv-match-0020/job-cv-match-0020/Marti__Bayo_Alemany_certificates_2020_compressed.pdf,70400-120000 EUR,queued,ok,lever:palantir,eu-global
CRAWL-0707,web_crawl,Palantir,Forward Deployed Software Engineer - NATO,"London, United Kingdom",https://jobs.lever.co/palantir/73d1a90c-162d-4cb6-9e0c-4c8de9561ad0,https://jobs.lever.co/palantir/73d1a90c-162d-4cb6-9e0c-4c8de9561ad0,https://jobs.lever.co/palantir/73d1a90c-162d-4cb6-9e0c-4c8de9561ad0,10,/home/runner/work/job-cv-match-0020/job-cv-match-0020/0020_raw_marti__bayo_alemany_curriculum.pdf,/home/runner/work/job-cv-match-0020/job-cv-match-0020/Marti__Bayo_Alemany_certificates_2020_compressed.pdf,70400-120000 EUR,queued,ok,lever:palantir,eu-global
CRAWL-0708,web_crawl,Palantir,Forward Deployed Software Engineer - Norwegian Government,"Oslo, Norway",https://jobs.lever.co/palantir/0a0d2db2-75a5-48e4-b0a0-81baa6588e36,https://jobs.lever.co/palantir/0a0d2db2-75a5-48e4-b0a0-81baa6588e36,https://jobs.lever.co/palantir/0a0d2db2-75a5-48e4-b0a0-81baa6588e36,10,/home/runner/work/job-cv-match-0020/job-cv-match-0020/0020_raw_marti__bayo_alemany_curriculum.pdf,/home/runner/work/job-cv-match-0020/job-cv-match-0020/Marti__Bayo_Alemany_certificates_2020_compressed.pdf,70400-120000 EUR,queued,ok,lever:palantir,eu-global
CRAWL-0709,web_crawl,Palantir,Forward Deployed Software Engineer - Spain,"Madrid, Spain",https://jobs.lever.co/palantir/53fb4c05-f949-4146-a046-5c063c36a628,https://jobs.lever.co/palantir/53fb4c05-f949-4146-a046-5c063c36a628,https://jobs.lever.co/palantir/53fb4c05-f949-4146-a046-5c063c36a628,10,/home/runner/work/job-cv-match-0020/job-cv-match-0020/0020_raw_marti__bayo_alemany_curriculum.pdf,/home/runner/work/job-cv-match-0020/job-cv-match-0020/Marti__Bayo_Alemany_certificates_2020_compressed.pdf,70400-120000 EUR,queued,ok,lever:palantir,eu-global
CRAWL-0710,web_crawl,Palantir,Forward Deployed Software Engineer - Tactical Edge,"Washington, D.C.",https://jobs.lever.co/palantir/3d0d9d92-0321-4459-a17d-fa1a76636a43,https://jobs.lever.co/palantir/3d0d9d92-0321-4459-a17d-fa1a76636a43,https://jobs.lever.co/palantir/3d0d9d92-0321-4459-a17d-fa1a76636a43,10,/home/runner/work/job-cv-match-0020/job-cv-match-0020/0020_raw_marti__bayo_alemany_curriculum.pdf,/home/runner/work/job-cv-match-0020/job-cv-match-0020/Marti__Bayo_Alemany_certificates_2020_compressed.pdf,70400-120000 EUR,queued,ok,lever:palantir,eu-global
CRAWL-0711,web_crawl,Palantir,Forward Deployed Software Engineer - UK Government,"London, United Kingdom",https://jobs.lever.co/palantir/57a3f928-e7d3-4037-8196-b38e2f867152,https://jobs.lever.co/palantir/57a3f928-e7d3-4037-8196-b38e2f867152,https://jobs.lever.co/palantir/57a3f928-e7d3-4037-8196-b38e2f867152,10,/home/runner/work/job-cv-match-0020/job-cv-match-0020/0020_raw_marti__bayo_alemany_curriculum.pdf,/home/runner/work/job-cv-match-0020/job-cv-match-0020/Marti__Bayo_Alemany_certificates_2020_compressed.pdf,70400-120000 EUR,queued,ok,lever:palantir,eu-global
CRAWL-0712,web_crawl,Palantir,Forward Deployed Software Engineer - US Government,"Washington, D.C.",https://jobs.lever.co/palantir/289ad049-7b4e-41e3-8a39-146fbeb6fb64,https://jobs.lever.co/palantir/289ad049-7b4e-41e3-8a39-146fbeb6fb64,https://jobs.lever.co/palantir/289ad049-7b4e-41e3-8a39-146fbeb6fb64,10,/home/runner/work/job-cv-match-0020/job-cv-match-0020/0020_raw_marti__bayo_alemany_curriculum.pdf,/home/runner/work/job-cv-match-0020/job-cv-match-0020/Marti__Bayo_Alemany_certificates_2020_compressed.pdf,70400-120000 EUR,queued,ok,lever:palantir,eu-global
CRAWL-0713,web_crawl,Palantir,Forward Deployed Software Engineer - US Government,"San Diego, CA",https://jobs.lever.co/palantir/84131e3f-455e-47fc-9c11-898d95f09048,https://jobs.lever.co/palantir/84131e3f-455e-47fc-9c11-898d95f09048,https://jobs.lever.co/palantir/84131e3f-455e-47fc-9c11-898d95f09048,10,/home/runner/work/job-cv-match-0020/job-cv-match-0020/0020_raw_marti__bayo_alemany_curriculum.pdf,/home/runner/work/job-cv-match-0020/job-cv-match-0020/Marti__Bayo_Alemany_certificates_2020_compressed.pdf,70400-120000 EUR,queued,ok,lever:palantir,eu-global
CRAWL-0714,web_crawl,Palantir,Forward Deployed Software Engineer - US Government,"Honolulu, HI",https://jobs.lever.co/palantir/ce8ca664-60dc-4f9a-8986-3c96673bcfdf,https://jobs.lever.co/palantir/ce8ca664-60dc-4f9a-8986-3c96673bcfdf,https://jobs.lever.co/palantir/ce8ca664-60dc-4f9a-8986-3c96673bcfdf,10,/home/runner/work/job-cv-match-0020/job-cv-match-0020/0020_raw_marti__bayo_alemany_curriculum.pdf,/home/runner/work/job-cv-match-0020/job-cv-match-0020/Marti__Bayo_Alemany_certificates_2020_compressed.pdf,70400-120000 EUR,queued,ok,lever:palantir,eu-global
CRAWL-0715,web_crawl,Palantir,Forward Deployed Software Engineer - US Government,"Fayetteville, NC",https://jobs.lever.co/palantir/d83fac1c-353e-4b77-a586-3276b1090b6e,https://jobs.lever.co/palantir/d83fac1c-353e-4b77-a586-3276b1090b6e,https://jobs.lever.co/palantir/d83fac1c-353e-4b77-a586-3276b1090b6e,10,/home/runner/work/job-cv-match-0020/job-cv-match-0020/0020_raw_marti__bayo_alemany_curriculum.pdf,/home/runner/work/job-cv-match-0020/job-cv-match-0020/Marti__Bayo_Alemany_certificates_2020_compressed.pdf,70400-120000 EUR,queued,ok,lever:palantir,eu-global
CRAWL-0716,web_crawl,Palantir,Forward Deployed Software Engineer - US Government,"New York, NY",https://jobs.lever.co/palantir/e82b696e-a085-4bbf-8bcb-6d2c4f8cf2f7,https://jobs.lever.co/palantir/e82b696e-a085-4bbf-8bcb-6d2c4f8cf2f7,https://jobs.lever.co/palantir/e82b696e-a085-4bbf-8bcb-6d2c4f8cf2f7,10,/home/runner/work/job-cv-match-0020/job-cv-match-0020/0020_raw_marti__bayo_alemany_curriculum.pdf,/home/runner/work/job-cv-match-0020/job-cv-match-0020/Marti__Bayo_Alemany_certificates_2020_compressed.pdf,70400-120000 EUR,queued,ok,lever:palantir,eu-global
CRAWL-0717,web_crawl,Palantir,Forward Deployed Software Engineer - US Government - Federal Health and Civilian,"New York, NY",https://jobs.lever.co/palantir/be4ab5cb-9caa-4c2a-97b9-c73805fca4fc,https://jobs.lever.co/palantir/be4ab5cb-9caa-4c2a-97b9-c73805fca4fc,https://jobs.lever.co/palantir/be4ab5cb-9caa-4c2a-97b9-c73805fca4fc,10,/home/runner/work/job-cv-match-0020/job-cv-match-0020/0020_raw_marti__bayo_alemany_curriculum.pdf,/home/runner/work/job-cv-match-0020/job-cv-match-0020/Marti__Bayo_Alemany_certificates_2020_compressed.pdf,70400-120000 EUR,queued,ok,lever:palantir,eu-global
CRAWL-0718,web_crawl,Palantir,Forward Deployed Software Engineer - US Government - Federal Health and Civilian,"Washington, D.C.",https://jobs.lever.co/palantir/e7100322-be11-40c8-9dba-7a21b7302c08,https://jobs.lever.co/palantir/e7100322-be11-40c8-9dba-7a21b7302c08,https://jobs.lever.co/palantir/e7100322-be11-40c8-9dba-7a21b7302c08,10,/home/runner/work/job-cv-match-0020/job-cv-match-0020/0020_raw_marti__bayo_alemany_curriculum.pdf,/home/runner/work/job-cv-match-0020/job-cv-match-0020/Marti__Bayo_Alemany_certificates_2020_compressed.pdf,70400-120000 EUR,queued,ok,lever:palantir,eu-global
CRAWL-0719,web_crawl,Palantir,Forward Deployed Software Engineer - Warp Speed,"New York, NY",https://jobs.lever.co/palantir/13f99633-43b5-4459-8e84-25073f257c18,https://jobs.lever.co/palantir/13f99633-43b5-4459-8e84-25073f257c18,https://jobs.lever.co/palantir/13f99633-43b5-4459-8e84-25073f257c18,10,/home/runner/work/job-cv-match-0020/job-cv-match-0020/0020_raw_marti__bayo_alemany_curriculum.pdf,/home/runner/work/job-cv-match-0020/job-cv-match-0020/Marti__Bayo_Alemany_certificates_2020_compressed.pdf,70400-120000 EUR,queued,ok,lever:palantir,eu-global
CRAWL-0720,web_crawl,Palantir,"Forward Deployed Software Engineer, New Grad - Commercial","London, United Kingdom",https://jobs.lever.co/palantir/2aa14e4f-d406-486e-9aa8-6ff3358d70a0,https://jobs.lever.co/palantir/2aa14e4f-d406-486e-9aa8-6ff3358d70a0,https://jobs.lever.co/palantir/2aa14e4f-d406-486e-9aa8-6ff3358d70a0,10,/home/runner/work/job-cv-match-0020/job-cv-match-0020/0020_raw_marti__bayo_alemany_curriculum.pdf,/home/runner/work/job-cv-match-0020/job-cv-match-0020/Marti__Bayo_Alemany_certificates_2020_compressed.pdf,70400-120000 EUR,queued,ok,lever:palantir,eu-global
CRAWL-0721,web_crawl,Palantir,"Forward Deployed Software Engineer, New Grad - Commercial","New York, NY",https://jobs.lever.co/palantir/2e6b0ac8-83e9-4be5-a3aa-cf319f751728,https://jobs.lever.co/palantir/2e6b0ac8-83e9-4be5-a3aa-cf319f751728,https://jobs.lever.co/palantir/2e6b0ac8-83e9-4be5-a3aa-cf319f751728,10,/home/runner/work/job-cv-match-0020/job-cv-match-0020/0020_raw_marti__bayo_alemany_curriculum.pdf,/home/runner/work/job-cv-match-0020/job-cv-match-0020/Marti__Bayo_Alemany_certificates_2020_compressed.pdf,70400-120000 EUR,queued,ok,lever:palantir,eu-global
CRAWL-0722,web_crawl,Palantir,"Forward Deployed Software Engineer, New Grad - Commercial","Chicago, IL",https://jobs.lever.co/palantir/e500bcf3-19d8-4d3c-b340-4d76e4a55b40,https://jobs.lever.co/palantir/e500bcf3-19d8-4d3c-b340-4d76e4a55b40,https://jobs.lever.co/palantir/e500bcf3-19d8-4d3c-b340-4d76e4a55b40,10,/home/runner/work/job-cv-match-0020/job-cv-match-0020/0020_raw_marti__bayo_alemany_curriculum.pdf,/home/runner/work/job-cv-match-0020/job-cv-match-0020/Marti__Bayo_Alemany_certificates_2020_compressed.pdf,70400-120000 EUR,queued,ok,lever:palantir,eu-global
CRAWL-0723,web_crawl,Palantir,"Forward Deployed Software Engineer, New Grad - Intel, US Government","Washington, D.C.",https://jobs.lever.co/palantir/fbca0358-083a-4222-bdbb-3bd729b48382,https://jobs.lever.co/palantir/fbca0358-083a-4222-bdbb-3bd729b48382,https://jobs.lever.co/palantir/fbca0358-083a-4222-bdbb-3bd729b48382,10,/home/runner/work/job-cv-match-0020/job-cv-match-0020/0020_raw_marti__bayo_alemany_curriculum.pdf,/home/runner/work/job-cv-match-0020/job-cv-match-0020/Marti__Bayo_Alemany_certificates_2020_compressed.pdf,70400-120000 EUR,queued,ok,lever:palantir,eu-global
CRAWL-0724,web_crawl,Palantir,"Forward Deployed Software Engineer, New Grad - UK Government","London, United Kingdom",https://jobs.lever.co/palantir/b4aa51a2-bc43-4d67-bf55-12db7feefb3a,https://jobs.lever.co/palantir/b4aa51a2-bc43-4d67-bf55-12db7feefb3a,https://jobs.lever.co/palantir/b4aa51a2-bc43-4d67-bf55-12db7feefb3a,10,/home/runner/work/job-cv-match-0020/job-cv-match-0020/0020_raw_marti__bayo_alemany_curriculum.pdf,/home/runner/work/job-cv-match-0020/job-cv-match-0020/Marti__Bayo_Alemany_certificates_2020_compressed.pdf,70400-120000 EUR,queued,ok,lever:palantir,eu-global
CRAWL-0725,web_crawl,Palantir,"Forward Deployed Software Engineer, New Grad - US Government","Washington, D.C.",https://jobs.lever.co/palantir/cbe90327-3e6e-451c-a54c-1d3cbcef5aeb,https://jobs.lever.co/palantir/cbe90327-3e6e-451c-a54c-1d3cbcef5aeb,https://jobs.lever.co/palantir/cbe90327-3e6e-451c-a54c-1d3cbcef5aeb,10,/home/runner/work/job-cv-match-0020/job-cv-match-0020/0020_raw_marti__bayo_alemany_curriculum.pdf,/home/runner/work/job-cv-match-0020/job-cv-match-0020/Marti__Bayo_Alemany_certificates_2020_compressed.pdf,70400-120000 EUR,queued,ok,lever:palantir,eu-global
CRAWL-0726,web_crawl,Palantir,"Forward Deployed Software Engineer, New Grad - US Government","New York, NY",https://jobs.lever.co/palantir/d1ac83d0-e923-42a5-8e6d-58dd0cab25ca,https://jobs.lever.co/palantir/d1ac83d0-e923-42a5-8e6d-58dd0cab25ca,https://jobs.lever.co/palantir/d1ac83d0-e923-42a5-8e6d-58dd0cab25ca,10,/home/runner/work/job-cv-match-0020/job-cv-match-0020/0020_raw_marti__bayo_alemany_curriculum.pdf,/home/runner/work/job-cv-match-0020/job-cv-match-0020/Marti__Bayo_Alemany_certificates_2020_compressed.pdf,70400-120000 EUR,queued,ok,lever:palantir,eu-global
CRAWL-0727,web_crawl,Palantir,Full Stack Software Engineer - Application Development,"New York, NY",https://jobs.lever.co/palantir/2da4be12-bc7a-4950-87db-e9d68d955ff7,https://jobs.lever.co/palantir/2da4be12-bc7a-4950-87db-e9d68d955ff7,https://jobs.lever.co/palantir/2da4be12-bc7a-4950-87db-e9d68d955ff7,10,/home/runner/work/job-cv-match-0020/job-cv-match-0020/0020_raw_marti__bayo_alemany_curriculum.pdf,/home/runner/work/job-cv-match-0020/job-cv-match-0020/Marti__Bayo_Alemany_certificates_2020_compressed.pdf,70400-120000 EUR,queued,ok,lever:palantir,eu-global
CRAWL-0728,web_crawl,Palantir,Full Stack Software Engineer - Application Development,"London, United Kingdom",https://jobs.lever.co/palantir/c44510a1-9537-4c52-ae81-51546979fe47,https://jobs.lever.co/palantir/c44510a1-9537-4c52-ae81-51546979fe47,https://jobs.lever.co/palantir/c44510a1-9537-4c52-ae81-51546979fe47,10,/home/runner/work/job-cv-match-0020/job-cv-match-0020/0020_raw_marti__bayo_alemany_curriculum.pdf,/home/runner/work/job-cv-match-0020/job-cv-match-0020/Marti__Bayo_Alemany_certificates_2020_compressed.pdf,70400-120000 EUR,queued,ok,lever:palantir,eu-global
CRAWL-0729,web_crawl,Palantir,Software Engineer - Apollo Platform,"New York, NY",https://jobs.lever.co/palantir/8f308f3e-43d2-49c9-accd-cc7af0f1565c,https://jobs.lever.co/palantir/8f308f3e-43d2-49c9-accd-cc7af0f1565c,https://jobs.lever.co/palantir/8f308f3e-43d2-49c9-accd-cc7af0f1565c,10,/home/runner/work/job-cv-match-0020/job-cv-match-0020/0020_raw_marti__bayo_alemany_curriculum.pdf,/home/runner/work/job-cv-match-0020/job-cv-match-0020/Marti__Bayo_Alemany_certificates_2020_compressed.pdf,70400-120000 EUR,queued,ok,lever:palantir,eu-global
CRAWL-0730,web_crawl,Palantir,Software Engineer - Apollo Platform,"Seattle, WA",https://jobs.lever.co/palantir/afea07a8-2721-45e6-a9ca-6580f3f9783c,https://jobs.lever.co/palantir/afea07a8-2721-45e6-a9ca-6580f3f9783c,https://jobs.lever.co/palantir/afea07a8-2721-45e6-a9ca-6580f3f9783c,10,/home/runner/work/job-cv-match-0020/job-cv-match-0020/0020_raw_marti__bayo_alemany_curriculum.pdf,/home/runner/work/job-cv-match-0020/job-cv-match-0020/Marti__Bayo_Alemany_certificates_2020_compressed.pdf,70400-120000 EUR,queued,ok,lever:palantir,eu-global
CRAWL-0731,web_crawl,Palantir,Software Engineer - Apollo Platform,"London, United Kingdom",https://jobs.lever.co/palantir/f75cb0d2-6608-450b-848e-0f27937c930d,https://jobs.lever.co/palantir/f75cb0d2-6608-450b-848e-0f27937c930d,https://jobs.lever.co/palantir/f75cb0d2-6608-450b-848e-0f27937c930d,10,/home/runner/work/job-cv-match-0020/job-cv-match-0020/0020_raw_marti__bayo_alemany_curriculum.pdf,/home/runner/work/job-cv-match-0020/job-cv-match-0020/Marti__Bayo_Alemany_certificates_2020_compressed.pdf,70400-120000 EUR,queued,ok,lever:palantir,eu-global
CRAWL-0732,web_crawl,Palantir,Software Engineer - Apollo Systems,"New York, NY",https://jobs.lever.co/palantir/832e4652-5088-4e5b-aeac-1e82ec3ebad4,https://jobs.lever.co/palantir/832e4652-5088-4e5b-aeac-1e82ec3ebad4,https://jobs.lever.co/palantir/832e4652-5088-4e5b-aeac-1e82ec3ebad4,10,/home/runner/work/job-cv-match-0020/job-cv-match-0020/0020_raw_marti__bayo_alemany_curriculum.pdf,/home/runner/work/job-cv-match-0020/job-cv-match-0020/Marti__Bayo_Alemany_certificates_2020_compressed.pdf,70400-120000 EUR,queued,ok,lever:palantir,eu-global
CRAWL-0733,web_crawl,Palantir,Software Engineer - Apollo Systems,"Seattle, WA",https://jobs.lever.co/palantir/e47d4410-2542-47d8-b558-b5295fc28821,https://jobs.lever.co/palantir/e47d4410-2542-47d8-b558-b5295fc28821,https://jobs.lever.co/palantir/e47d4410-2542-47d8-b558-b5295fc28821,10,/home/runner/work/job-cv-match-0020/job-cv-match-0020/0020_raw_marti__bayo_alemany_curriculum.pdf,/home/runner/work/job-cv-match-0020/job-cv-match-0020/Marti__Bayo_Alemany_certificates_2020_compressed.pdf,70400-120000 EUR,queued,ok,lever:palantir,eu-global
CRAWL-0734,web_crawl,Palantir,Software Engineer - Core Interfaces,"New York, NY",https://jobs.lever.co/palantir/3b4ae28e-c4f2-4654-83b4-64366bfe72fa,https://jobs.lever.co/palantir/3b4ae28e-c4f2-4654-83b4-64366bfe72fa,https://jobs.lever.co/palantir/3b4ae28e-c4f2-4654-83b4-64366bfe72fa,10,/home/runner/work/job-cv-match-0020/job-cv-match-0020/0020_raw_marti__bayo_alemany_curriculum.pdf,/home/runner/work/job-cv-match-0020/job-cv-match-0020/Marti__Bayo_Alemany_certificates_2020_compressed.pdf,70400-120000 EUR,queued,ok,lever:palantir,eu-global
CRAWL-0735,web_crawl,Palantir,Software Engineer - Core Interfaces,"Palo Alto, CA",https://jobs.lever.co/palantir/cf76738e-3030-42fa-92ac-a9446df956fc,https://jobs.lever.co/palantir/cf76738e-3030-42fa-92ac-a9446df956fc,https://jobs.lever.co/palantir/cf76738e-3030-42fa-92ac-a9446df956fc,10,/home/runner/work/job-cv-match-0020/job-cv-match-0020/0020_raw_marti__bayo_alemany_curriculum.pdf,/home/runner/work/job-cv-match-0020/job-cv-match-0020/Marti__Bayo_Alemany_certificates_2020_compressed.pdf,70400-120000 EUR,queued,ok,lever:palantir,eu-global
CRAWL-0736,web_crawl,Palantir,Software Engineer - Defense Applications,"New York, NY",https://jobs.lever.co/palantir/c288bb43-3c63-4557-bd96-600ef0d1b7a6,https://jobs.lever.co/palantir/c288bb43-3c63-4557-bd96-600ef0d1b7a6,https://jobs.lever.co/palantir/c288bb43-3c63-4557-bd96-600ef0d1b7a6,10,/home/runner/work/job-cv-match-0020/job-cv-match-0020/0020_raw_marti__bayo_alemany_curriculum.pdf,/home/runner/work/job-cv-match-0020/job-cv-match-0020/Marti__Bayo_Alemany_certificates_2020_compressed.pdf,70400-120000 EUR,queued,ok,lever:palantir,eu-global
CRAWL-0737,web_crawl,Palantir,Software Engineer - Defense Applications,"Washington, D.C.",https://jobs.lever.co/palantir/f7dbfdf1-0bb1-4c11-ac15-6a139cee3410,https://jobs.lever.co/palantir/f7dbfdf1-0bb1-4c11-ac15-6a139cee3410,https://jobs.lever.co/palantir/f7dbfdf1-0bb1-4c11-ac15-6a139cee3410,10,/home/runner/work/job-cv-match-0020/job-cv-match-0020/0020_raw_marti__bayo_alemany_curriculum.pdf,/home/runner/work/job-cv-match-0020/job-cv-match-0020/Marti__Bayo_Alemany_certificates_2020_compressed.pdf,70400-120000 EUR,queued,ok,lever:palantir,eu-global
CRAWL-0738,web_crawl,Palantir,Software Engineer - Developer Productivity,"New York, NY",https://jobs.lever.co/palantir/3c84af24-b7aa-483e-b2c3-e1d83494fe15,https://jobs.lever.co/palantir/3c84af24-b7aa-483e-b2c3-e1d83494fe15,https://jobs.lever.co/palantir/3c84af24-b7aa-483e-b2c3-e1d83494fe15,10,/home/runner/work/job-cv-match-0020/job-cv-match-0020/0020_raw_marti__bayo_alemany_curriculum.pdf,/home/runner/work/job-cv-match-0020/job-cv-match-0020/Marti__Bayo_Alemany_certificates_2020_compressed.pdf,70400-120000 EUR,queued,ok,lever:palantir,eu-global
CRAWL-0739,web_crawl,Palantir,Software Engineer - Edge,"Washington, D.C.",https://jobs.lever.co/palantir/397fb983-47b7-4a53-a7df-f080f43f7720,https://jobs.lever.co/palantir/397fb983-47b7-4a53-a7df-f080f43f7720,https://jobs.lever.co/palantir/397fb983-47b7-4a53-a7df-f080f43f7720,10,/home/runner/work/job-cv-match-0020/job-cv-match-0020/0020_raw_marti__bayo_alemany_curriculum.pdf,/home/runner/work/job-cv-match-0020/job-cv-match-0020/Marti__Bayo_Alemany_certificates_2020_compressed.pdf,70400-120000 EUR,queued,ok,lever:palantir,eu-global
CRAWL-0740,web_crawl,Palantir,Software Engineer - Edge AI Systems,"Seattle, WA",https://jobs.lever.co/palantir/67110929-adea-41c3-851a-8882e222d9e4,https://jobs.lever.co/palantir/67110929-adea-41c3-851a-8882e222d9e4,https://jobs.lever.co/palantir/67110929-adea-41c3-851a-8882e222d9e4,10,/home/runner/work/job-cv-match-0020/job-cv-match-0020/0020_raw_marti__bayo_alemany_curriculum.pdf,/home/runner/work/job-cv-match-0020/job-cv-match-0020/Marti__Bayo_Alemany_certificates_2020_compressed.pdf,70400-120000 EUR,queued,ok,lever:palantir,eu-global
CRAWL-0741,web_crawl,Palantir,Software Engineer - Environment Platform,"Seattle, WA",https://jobs.lever.co/palantir/cd2423c6-da68-430c-8be5-0ae7eea36497,https://jobs.lever.co/palantir/cd2423c6-da68-430c-8be5-0ae7eea36497,https://jobs.lever.co/palantir/cd2423c6-da68-430c-8be5-0ae7eea36497,10,/home/runner/work/job-cv-match-0020/job-cv-match-0020/0020_raw_marti__bayo_alemany_curriculum.pdf,/home/runner/work/job-cv-match-0020/job-cv-match-0020/Marti__Bayo_Alemany_certificates_2020_compressed.pdf,70400-120000 EUR,queued,ok,lever:palantir,eu-global
CRAWL-0742,web_crawl,Palantir,Software Engineer - Environment Platform,"New York, NY",https://jobs.lever.co/palantir/d5d83a8f-cb96-41cc-9612-c7224fbb2fbc,https://jobs.lever.co/palantir/d5d83a8f-cb96-41cc-9612-c7224fbb2fbc,https://jobs.lever.co/palantir/d5d83a8f-cb96-41cc-9612-c7224fbb2fbc,10,/home/runner/work/job-cv-match-0020/job-cv-match-0020/0020_raw_marti__bayo_alemany_curriculum.pdf,/home/runner/work/job-cv-match-0020/job-cv-match-0020/Marti__Bayo_Alemany_certificates_2020_compressed.pdf,70400-120000 EUR,queued,ok,lever:palantir,eu-global
CRAWL-0743,web_crawl,Palantir,Software Engineer - Frontend Developer Productivity,"New York, NY",https://jobs.lever.co/palantir/71ed917e-850a-484b-9454-fa66bdf24540,https://jobs.lever.co/palantir/71ed917e-850a-484b-9454-fa66bdf24540,https://jobs.lever.co/palantir/71ed917e-850a-484b-9454-fa66bdf24540,10,/home/runner/work/job-cv-match-0020/job-cv-match-0020/0020_raw_marti__bayo_alemany_curriculum.pdf,/home/runner/work/job-cv-match-0020/job-cv-match-0020/Marti__Bayo_Alemany_certificates_2020_compressed.pdf,70400-120000 EUR,queued,ok,lever:palantir,eu-global
CRAWL-0744,web_crawl,Palantir,Software Engineer - Hosted Model Infrastructure,"New York, NY",https://jobs.lever.co/palantir/4df4cca5-e361-498b-806d-05f21638c93a,https://jobs.lever.co/palantir/4df4cca5-e361-498b-806d-05f21638c93a,https://jobs.lever.co/palantir/4df4cca5-e361-498b-806d-05f21638c93a,10,/home/runner/work/job-cv-match-0020/job-cv-match-0020/0020_raw_marti__bayo_alemany_curriculum.pdf,/home/runner/work/job-cv-match-0020/job-cv-match-0020/Marti__Bayo_Alemany_certificates_2020_compressed.pdf,70400-120000 EUR,queued,ok,lever:palantir,eu-global
CRAWL-0745,web_crawl,Palantir,Software Engineer - Hosted Model Infrastructure,"Washington, D.C.",https://jobs.lever.co/palantir/7a9600be-cdcb-4311-bb5c-65b6939b5956,https://jobs.lever.co/palantir/7a9600be-cdcb-4311-bb5c-65b6939b5956,https://jobs.lever.co/palantir/7a9600be-cdcb-4311-bb5c-65b6939b5956,10,/home/runner/work/job-cv-match-0020/job-cv-match-0020/0020_raw_marti__bayo_alemany_curriculum.pdf,/home/runner/work/job-cv-match-0020/job-cv-match-0020/Marti__Bayo_Alemany_certificates_2020_compressed.pdf,70400-120000 EUR,queued,ok,lever:palantir,eu-global
CRAWL-0746,web_crawl,Palantir,Software Engineer - Hosted Model Infrastructure,"Palo Alto, CA",https://jobs.lever.co/palantir/e9aecd15-c7e9-4803-9928-fc0b67e70f5b,https://jobs.lever.co/palantir/e9aecd15-c7e9-4803-9928-fc0b67e70f5b,https://jobs.lever.co/palantir/e9aecd15-c7e9-4803-9928-fc0b67e70f5b,10,/home/runner/work/job-cv-match-0020/job-cv-match-0020/0020_raw_marti__bayo_alemany_curriculum.pdf,/home/runner/work/job-cv-match-0020/job-cv-match-0020/Marti__Bayo_Alemany_certificates_2020_compressed.pdf,70400-120000 EUR,queued,ok,lever:palantir,eu-global
CRAWL-0747,web_crawl,Palantir,Software Engineer - Mission Manager,"Washington, D.C.",https://jobs.lever.co/palantir/8aec0fba-0ac9-48a5-8f54-f2d8465d6698,https://jobs.lever.co/palantir/8aec0fba-0ac9-48a5-8f54-f2d8465d6698,https://jobs.lever.co/palantir/8aec0fba-0ac9-48a5-8f54-f2d8465d6698,10,/home/runner/work/job-cv-match-0020/job-cv-match-0020/0020_raw_marti__bayo_alemany_curriculum.pdf,/home/runner/work/job-cv-match-0020/job-cv-match-0020/Marti__Bayo_Alemany_certificates_2020_compressed.pdf,70400-120000 EUR,queued,ok,lever:palantir,eu-global
CRAWL-0748,web_crawl,Palantir,Software Engineer - Mission Manager,"New York, NY",https://jobs.lever.co/palantir/c0b60d64-1244-4270-9d55-14115c97c24b,https://jobs.lever.co/palantir/c0b60d64-1244-4270-9d55-14115c97c24b,https://jobs.lever.co/palantir/c0b60d64-1244-4270-9d55-14115c97c24b,10,/home/runner/work/job-cv-match-0020/job-cv-match-0020/0020_raw_marti__bayo_alemany_curriculum.pdf,/home/runner/work/job-cv-match-0020/job-cv-match-0020/Marti__Bayo_Alemany_certificates_2020_compressed.pdf,70400-120000 EUR,queued,ok,lever:palantir,eu-global
CRAWL-0749,web_crawl,Palantir,Software Engineer - Mission Manager,"Seattle, WA",https://jobs.lever.co/palantir/e168a922-a2f0-45d0-912c-678d66e15118,https://jobs.lever.co/palantir/e168a922-a2f0-45d0-912c-678d66e15118,https://jobs.lever.co/palantir/e168a922-a2f0-45d0-912c-678d66e15118,10,/home/runner/work/job-cv-match-0020/job-cv-match-0020/0020_raw_marti__bayo_alemany_curriculum.pdf,/home/runner/work/job-cv-match-0020/job-cv-match-0020/Marti__Bayo_Alemany_certificates_2020_compressed.pdf,70400-120000 EUR,queued,ok,lever:palantir,eu-global
CRAWL-0750,web_crawl,Palantir,"Software Engineer, New Grad","New York, NY",https://jobs.lever.co/palantir/94984771-0704-446c-88c6-91ce748f6d92,https://jobs.lever.co/palantir/94984771-0704-446c-88c6-91ce748f6d92,https://jobs.lever.co/palantir/94984771-0704-446c-88c6-91ce748f6d92,10,/home/runner/work/job-cv-match-0020/job-cv-match-0020/0020_raw_marti__bayo_alemany_curriculum.pdf,/home/runner/work/job-cv-match-0020/job-cv-match-0020/Marti__Bayo_Alemany_certificates_2020_compressed.pdf,70400-120000 EUR,queued,ok,lever:palantir,eu-global
CRAWL-0751,web_crawl,Palantir,"Software Engineer, New Grad","Denver, CO",https://jobs.lever.co/palantir/c34b424e-caf2-455a-b104-ae1096ccca29,https://jobs.lever.co/palantir/c34b424e-caf2-455a-b104-ae1096ccca29,https://jobs.lever.co/palantir/c34b424e-caf2-455a-b104-ae1096ccca29,10,/home/runner/work/job-cv-match-0020/job-cv-match-0020/0020_raw_marti__bayo_alemany_curriculum.pdf,/home/runner/work/job-cv-match-0020/job-cv-match-0020/Marti__Bayo_Alemany_certificates_2020_compressed.pdf,70400-120000 EUR,queued,ok,lever:palantir,eu-global
CRAWL-0752,web_crawl,Palantir,"Software Engineer, New Grad","London, United Kingdom",https://jobs.lever.co/palantir/d372c805-d0cd-4a10-9522-fbecc78d6f3e,https://jobs.lever.co/palantir/d372c805-d0cd-4a10-9522-fbecc78d6f3e,https://jobs.lever.co/palantir/d372c805-d0cd-4a10-9522-fbecc78d6f3e,10,/home/runner/work/job-cv-match-0020/job-cv-match-0020/0020_raw_marti__bayo_alemany_curriculum.pdf,/home/runner/work/job-cv-match-0020/job-cv-match-0020/Marti__Bayo_Alemany_certificates_2020_compressed.pdf,70400-120000 EUR,queued,ok,lever:palantir,eu-global
CRAWL-0753,web_crawl,Palantir,"Software Engineer, New Grad - Defense","New York, NY",https://jobs.lever.co/palantir/0a838e66-1ab0-4fc4-b4d3-4671c0352278,https://jobs.lever.co/palantir/0a838e66-1ab0-4fc4-b4d3-4671c0352278,https://jobs.lever.co/palantir/0a838e66-1ab0-4fc4-b4d3-4671c0352278,10,/home/runner/work/job-cv-match-0020/job-cv-match-0020/0020_raw_marti__bayo_alemany_curriculum.pdf,/home/runner/work/job-cv-match-0020/job-cv-match-0020/Marti__Bayo_Alemany_certificates_2020_compressed.pdf,70400-120000 EUR,queued,ok,lever:palantir,eu-global
CRAWL-0754,web_crawl,Palantir,"Software Engineer, New Grad - Defense","Washington, D.C.",https://jobs.lever.co/palantir/18d901fc-93bb-4d18-9f04-c72031e20d79,https://jobs.lever.co/palantir/18d901fc-93bb-4d18-9f04-c72031e20d79,https://jobs.lever.co/palantir/18d901fc-93bb-4d18-9f04-c72031e20d79,10,/home/runner/work/job-cv-match-0020/job-cv-match-0020/0020_raw_marti__bayo_alemany_curriculum.pdf,/home/runner/work/job-cv-match-0020/job-cv-match-0020/Marti__Bayo_Alemany_certificates_2020_compressed.pdf,70400-120000 EUR,queued,ok,lever:palantir,eu-global
CRAWL-0755,web_crawl,Palantir,"Software Engineer, New Grad - Defense","Palo Alto, CA",https://jobs.lever.co/palantir/f362d7aa-360d-4059-ab38-f482742693b3,https://jobs.lever.co/palantir/f362d7aa-360d-4059-ab38-f482742693b3,https://jobs.lever.co/palantir/f362d7aa-360d-4059-ab38-f482742693b3,10,/home/runner/work/job-cv-match-0020/job-cv-match-0020/0020_raw_marti__bayo_alemany_curriculum.pdf,/home/runner/work/job-cv-match-0020/job-cv-match-0020/Marti__Bayo_Alemany_certificates_2020_compressed.pdf,70400-120000 EUR,queued,ok,lever:palantir,eu-global
CRAWL-0756,web_crawl,Palantir,"Software Engineer, New Grad - Infrastructure","New York, NY",https://jobs.lever.co/palantir/4abf26b4-795c-420a-bf22-1ab98db268b4,https://jobs.lever.co/palantir/4abf26b4-795c-420a-bf22-1ab98db268b4,https://jobs.lever.co/palantir/4abf26b4-795c-420a-bf22-1ab98db268b4,10,/home/runner/work/job-cv-match-0020/job-cv-match-0020/0020_raw_marti__bayo_alemany_curriculum.pdf,/home/runner/work/job-cv-match-0020/job-cv-match-0020/Marti__Bayo_Alemany_certificates_2020_compressed.pdf,70400-120000 EUR,queued,ok,lever:palantir,eu-global
CRAWL-0757,web_crawl,Palantir,"Software Engineer, New Grad - Infrastructure","Palo Alto, CA",https://jobs.lever.co/palantir/7d75bed5-45d8-4876-840a-2d92ea79c98d,https://jobs.lever.co/palantir/7d75bed5-45d8-4876-840a-2d92ea79c98d,https://jobs.lever.co/palantir/7d75bed5-45d8-4876-840a-2d92ea79c98d,10,/home/runner/work/job-cv-match-0020/job-cv-match-0020/0020_raw_marti__bayo_alemany_curriculum.pdf,/home/runner/work/job-cv-match-0020/job-cv-match-0020/Marti__Bayo_Alemany_certificates_2020_compressed.pdf,70400-120000 EUR,queued,ok,lever:palantir,eu-global
CRAWL-0758,web_crawl,Palantir,"Software Engineer, New Grad - Infrastructure","London, United Kingdom",https://jobs.lever.co/palantir/9265acce-12cd-4179-8c50-55d15963532b,https://jobs.lever.co/palantir/9265acce-12cd-4179-8c50-55d15963532b,https://jobs.lever.co/palantir/9265acce-12cd-4179-8c50-55d15963532b,10,/home/runner/work/job-cv-match-0020/job-cv-match-0020/0020_raw_marti__bayo_alemany_curriculum.pdf,/home/runner/work/job-cv-match-0020/job-cv-match-0020/Marti__Bayo_Alemany_certificates_2020_compressed.pdf,70400-120000 EUR,queued,ok,lever:palantir,eu-global
CRAWL-0759,web_crawl,Palantir,"Software Engineer, New Grad - Production Infrastructure","Washington, D.C.",https://jobs.lever.co/palantir/15844944-fb69-4b57-9531-e988650b20c6,https://jobs.lever.co/palantir/15844944-fb69-4b57-9531-e988650b20c6,https://jobs.lever.co/palantir/15844944-fb69-4b57-9531-e988650b20c6,10,/home/runner/work/job-cv-match-0020/job-cv-match-0020/0020_raw_marti__bayo_alemany_curriculum.pdf,/home/runner/work/job-cv-match-0020/job-cv-match-0020/Marti__Bayo_Alemany_certificates_2020_compressed.pdf,70400-120000 EUR,queued,ok,lever:palantir,eu-global
CRAWL-0760,web_crawl,Palantir,"Software Engineer, New Grad - Production Infrastructure","Seattle, WA",https://jobs.lever.co/palantir/4d5a144e-87ea-45e2-a68c-3fad590629af,https://jobs.lever.co/palantir/4d5a144e-87ea-45e2-a68c-3fad590629af,https://jobs.lever.co/palantir/4d5a144e-87ea-45e2-a68c-3fad590629af,10,/home/runner/work/job-cv-match-0020/job-cv-match-0020/0020_raw_marti__bayo_alemany_curriculum.pdf,/home/runner/work/job-cv-match-0020/job-cv-match-0020/Marti__Bayo_Alemany_certificates_2020_compressed.pdf,70400-120000 EUR,queued,ok,lever:palantir,eu-global
CRAWL-0761,web_crawl,Palantir,"Software Engineer, New Grad - Production Infrastructure","New York, NY",https://jobs.lever.co/palantir/e1a6c138-98bf-45e2-97f7-2c70371cc38a,https://jobs.lever.co/palantir/e1a6c138-98bf-45e2-97f7-2c70371cc38a,https://jobs.lever.co/palantir/e1a6c138-98bf-45e2-97f7-2c70371cc38a,10,/home/runner/work/job-cv-match-0020/job-cv-match-0020/0020_raw_marti__bayo_alemany_curriculum.pdf,/home/runner/work/job-cv-match-0020/job-cv-match-0020/Marti__Bayo_Alemany_certificates_2020_compressed.pdf,70400-120000 EUR,queued,ok,lever:palantir,eu-global
CRAWL-0762,web_crawl,Pinterest,"Security Software Engineer II, Detection and Response","San Francisco, CA, US; Remote, US",https://www.pinterestcareers.com/jobs/?gh_jid=8015490,https://www.pinterestcareers.com/jobs/?gh_jid=8015490,https://www.pinterestcareers.com/jobs/?gh_jid=8015490,10,/home/runner/work/job-cv-match-0020/job-cv-match-0020/0020_raw_marti__bayo_alemany_curriculum.pdf,/home/runner/work/job-cv-match-0020/job-cv-match-0020/Marti__Bayo_Alemany_certificates_2020_compressed.pdf,70400-120000 EUR,queued,ok,greenhouse:pinterest,eu-global
CRAWL-0763,web_crawl,Pinterest,Software Engineer II,"Dublin, IE",https://www.pinterestcareers.com/jobs/?gh_jid=7786418,https://www.pinterestcareers.com/jobs/?gh_jid=7786418,https://www.pinterestcareers.com/jobs/?gh_jid=7786418,10,/home/runner/work/job-cv-match-0020/job-cv-match-0020/0020_raw_marti__bayo_alemany_curriculum.pdf,/home/runner/work/job-cv-match-0020/job-cv-match-0020/Marti__Bayo_Alemany_certificates_2020_compressed.pdf,70400-120000 EUR,queued,ok,greenhouse:pinterest,eu-global
CRAWL-0764,web_crawl,Pinterest,Software Engineer II,"Palo Alto, CA, US",https://www.pinterestcareers.com/jobs/?gh_jid=7958766,https://www.pinterestcareers.com/jobs/?gh_jid=7958766,https://www.pinterestcareers.com/jobs/?gh_jid=7958766,10,/home/runner/work/job-cv-match-0020/job-cv-match-0020/0020_raw_marti__bayo_alemany_curriculum.pdf,/home/runner/work/job-cv-match-0020/job-cv-match-0020/Marti__Bayo_Alemany_certificates_2020_compressed.pdf,70400-120000 EUR,queued,ok,greenhouse:pinterest,eu-global
CRAWL-0765,web_crawl,Pinterest,"Software Engineer II, Android","Toronto, ON, CA",https://www.pinterestcareers.com/jobs/?gh_jid=7987854,https://www.pinterestcareers.com/jobs/?gh_jid=7987854,https://www.pinterestcareers.com/jobs/?gh_jid=7987854,10,/home/runner/work/job-cv-match-0020/job-cv-match-0020/0020_raw_marti__bayo_alemany_curriculum.pdf,/home/runner/work/job-cv-match-0020/job-cv-match-0020/Marti__Bayo_Alemany_certificates_2020_compressed.pdf,70400-120000 EUR,queued,ok,greenhouse:pinterest,eu-global
CRAWL-0766,web_crawl,Pinterest,"Software Engineer II, Android","San Francisco, CA, US; Remote, US",https://www.pinterestcareers.com/jobs/?gh_jid=4916795,https://www.pinterestcareers.com/jobs/?gh_jid=4916795,https://www.pinterestcareers.com/jobs/?gh_jid=4916795,10,/home/runner/work/job-cv-match-0020/job-cv-match-0020/0020_raw_marti__bayo_alemany_curriculum.pdf,/home/runner/work/job-cv-match-0020/job-cv-match-0020/Marti__Bayo_Alemany_certificates_2020_compressed.pdf,70400-120000 EUR,queued,ok,greenhouse:pinterest,eu-global
CRAWL-0767,web_crawl,Pinterest,"Software Engineer II, Backend","San Francisco, CA, US; Seattle, WA, US",https://www.pinterestcareers.com/jobs/?gh_jid=4813946,https://www.pinterestcareers.com/jobs/?gh_jid=4813946,https://www.pinterestcareers.com/jobs/?gh_jid=4813946,10,/home/runner/work/job-cv-match-0020/job-cv-match-0020/0020_raw_marti__bayo_alemany_curriculum.pdf,/home/runner/work/job-cv-match-0020/job-cv-match-0020/Marti__Bayo_Alemany_certificates_2020_compressed.pdf,70400-120000 EUR,queued,ok,greenhouse:pinterest,eu-global
CRAWL-0768,web_crawl,Pinterest,"Software Engineer II, Backend","Toronto, ON, CA",https://www.pinterestcareers.com/jobs/?gh_jid=5132899,https://www.pinterestcareers.com/jobs/?gh_jid=5132899,https://www.pinterestcareers.com/jobs/?gh_jid=5132899,10,/home/runner/work/job-cv-match-0020/job-cv-match-0020/0020_raw_marti__bayo_alemany_curriculum.pdf,/home/runner/work/job-cv-match-0020/job-cv-match-0020/Marti__Bayo_Alemany_certificates_2020_compressed.pdf,70400-120000 EUR,queued,ok,greenhouse:pinterest,eu-global
CRAWL-0769,web_crawl,Pinterest,"Software Engineer II, Full Stack","Toronto, ON, CA",https://www.pinterestcareers.com/jobs/?gh_jid=5459622,https://www.pinterestcareers.com/jobs/?gh_jid=5459622,https://www.pinterestcareers.com/jobs/?gh_jid=5459622,10,/home/runner/work/job-cv-match-0020/job-cv-match-0020/0020_raw_marti__bayo_alemany_curriculum.pdf,/home/runner/work/job-cv-match-0020/job-cv-match-0020/Marti__Bayo_Alemany_certificates_2020_compressed.pdf,70400-120000 EUR,queued,ok,greenhouse:pinterest,eu-global
CRAWL-0770,web_crawl,Pinterest,"Software Engineer II, iOS","San Francisco, CA, US; Remote, US",https://www.pinterestcareers.com/jobs/?gh_jid=5601228,https://www.pinterestcareers.com/jobs/?gh_jid=5601228,https://www.pinterestcareers.com/jobs/?gh_jid=5601228,10,/home/runner/work/job-cv-match-0020/job-cv-match-0020/0020_raw_marti__bayo_alemany_curriculum.pdf,/home/runner/work/job-cv-match-0020/job-cv-match-0020/Marti__Bayo_Alemany_certificates_2020_compressed.pdf,70400-120000 EUR,queued,ok,greenhouse:pinterest,eu-global
CRAWL-0771,web_crawl,Pinterest,"Software Engineer II, Web","Toronto, ON, CA",https://www.pinterestcareers.com/jobs/?gh_jid=8024883,https://www.pinterestcareers.com/jobs/?gh_jid=8024883,https://www.pinterestcareers.com/jobs/?gh_jid=8024883,10,/home/runner/work/job-cv-match-0020/job-cv-match-0020/0020_raw_marti__bayo_alemany_curriculum.pdf,/home/runner/work/job-cv-match-0020/job-cv-match-0020/Marti__Bayo_Alemany_certificates_2020_compressed.pdf,70400-120000 EUR,queued,ok,greenhouse:pinterest,eu-global
CRAWL-0772,web_crawl,Pinterest,"Software Engineer, iOS","Toronto, ON, CA",https://www.pinterestcareers.com/jobs/?gh_jid=6922682,https://www.pinterestcareers.com/jobs/?gh_jid=6922682,https://www.pinterestcareers.com/jobs/?gh_jid=6922682,10,/home/runner/work/job-cv-match-0020/job-cv-match-0020/0020_raw_marti__bayo_alemany_curriculum.pdf,/home/runner/work/job-cv-match-0020/job-cv-match-0020/Marti__Bayo_Alemany_certificates_2020_compressed.pdf,70400-120000 EUR,queued,ok,greenhouse:pinterest,eu-global
CRAWL-0773,web_crawl,Pinterest,"Sr. Security Software Engineer, Application Security","Chicago, IL, US; Remote, US",https://www.pinterestcareers.com/jobs/?gh_jid=7494708,https://www.pinterestcareers.com/jobs/?gh_jid=7494708,https://www.pinterestcareers.com/jobs/?gh_jid=7494708,10,/home/runner/work/job-cv-match-0020/job-cv-match-0020/0020_raw_marti__bayo_alemany_curriculum.pdf,/home/runner/work/job-cv-match-0020/job-cv-match-0020/Marti__Bayo_Alemany_certificates_2020_compressed.pdf,70400-120000 EUR,queued,ok,greenhouse:pinterest,eu-global
CRAWL-0774,web_crawl,Reddit,"Fullstack Software Engineer, Notifications Lifecycle",Remote - United States,https://job-boards.greenhouse.io/reddit/jobs/7895468,https://job-boards.greenhouse.io/reddit/jobs/7895468,https://job-boards.greenhouse.io/reddit/jobs/7895468,10,/home/runner/work/job-cv-match-0020/job-cv-match-0020/0020_raw_marti__bayo_alemany_curriculum.pdf,/home/runner/work/job-cv-match-0020/job-cv-match-0020/Marti__Bayo_Alemany_certificates_2020_compressed.pdf,70400-120000 EUR,queued,ok,greenhouse:reddit,eu-global
CRAWL-0775,web_crawl,Reddit,Software Engineer,"Remote - Ontario, Canada",https://job-boards.greenhouse.io/reddit/jobs/6909093,https://job-boards.greenhouse.io/reddit/jobs/6909093,https://job-boards.greenhouse.io/reddit/jobs/6909093,10,/home/runner/work/job-cv-match-0020/job-cv-match-0020/0020_raw_marti__bayo_alemany_curriculum.pdf,/home/runner/work/job-cv-match-0020/job-cv-match-0020/Marti__Bayo_Alemany_certificates_2020_compressed.pdf,70400-120000 EUR,queued,ok,greenhouse:reddit,eu-global
CRAWL-0776,web_crawl,Reddit,Software Engineer - Data Movement Platform,Remote - United States,https://job-boards.greenhouse.io/reddit/jobs/7997866,https://job-boards.greenhouse.io/reddit/jobs/7997866,https://job-boards.greenhouse.io/reddit/jobs/7997866,10,/home/runner/work/job-cv-match-0020/job-cv-match-0020/0020_raw_marti__bayo_alemany_curriculum.pdf,/home/runner/work/job-cv-match-0020/job-cv-match-0020/Marti__Bayo_Alemany_certificates_2020_compressed.pdf,70400-120000 EUR,queued,ok,greenhouse:reddit,eu-global
CRAWL-0777,web_crawl,Reddit,"Software Engineer, Ads",Remote - United States,https://job-boards.greenhouse.io/reddit/jobs/6469397,https://job-boards.greenhouse.io/reddit/jobs/6469397,https://job-boards.greenhouse.io/reddit/jobs/6469397,10,/home/runner/work/job-cv-match-0020/job-cv-match-0020/0020_raw_marti__bayo_alemany_curriculum.pdf,/home/runner/work/job-cv-match-0020/job-cv-match-0020/Marti__Bayo_Alemany_certificates_2020_compressed.pdf,70400-120000 EUR,queued,ok,greenhouse:reddit,eu-global
CRAWL-0778,web_crawl,Reddit,"Software Engineer, Ads","Remote - Ontario, Canada",https://job-boards.greenhouse.io/reddit/jobs/6512458,https://job-boards.greenhouse.io/reddit/jobs/6512458,https://job-boards.greenhouse.io/reddit/jobs/6512458,10,/home/runner/work/job-cv-match-0020/job-cv-match-0020/0020_raw_marti__bayo_alemany_curriculum.pdf,/home/runner/work/job-cv-match-0020/job-cv-match-0020/Marti__Bayo_Alemany_certificates_2020_compressed.pdf,70400-120000 EUR,queued,ok,greenhouse:reddit,eu-global
CRAWL-0779,web_crawl,Reddit,"Staff Machine Learning Software Engineer, Embeddings Platform",Remote - United States,https://job-boards.greenhouse.io/reddit/jobs/8001642,https://job-boards.greenhouse.io/reddit/jobs/8001642,https://job-boards.greenhouse.io/reddit/jobs/8001642,10,/home/runner/work/job-cv-match-0020/job-cv-match-0020/0020_raw_marti__bayo_alemany_curriculum.pdf,/home/runner/work/job-cv-match-0020/job-cv-match-0020/Marti__Bayo_Alemany_certificates_2020_compressed.pdf,70400-120000 EUR,queued,ok,greenhouse:reddit,eu-global
CRAWL-0780,web_crawl,Robinhood,"Full Stack Software Engineer, Credit Cards & Banking","Bellevue, WA; Menlo Park, CA; New York, NY",https://boards.greenhouse.io/robinhood/jobs/8008723?t=gh_src=&gh_jid=8008723,https://boards.greenhouse.io/robinhood/jobs/8008723?t=gh_src=&gh_jid=8008723,https://boards.greenhouse.io/robinhood/jobs/8008723?t=gh_src=&gh_jid=8008723,10,/home/runner/work/job-cv-match-0020/job-cv-match-0020/0020_raw_marti__bayo_alemany_curriculum.pdf,/home/runner/work/job-cv-match-0020/job-cv-match-0020/Marti__Bayo_Alemany_certificates_2020_compressed.pdf,70400-120000 EUR,queued,ok,greenhouse:robinhood,eu-global
CRAWL-0781,web_crawl,Robinhood,Software Engineer,"Menlo Park, CA",https://boards.greenhouse.io/robinhood/jobs/7975531?t=gh_src=&gh_jid=7975531,https://boards.greenhouse.io/robinhood/jobs/7975531?t=gh_src=&gh_jid=7975531,https://boards.greenhouse.io/robinhood/jobs/7975531?t=gh_src=&gh_jid=7975531,10,/home/runner/work/job-cv-match-0020/job-cv-match-0020/0020_raw_marti__bayo_alemany_curriculum.pdf,/home/runner/work/job-cv-match-0020/job-cv-match-0020/Marti__Bayo_Alemany_certificates_2020_compressed.pdf,70400-120000 EUR,queued,ok,greenhouse:robinhood,eu-global
CRAWL-0782,web_crawl,Robinhood,Software Engineer,"Menlo Park, CA",https://boards.greenhouse.io/robinhood/jobs/7975549?t=gh_src=&gh_jid=7975549,https://boards.greenhouse.io/robinhood/jobs/7975549?t=gh_src=&gh_jid=7975549,https://boards.greenhouse.io/robinhood/jobs/7975549?t=gh_src=&gh_jid=7975549,10,/home/runner/work/job-cv-match-0020/job-cv-match-0020/0020_raw_marti__bayo_alemany_curriculum.pdf,/home/runner/work/job-cv-match-0020/job-cv-match-0020/Marti__Bayo_Alemany_certificates_2020_compressed.pdf,70400-120000 EUR,queued,ok,greenhouse:robinhood,eu-global
CRAWL-0783,web_crawl,Robinhood,Software Engineer,"Menlo Park, CA",https://boards.greenhouse.io/robinhood/jobs/7975550?t=gh_src=&gh_jid=7975550,https://boards.greenhouse.io/robinhood/jobs/7975550?t=gh_src=&gh_jid=7975550,https://boards.greenhouse.io/robinhood/jobs/7975550?t=gh_src=&gh_jid=7975550,10,/home/runner/work/job-cv-match-0020/job-cv-match-0020/0020_raw_marti__bayo_alemany_curriculum.pdf,/home/runner/work/job-cv-match-0020/job-cv-match-0020/Marti__Bayo_Alemany_certificates_2020_compressed.pdf,70400-120000 EUR,queued,ok,greenhouse:robinhood,eu-global
CRAWL-0784,web_crawl,Robinhood,Software Engineer,"Menlo Park, CA",https://boards.greenhouse.io/robinhood/jobs/7975558?t=gh_src=&gh_jid=7975558,https://boards.greenhouse.io/robinhood/jobs/7975558?t=gh_src=&gh_jid=7975558,https://boards.greenhouse.io/robinhood/jobs/7975558?t=gh_src=&gh_jid=7975558,10,/home/runner/work/job-cv-match-0020/job-cv-match-0020/0020_raw_marti__bayo_alemany_curriculum.pdf,/home/runner/work/job-cv-match-0020/job-cv-match-0020/Marti__Bayo_Alemany_certificates_2020_compressed.pdf,70400-120000 EUR,queued,ok,greenhouse:robinhood,eu-global
CRAWL-0785,web_crawl,Robinhood,Software Engineer,"Menlo Park, CA",https://boards.greenhouse.io/robinhood/jobs/7975507?t=gh_src=&gh_jid=7975507,https://boards.greenhouse.io/robinhood/jobs/7975507?t=gh_src=&gh_jid=7975507,https://boards.greenhouse.io/robinhood/jobs/7975507?t=gh_src=&gh_jid=7975507,10,/home/runner/work/job-cv-match-0020/job-cv-match-0020/0020_raw_marti__bayo_alemany_curriculum.pdf,/home/runner/work/job-cv-match-0020/job-cv-match-0020/Marti__Bayo_Alemany_certificates_2020_compressed.pdf,70400-120000 EUR,queued,ok,greenhouse:robinhood,eu-global
CRAWL-0786,web_crawl,Robinhood,Software Engineer,"Menlo Park, CA",https://boards.greenhouse.io/robinhood/jobs/7975526?t=gh_src=&gh_jid=7975526,https://boards.greenhouse.io/robinhood/jobs/7975526?t=gh_src=&gh_jid=7975526,https://boards.greenhouse.io/robinhood/jobs/7975526?t=gh_src=&gh_jid=7975526,10,/home/runner/work/job-cv-match-0020/job-cv-match-0020/0020_raw_marti__bayo_alemany_curriculum.pdf,/home/runner/work/job-cv-match-0020/job-cv-match-0020/Marti__Bayo_Alemany_certificates_2020_compressed.pdf,70400-120000 EUR,queued,ok,greenhouse:robinhood,eu-global
CRAWL-0787,web_crawl,Robinhood,Software Engineer,"Menlo Park, CA",https://boards.greenhouse.io/robinhood/jobs/7975529?t=gh_src=&gh_jid=7975529,https://boards.greenhouse.io/robinhood/jobs/7975529?t=gh_src=&gh_jid=7975529,https://boards.greenhouse.io/robinhood/jobs/7975529?t=gh_src=&gh_jid=7975529,10,/home/runner/work/job-cv-match-0020/job-cv-match-0020/0020_raw_marti__bayo_alemany_curriculum.pdf,/home/runner/work/job-cv-match-0020/job-cv-match-0020/Marti__Bayo_Alemany_certificates_2020_compressed.pdf,70400-120000 EUR,queued,ok,greenhouse:robinhood,eu-global
CRAWL-0788,web_crawl,Robinhood,Software Engineer,"Menlo Park, CA",https://boards.greenhouse.io/robinhood/jobs/7975530?t=gh_src=&gh_jid=7975530,https://boards.greenhouse.io/robinhood/jobs/7975530?t=gh_src=&gh_jid=7975530,https://boards.greenhouse.io/robinhood/jobs/7975530?t=gh_src=&gh_jid=7975530,10,/home/runner/work/job-cv-match-0020/job-cv-match-0020/0020_raw_marti__bayo_alemany_curriculum.pdf,/home/runner/work/job-cv-match-0020/job-cv-match-0020/Marti__Bayo_Alemany_certificates_2020_compressed.pdf,70400-120000 EUR,queued,ok,greenhouse:robinhood,eu-global
CRAWL-0789,web_crawl,Robinhood,Software Engineer,"Menlo Park, CA",https://boards.greenhouse.io/robinhood/jobs/7975557?t=gh_src=&gh_jid=7975557,https://boards.greenhouse.io/robinhood/jobs/7975557?t=gh_src=&gh_jid=7975557,https://boards.greenhouse.io/robinhood/jobs/7975557?t=gh_src=&gh_jid=7975557,10,/home/runner/work/job-cv-match-0020/job-cv-match-0020/0020_raw_marti__bayo_alemany_curriculum.pdf,/home/runner/work/job-cv-match-0020/job-cv-match-0020/Marti__Bayo_Alemany_certificates_2020_compressed.pdf,70400-120000 EUR,queued,ok,greenhouse:robinhood,eu-global
CRAWL-0790,web_crawl,Robinhood,"Software Engineer, Backend","Menlo Park, CA; New York, NY",https://boards.greenhouse.io/robinhood/jobs/7263592?t=gh_src=&gh_jid=7263592,https://boards.greenhouse.io/robinhood/jobs/7263592?t=gh_src=&gh_jid=7263592,https://boards.greenhouse.io/robinhood/jobs/7263592?t=gh_src=&gh_jid=7263592,10,/home/runner/work/job-cv-match-0020/job-cv-match-0020/0020_raw_marti__bayo_alemany_curriculum.pdf,/home/runner/work/job-cv-match-0020/job-cv-match-0020/Marti__Bayo_Alemany_certificates_2020_compressed.pdf,70400-120000 EUR,queued,ok,greenhouse:robinhood,eu-global
CRAWL-0791,web_crawl,Robinhood,"Software Engineer, Wallet","Toronto, Canada",https://boards.greenhouse.io/robinhood/jobs/8088446?t=gh_src=&gh_jid=8088446,https://boards.greenhouse.io/robinhood/jobs/8088446?t=gh_src=&gh_jid=8088446,https://boards.greenhouse.io/robinhood/jobs/8088446?t=gh_src=&gh_jid=8088446,10,/home/runner/work/job-cv-match-0020/job-cv-match-0020/0020_raw_marti__bayo_alemany_curriculum.pdf,/home/runner/work/job-cv-match-0020/job-cv-match-0020/Marti__Bayo_Alemany_certificates_2020_compressed.pdf,70400-120000 EUR,queued,ok,greenhouse:robinhood,eu-global
CRAWL-0792,web_crawl,Robinhood,"Software Engineer, Wallet","Menlo Park, CA; New York, NY",https://boards.greenhouse.io/robinhood/jobs/8088444?t=gh_src=&gh_jid=8088444,https://boards.greenhouse.io/robinhood/jobs/8088444?t=gh_src=&gh_jid=8088444,https://boards.greenhouse.io/robinhood/jobs/8088444?t=gh_src=&gh_jid=8088444,10,/home/runner/work/job-cv-match-0020/job-cv-match-0020/0020_raw_marti__bayo_alemany_curriculum.pdf,/home/runner/work/job-cv-match-0020/job-cv-match-0020/Marti__Bayo_Alemany_certificates_2020_compressed.pdf,70400-120000 EUR,queued,ok,greenhouse:robinhood,eu-global
CRAWL-0793,web_crawl,Spotify,Software Engineer - Financial Engineering,Toronto,https://jobs.lever.co/spotify/308d127c-e765-4895-9264-3765ddbfc620,https://jobs.lever.co/spotify/308d127c-e765-4895-9264-3765ddbfc620,https://jobs.lever.co/spotify/308d127c-e765-4895-9264-3765ddbfc620,10,/home/runner/work/job-cv-match-0020/job-cv-match-0020/0020_raw_marti__bayo_alemany_curriculum.pdf,/home/runner/work/job-cv-match-0020/job-cv-match-0020/Marti__Bayo_Alemany_certificates_2020_compressed.pdf,70400-120000 EUR,queued,ok,lever:spotify,eu-global
CRAWL-0794,web_crawl,Stripe,Software Engineer,"South San Francisco, CA",https://stripe.com/jobs/search?gh_jid=8107379,https://stripe.com/jobs/search?gh_jid=8107379,https://stripe.com/jobs/search?gh_jid=8107379,10,/home/runner/work/job-cv-match-0020/job-cv-match-0020/0020_raw_marti__bayo_alemany_curriculum.pdf,/home/runner/work/job-cv-match-0020/job-cv-match-0020/Marti__Bayo_Alemany_certificates_2020_compressed.pdf,70400-120000 EUR,queued,ok,greenhouse:stripe,eu-global
CRAWL-0795,web_crawl,Stripe,Software Engineer,Seattle ,https://stripe.com/jobs/search?gh_jid=7991636,https://stripe.com/jobs/search?gh_jid=7991636,https://stripe.com/jobs/search?gh_jid=7991636,10,/home/runner/work/job-cv-match-0020/job-cv-match-0020/0020_raw_marti__bayo_alemany_curriculum.pdf,/home/runner/work/job-cv-match-0020/job-cv-match-0020/Marti__Bayo_Alemany_certificates_2020_compressed.pdf,70400-120000 EUR,queued,ok,greenhouse:stripe,eu-global
CRAWL-0796,web_crawl,Stripe,Software Engineer,"New York, NY",https://stripe.com/jobs/search?gh_jid=8009143,https://stripe.com/jobs/search?gh_jid=8009143,https://stripe.com/jobs/search?gh_jid=8009143,10,/home/runner/work/job-cv-match-0020/job-cv-match-0020/0020_raw_marti__bayo_alemany_curriculum.pdf,/home/runner/work/job-cv-match-0020/job-cv-match-0020/Marti__Bayo_Alemany_certificates_2020_compressed.pdf,70400-120000 EUR,queued,ok,greenhouse:stripe,eu-global
CRAWL-0797,web_crawl,Stripe,Software Engineer - Full Stack,"South San Francisco, California",https://stripe.com/jobs/search?gh_jid=8084193,https://stripe.com/jobs/search?gh_jid=8084193,https://stripe.com/jobs/search?gh_jid=8084193,10,/home/runner/work/job-cv-match-0020/job-cv-match-0020/0020_raw_marti__bayo_alemany_curriculum.pdf,/home/runner/work/job-cv-match-0020/job-cv-match-0020/Marti__Bayo_Alemany_certificates_2020_compressed.pdf,70400-120000 EUR,queued,ok,greenhouse:stripe,eu-global
CRAWL-0798,web_crawl,Stripe,Software Engineer - Infrastructure,"Seattle, WA",https://stripe.com/jobs/search?gh_jid=8099239,https://stripe.com/jobs/search?gh_jid=8099239,https://stripe.com/jobs/search?gh_jid=8099239,10,/home/runner/work/job-cv-match-0020/job-cv-match-0020/0020_raw_marti__bayo_alemany_curriculum.pdf,/home/runner/work/job-cv-match-0020/job-cv-match-0020/Marti__Bayo_Alemany_certificates_2020_compressed.pdf,70400-120000 EUR,queued,ok,greenhouse:stripe,eu-global
CRAWL-0799,web_crawl,Stripe,"Software Engineer - Smart Contract, Bridge",San Francisco or New York,https://stripe.com/jobs/search?gh_jid=7507904,https://stripe.com/jobs/search?gh_jid=7507904,https://stripe.com/jobs/search?gh_jid=7507904,10,/home/runner/work/job-cv-match-0020/job-cv-match-0020/0020_raw_marti__bayo_alemany_curriculum.pdf,/home/runner/work/job-cv-match-0020/job-cv-match-0020/Marti__Bayo_Alemany_certificates_2020_compressed.pdf,70400-120000 EUR,queued,ok,greenhouse:stripe,eu-global
CRAWL-0800,web_crawl,Stripe,"Software Engineer, Brazil",Sao Paulo,https://stripe.com/jobs/search?gh_jid=7895284,https://stripe.com/jobs/search?gh_jid=7895284,https://stripe.com/jobs/search?gh_jid=7895284,10,/home/runner/work/job-cv-match-0020/job-cv-match-0020/0020_raw_marti__bayo_alemany_curriculum.pdf,/home/runner/work/job-cv-match-0020/job-cv-match-0020/Marti__Bayo_Alemany_certificates_2020_compressed.pdf,70400-120000 EUR,queued,ok,greenhouse:stripe,eu-global
CRAWL-0801,web_crawl,Stripe,"Software Engineer, Bridge","San Francisco, NY, Seattle",https://stripe.com/jobs/search?gh_jid=7277110,https://stripe.com/jobs/search?gh_jid=7277110,https://stripe.com/jobs/search?gh_jid=7277110,10,/home/runner/work/job-cv-match-0020/job-cv-match-0020/0020_raw_marti__bayo_alemany_curriculum.pdf,/home/runner/work/job-cv-match-0020/job-cv-match-0020/Marti__Bayo_Alemany_certificates_2020_compressed.pdf,70400-120000 EUR,queued,ok,greenhouse:stripe,eu-global
CRAWL-0802,web_crawl,Stripe,"Software Engineer, Connect Tax Reporting","Bucharest, Romania",https://stripe.com/jobs/search?gh_jid=8078337,https://stripe.com/jobs/search?gh_jid=8078337,https://stripe.com/jobs/search?gh_jid=8078337,10,/home/runner/work/job-cv-match-0020/job-cv-match-0020/0020_raw_marti__bayo_alemany_curriculum.pdf,/home/runner/work/job-cv-match-0020/job-cv-match-0020/Marti__Bayo_Alemany_certificates_2020_compressed.pdf,70400-120000 EUR,queued,ok,greenhouse:stripe,eu-global
CRAWL-0803,web_crawl,Stripe,"Software Engineer, Core Infrastructure","Sydney, Australia",https://stripe.com/jobs/search?gh_jid=7975725,https://stripe.com/jobs/search?gh_jid=7975725,https://stripe.com/jobs/search?gh_jid=7975725,10,/home/runner/work/job-cv-match-0020/job-cv-match-0020/0020_raw_marti__bayo_alemany_curriculum.pdf,/home/runner/work/job-cv-match-0020/job-cv-match-0020/Marti__Bayo_Alemany_certificates_2020_compressed.pdf,70400-120000 EUR,queued,ok,greenhouse:stripe,eu-global
CRAWL-0804,web_crawl,Stripe,"Software Engineer, Data Orchestration",N/A,https://stripe.com/jobs/search?gh_jid=7230670,https://stripe.com/jobs/search?gh_jid=7230670,https://stripe.com/jobs/search?gh_jid=7230670,10,/home/runner/work/job-cv-match-0020/job-cv-match-0020/0020_raw_marti__bayo_alemany_curriculum.pdf,/home/runner/work/job-cv-match-0020/job-cv-match-0020/Marti__Bayo_Alemany_certificates_2020_compressed.pdf,70400-120000 EUR,queued,ok,greenhouse:stripe,eu-global
CRAWL-0805,web_crawl,Stripe,"Software Engineer, Internal Systems","Bengaluru, India",https://stripe.com/jobs/search?gh_jid=7543868,https://stripe.com/jobs/search?gh_jid=7543868,https://stripe.com/jobs/search?gh_jid=7543868,10,/home/runner/work/job-cv-match-0020/job-cv-match-0020/0020_raw_marti__bayo_alemany_curriculum.pdf,/home/runner/work/job-cv-match-0020/job-cv-match-0020/Marti__Bayo_Alemany_certificates_2020_compressed.pdf,70400-120000 EUR,queued,ok,greenhouse:stripe,eu-global
CRAWL-0806,web_crawl,Stripe,"Software Engineer, Machine Learning Infrastructure","Toronto, Canada",https://stripe.com/jobs/search?gh_jid=8084476,https://stripe.com/jobs/search?gh_jid=8084476,https://stripe.com/jobs/search?gh_jid=8084476,10,/home/runner/work/job-cv-match-0020/job-cv-match-0020/0020_raw_marti__bayo_alemany_curriculum.pdf,/home/runner/work/job-cv-match-0020/job-cv-match-0020/Marti__Bayo_Alemany_certificates_2020_compressed.pdf,70400-120000 EUR,queued,ok,greenhouse:stripe,eu-global
CRAWL-0807,web_crawl,Stripe,"Software Engineer, Money Movement",London,https://stripe.com/jobs/search?gh_jid=7208537,https://stripe.com/jobs/search?gh_jid=7208537,https://stripe.com/jobs/search?gh_jid=7208537,10,/home/runner/work/job-cv-match-0020/job-cv-match-0020/0020_raw_marti__bayo_alemany_curriculum.pdf,/home/runner/work/job-cv-match-0020/job-cv-match-0020/Marti__Bayo_Alemany_certificates_2020_compressed.pdf,70400-120000 EUR,queued,ok,greenhouse:stripe,eu-global
CRAWL-0808,web_crawl,Stripe,"Software Engineer, New Grad, Developer & End User Experience Platform",Toronto,https://stripe.com/jobs/search?gh_jid=7991718,https://stripe.com/jobs/search?gh_jid=7991718,https://stripe.com/jobs/search?gh_jid=7991718,10,/home/runner/work/job-cv-match-0020/job-cv-match-0020/0020_raw_marti__bayo_alemany_curriculum.pdf,/home/runner/work/job-cv-match-0020/job-cv-match-0020/Marti__Bayo_Alemany_certificates_2020_compressed.pdf,70400-120000 EUR,queued,ok,greenhouse:stripe,eu-global
CRAWL-0809,web_crawl,Stripe,"Software Engineer, Optimized Checkout & Link",US Remote,https://stripe.com/jobs/search?gh_jid=8075469,https://stripe.com/jobs/search?gh_jid=8075469,https://stripe.com/jobs/search?gh_jid=8075469,10,/home/runner/work/job-cv-match-0020/job-cv-match-0020/0020_raw_marti__bayo_alemany_curriculum.pdf,/home/runner/work/job-cv-match-0020/job-cv-match-0020/Marti__Bayo_Alemany_certificates_2020_compressed.pdf,70400-120000 EUR,queued,ok,greenhouse:stripe,eu-global
CRAWL-0810,web_crawl,Stripe,"Software Engineer, Payments",Singapore,https://stripe.com/jobs/search?gh_jid=7529787,https://stripe.com/jobs/search?gh_jid=7529787,https://stripe.com/jobs/search?gh_jid=7529787,10,/home/runner/work/job-cv-match-0020/job-cv-match-0020/0020_raw_marti__bayo_alemany_curriculum.pdf,/home/runner/work/job-cv-match-0020/job-cv-match-0020/Marti__Bayo_Alemany_certificates_2020_compressed.pdf,70400-120000 EUR,queued,ok,greenhouse:stripe,eu-global
CRAWL-0811,web_crawl,Stripe,"Software Engineer, Payments, Risk, & Premium Merchant Experiences","Dublin, Ireland",https://stripe.com/jobs/search?gh_jid=6717520,https://stripe.com/jobs/search?gh_jid=6717520,https://stripe.com/jobs/search?gh_jid=6717520,10,/home/runner/work/job-cv-match-0020/job-cv-match-0020/0020_raw_marti__bayo_alemany_curriculum.pdf,/home/runner/work/job-cv-match-0020/job-cv-match-0020/Marti__Bayo_Alemany_certificates_2020_compressed.pdf,70400-120000 EUR,queued,ok,greenhouse:stripe,eu-global
CRAWL-0812,web_crawl,Stripe,"Software Engineer, Product Security Data Platforms",Seattle,https://stripe.com/jobs/search?gh_jid=7761694,https://stripe.com/jobs/search?gh_jid=7761694,https://stripe.com/jobs/search?gh_jid=7761694,10,/home/runner/work/job-cv-match-0020/job-cv-match-0020/0020_raw_marti__bayo_alemany_curriculum.pdf,/home/runner/work/job-cv-match-0020/job-cv-match-0020/Marti__Bayo_Alemany_certificates_2020_compressed.pdf,70400-120000 EUR,queued,ok,greenhouse:stripe,eu-global
CRAWL-0813,web_crawl,Stripe,"Software Engineer, Product Security Data Platforms",Seattle,https://stripe.com/jobs/search?gh_jid=8039800,https://stripe.com/jobs/search?gh_jid=8039800,https://stripe.com/jobs/search?gh_jid=8039800,10,/home/runner/work/job-cv-match-0020/job-cv-match-0020/0020_raw_marti__bayo_alemany_curriculum.pdf,/home/runner/work/job-cv-match-0020/job-cv-match-0020/Marti__Bayo_Alemany_certificates_2020_compressed.pdf,70400-120000 EUR,queued,ok,greenhouse:stripe,eu-global
CRAWL-0814,web_crawl,Stripe,"Software Engineer, Secrets Infrastructure",na,https://stripe.com/jobs/search?gh_jid=7396679,https://stripe.com/jobs/search?gh_jid=7396679,https://stripe.com/jobs/search?gh_jid=7396679,10,/home/runner/work/job-cv-match-0020/job-cv-match-0020/0020_raw_marti__bayo_alemany_curriculum.pdf,/home/runner/work/job-cv-match-0020/job-cv-match-0020/Marti__Bayo_Alemany_certificates_2020_compressed.pdf,70400-120000 EUR,queued,ok,greenhouse:stripe,eu-global
CRAWL-0815,web_crawl,Stripe,"Software Engineer, Sending","South San Francisco, California",https://stripe.com/jobs/search?gh_jid=8107302,https://stripe.com/jobs/search?gh_jid=8107302,https://stripe.com/jobs/search?gh_jid=8107302,10,/home/runner/work/job-cv-match-0020/job-cv-match-0020/0020_raw_marti__bayo_alemany_curriculum.pdf,/home/runner/work/job-cv-match-0020/job-cv-match-0020/Marti__Bayo_Alemany_certificates_2020_compressed.pdf,70400-120000 EUR,queued,ok,greenhouse:stripe,eu-global
CRAWL-0816,web_crawl,Stripe,"Software Engineer, Stripe Tax","Dublin, Ireland",https://stripe.com/jobs/search?gh_jid=8076626,https://stripe.com/jobs/search?gh_jid=8076626,https://stripe.com/jobs/search?gh_jid=8076626,10,/home/runner/work/job-cv-match-0020/job-cv-match-0020/0020_raw_marti__bayo_alemany_curriculum.pdf,/home/runner/work/job-cv-match-0020/job-cv-match-0020/Marti__Bayo_Alemany_certificates_2020_compressed.pdf,70400-120000 EUR,queued,ok,greenhouse:stripe,eu-global
CRAWL-0817,web_crawl,Stripe,"Software Engineer, Vulnerability Management",US - Remote,https://stripe.com/jobs/search?gh_jid=8089353,https://stripe.com/jobs/search?gh_jid=8089353,https://stripe.com/jobs/search?gh_jid=8089353,10,/home/runner/work/job-cv-match-0020/job-cv-match-0020/0020_raw_marti__bayo_alemany_curriculum.pdf,/home/runner/work/job-cv-match-0020/job-cv-match-0020/Marti__Bayo_Alemany_certificates_2020_compressed.pdf,70400-120000 EUR,queued,ok,greenhouse:stripe,eu-global
CRAWL-0818,web_crawl,Twilio,Software Engineer,Remote - Estonia,https://job-boards.greenhouse.io/twilio/jobs/7647708,https://job-boards.greenhouse.io/twilio/jobs/7647708,https://job-boards.greenhouse.io/twilio/jobs/7647708,10,/home/runner/work/job-cv-match-0020/job-cv-match-0020/0020_raw_marti__bayo_alemany_curriculum.pdf,/home/runner/work/job-cv-match-0020/job-cv-match-0020/Marti__Bayo_Alemany_certificates_2020_compressed.pdf,70400-120000 EUR,queued,ok,greenhouse:twilio,eu-global
CRAWL-0819,web_crawl,Twilio,Software Engineer,Remote - Ireland,https://job-boards.greenhouse.io/twilio/jobs/7785202,https://job-boards.greenhouse.io/twilio/jobs/7785202,https://job-boards.greenhouse.io/twilio/jobs/7785202,10,/home/runner/work/job-cv-match-0020/job-cv-match-0020/0020_raw_marti__bayo_alemany_curriculum.pdf,/home/runner/work/job-cv-match-0020/job-cv-match-0020/Marti__Bayo_Alemany_certificates_2020_compressed.pdf,70400-120000 EUR,queued,ok,greenhouse:twilio,eu-global
CRAWL-0820,web_crawl,Twilio,Software Engineer (L2),Remote - US,https://job-boards.greenhouse.io/twilio/jobs/8097672,https://job-boards.greenhouse.io/twilio/jobs/8097672,https://job-boards.greenhouse.io/twilio/jobs/8097672,10,/home/runner/work/job-cv-match-0020/job-cv-match-0020/0020_raw_marti__bayo_alemany_curriculum.pdf,/home/runner/work/job-cv-match-0020/job-cv-match-0020/Marti__Bayo_Alemany_certificates_2020_compressed.pdf,70400-120000 EUR,queued,ok,greenhouse:twilio,eu-global
CRAWL-0821,web_crawl,Twilio,Software Engineer (L2),Remote - US,https://job-boards.greenhouse.io/twilio/jobs/8100236,https://job-boards.greenhouse.io/twilio/jobs/8100236,https://job-boards.greenhouse.io/twilio/jobs/8100236,10,/home/runner/work/job-cv-match-0020/job-cv-match-0020/0020_raw_marti__bayo_alemany_curriculum.pdf,/home/runner/work/job-cv-match-0020/job-cv-match-0020/Marti__Bayo_Alemany_certificates_2020_compressed.pdf,70400-120000 EUR,queued,ok,greenhouse:twilio,eu-global
CRAWL-0822,web_crawl,Twilio,Software Engineer (L2),Remote - US,https://job-boards.greenhouse.io/twilio/jobs/7946610,https://job-boards.greenhouse.io/twilio/jobs/7946610,https://job-boards.greenhouse.io/twilio/jobs/7946610,10,/home/runner/work/job-cv-match-0020/job-cv-match-0020/0020_raw_marti__bayo_alemany_curriculum.pdf,/home/runner/work/job-cv-match-0020/job-cv-match-0020/Marti__Bayo_Alemany_certificates_2020_compressed.pdf,70400-120000 EUR,queued,ok,greenhouse:twilio,eu-global
CRAWL-0823,web_crawl,Twilio,Software Engineer (L2) Email,Remote - US,https://job-boards.greenhouse.io/twilio/jobs/7689461,https://job-boards.greenhouse.io/twilio/jobs/7689461,https://job-boards.greenhouse.io/twilio/jobs/7689461,10,/home/runner/work/job-cv-match-0020/job-cv-match-0020/0020_raw_marti__bayo_alemany_curriculum.pdf,/home/runner/work/job-cv-match-0020/job-cv-match-0020/Marti__Bayo_Alemany_certificates_2020_compressed.pdf,70400-120000 EUR,queued,ok,greenhouse:twilio,eu-global
CRAWL-0824,web_crawl,Twilio,Software Engineer (L3) Data Substrate,Remote - US,https://job-boards.greenhouse.io/twilio/jobs/7954715,https://job-boards.greenhouse.io/twilio/jobs/7954715,https://job-boards.greenhouse.io/twilio/jobs/7954715,10,/home/runner/work/job-cv-match-0020/job-cv-match-0020/0020_raw_marti__bayo_alemany_curriculum.pdf,/home/runner/work/job-cv-match-0020/job-cv-match-0020/Marti__Bayo_Alemany_certificates_2020_compressed.pdf,70400-120000 EUR,queued,ok,greenhouse:twilio,eu-global
CRAWL-0825,web_crawl,Twilio,Software Engineer (L4),Remote - US,https://job-boards.greenhouse.io/twilio/jobs/8098945,https://job-boards.greenhouse.io/twilio/jobs/8098945,https://job-boards.greenhouse.io/twilio/jobs/8098945,10,/home/runner/work/job-cv-match-0020/job-cv-match-0020/0020_raw_marti__bayo_alemany_curriculum.pdf,/home/runner/work/job-cv-match-0020/job-cv-match-0020/Marti__Bayo_Alemany_certificates_2020_compressed.pdf,70400-120000 EUR,queued,ok,greenhouse:twilio,eu-global
CRAWL-0826,web_crawl,Twilio,Software Engineer (L4),Remote - US,https://job-boards.greenhouse.io/twilio/jobs/8103253,https://job-boards.greenhouse.io/twilio/jobs/8103253,https://job-boards.greenhouse.io/twilio/jobs/8103253,10,/home/runner/work/job-cv-match-0020/job-cv-match-0020/0020_raw_marti__bayo_alemany_curriculum.pdf,/home/runner/work/job-cv-match-0020/job-cv-match-0020/Marti__Bayo_Alemany_certificates_2020_compressed.pdf,70400-120000 EUR,queued,ok,greenhouse:twilio,eu-global
CRAWL-0827,web_crawl,Twilio,Software Engineer - Video,Remote - US,https://job-boards.greenhouse.io/twilio/jobs/7661919,https://job-boards.greenhouse.io/twilio/jobs/7661919,https://job-boards.greenhouse.io/twilio/jobs/7661919,10,/home/runner/work/job-cv-match-0020/job-cv-match-0020/0020_raw_marti__bayo_alemany_curriculum.pdf,/home/runner/work/job-cv-match-0020/job-cv-match-0020/Marti__Bayo_Alemany_certificates_2020_compressed.pdf,70400-120000 EUR,queued,ok,greenhouse:twilio,eu-global
CRAWL-0828,web_crawl,Twilio,Software Engineer L2 - Cloud Infrastructure,Remote - US,https://job-boards.greenhouse.io/twilio/jobs/7434770,https://job-boards.greenhouse.io/twilio/jobs/7434770,https://job-boards.greenhouse.io/twilio/jobs/7434770,10,/home/runner/work/job-cv-match-0020/job-cv-match-0020/0020_raw_marti__bayo_alemany_curriculum.pdf,/home/runner/work/job-cv-match-0020/job-cv-match-0020/Marti__Bayo_Alemany_certificates_2020_compressed.pdf,70400-120000 EUR,queued,ok,greenhouse:twilio,eu-global
CRAWL-0829,web_crawl,Twilio,Software Engineer L3,Remote - US,https://job-boards.greenhouse.io/twilio/jobs/8009057,https://job-boards.greenhouse.io/twilio/jobs/8009057,https://job-boards.greenhouse.io/twilio/jobs/8009057,10,/home/runner/work/job-cv-match-0020/job-cv-match-0020/0020_raw_marti__bayo_alemany_curriculum.pdf,/home/runner/work/job-cv-match-0020/job-cv-match-0020/Marti__Bayo_Alemany_certificates_2020_compressed.pdf,70400-120000 EUR,queued,ok,greenhouse:twilio,eu-global
CRAWL-0830,web_crawl,Twilio,Software Engineer L3 Phone Numbers,Remote - US,https://job-boards.greenhouse.io/twilio/jobs/7724877,https://job-boards.greenhouse.io/twilio/jobs/7724877,https://job-boards.greenhouse.io/twilio/jobs/7724877,10,/home/runner/work/job-cv-match-0020/job-cv-match-0020/0020_raw_marti__bayo_alemany_curriculum.pdf,/home/runner/work/job-cv-match-0020/job-cv-match-0020/Marti__Bayo_Alemany_certificates_2020_compressed.pdf,70400-120000 EUR,queued,ok,greenhouse:twilio,eu-global
CRAWL-0831,web_crawl,Twilio,"Software Engineer, Identity",Remote - US,https://job-boards.greenhouse.io/twilio/jobs/7605743,https://job-boards.greenhouse.io/twilio/jobs/7605743,https://job-boards.greenhouse.io/twilio/jobs/7605743,10,/home/runner/work/job-cv-match-0020/job-cv-match-0020/0020_raw_marti__bayo_alemany_curriculum.pdf,/home/runner/work/job-cv-match-0020/job-cv-match-0020/Marti__Bayo_Alemany_certificates_2020_compressed.pdf,70400-120000 EUR,queued,ok,greenhouse:twilio,eu-global
CRAWL-0832,web_crawl,Twilio,"Software Engineer, Platform Engineering (L2)",Remote - US,https://job-boards.greenhouse.io/twilio/jobs/8026207,https://job-boards.greenhouse.io/twilio/jobs/8026207,https://job-boards.greenhouse.io/twilio/jobs/8026207,10,/home/runner/work/job-cv-match-0020/job-cv-match-0020/0020_raw_marti__bayo_alemany_curriculum.pdf,/home/runner/work/job-cv-match-0020/job-cv-match-0020/Marti__Bayo_Alemany_certificates_2020_compressed.pdf,70400-120000 EUR,queued,ok,greenhouse:twilio,eu-global
CRAWL-0833,web_crawl,Twilio,Software Engineer-Platform Engineering (L3),Remote - US,https://job-boards.greenhouse.io/twilio/jobs/8026203,https://job-boards.greenhouse.io/twilio/jobs/8026203,https://job-boards.greenhouse.io/twilio/jobs/8026203,10,/home/runner/work/job-cv-match-0020/job-cv-match-0020/0020_raw_marti__bayo_alemany_curriculum.pdf,/home/runner/work/job-cv-match-0020/job-cv-match-0020/Marti__Bayo_Alemany_certificates_2020_compressed.pdf,70400-120000 EUR,queued,ok,greenhouse:twilio,eu-global
CRAWL-0834,web_crawl,Twilio,"Staff, Software Engineer (L4) - Email",Remote - US,https://job-boards.greenhouse.io/twilio/jobs/7967685,https://job-boards.greenhouse.io/twilio/jobs/7967685,https://job-boards.greenhouse.io/twilio/jobs/7967685,10,/home/runner/work/job-cv-match-0020/job-cv-match-0020/0020_raw_marti__bayo_alemany_curriculum.pdf,/home/runner/work/job-cv-match-0020/job-cv-match-0020/Marti__Bayo_Alemany_certificates_2020_compressed.pdf,70400-120000 EUR,queued,ok,greenhouse:twilio,eu-global
CRAWL-0835,web_crawl,Elastic,"Principal Java Developer - Distributed Systems, Serverless - Elasticsearch",Canada,https://jobs.elastic.co/jobs?gh_jid=7982102&gh_jid=7982102,https://jobs.elastic.co/jobs?gh_jid=7982102&gh_jid=7982102,https://jobs.elastic.co/jobs?gh_jid=7982102&gh_jid=7982102,9,/home/runner/work/job-cv-match-0020/job-cv-match-0020/0020_raw_marti__bayo_alemany_curriculum.pdf,/home/runner/work/job-cv-match-0020/job-cv-match-0020/Marti__Bayo_Alemany_certificates_2020_compressed.pdf,70400-120000 EUR,queued,ok,greenhouse:elastic,eu-global
CRAWL-0836,web_crawl,Elastic,"Principal Java Engineer - Distributed Systems, Serverless - Elasticsearch",Greece,https://jobs.elastic.co/jobs?gh_jid=8002555&gh_jid=8002555,https://jobs.elastic.co/jobs?gh_jid=8002555&gh_jid=8002555,https://jobs.elastic.co/jobs?gh_jid=8002555&gh_jid=8002555,9,/home/runner/work/job-cv-match-0020/job-cv-match-0020/0020_raw_marti__bayo_alemany_curriculum.pdf,/home/runner/work/job-cv-match-0020/job-cv-match-0020/Marti__Bayo_Alemany_certificates_2020_compressed.pdf,70400-120000 EUR,queued,ok,greenhouse:elastic,eu-global
CRAWL-0837,web_crawl,Elastic,"Principal Java Engineer - Distributed Systems, Serverless - Elasticsearch",United States,https://jobs.elastic.co/jobs?gh_jid=7982100&gh_jid=7982100,https://jobs.elastic.co/jobs?gh_jid=7982100&gh_jid=7982100,https://jobs.elastic.co/jobs?gh_jid=7982100&gh_jid=7982100,9,/home/runner/work/job-cv-match-0020/job-cv-match-0020/0020_raw_marti__bayo_alemany_curriculum.pdf,/home/runner/work/job-cv-match-0020/job-cv-match-0020/Marti__Bayo_Alemany_certificates_2020_compressed.pdf,70400-120000 EUR,queued,ok,greenhouse:elastic,eu-global
CRAWL-0838,web_crawl,Elastic,"Principal Java Engineer - Distributed Systems, Serverless - Elasticsearch",Spain,https://jobs.elastic.co/jobs?gh_jid=8002562&gh_jid=8002562,https://jobs.elastic.co/jobs?gh_jid=8002562&gh_jid=8002562,https://jobs.elastic.co/jobs?gh_jid=8002562&gh_jid=8002562,9,/home/runner/work/job-cv-match-0020/job-cv-match-0020/0020_raw_marti__bayo_alemany_curriculum.pdf,/home/runner/work/job-cv-match-0020/job-cv-match-0020/Marti__Bayo_Alemany_certificates_2020_compressed.pdf,70400-120000 EUR,queued,ok,greenhouse:elastic,eu-global
CRAWL-0839,web_crawl,Elastic,"Principal Java Engineer - Distributed Systems, Serverless - Elasticsearch",Romania,https://jobs.elastic.co/jobs?gh_jid=8002561&gh_jid=8002561,https://jobs.elastic.co/jobs?gh_jid=8002561&gh_jid=8002561,https://jobs.elastic.co/jobs?gh_jid=8002561&gh_jid=8002561,9,/home/runner/work/job-cv-match-0020/job-cv-match-0020/0020_raw_marti__bayo_alemany_curriculum.pdf,/home/runner/work/job-cv-match-0020/job-cv-match-0020/Marti__Bayo_Alemany_certificates_2020_compressed.pdf,70400-120000 EUR,queued,ok,greenhouse:elastic,eu-global
CRAWL-0840,web_crawl,Elastic,"Principal Java Engineer - Distributed Systems, Serverless - Elasticsearch",Portugal,https://jobs.elastic.co/jobs?gh_jid=8002560&gh_jid=8002560,https://jobs.elastic.co/jobs?gh_jid=8002560&gh_jid=8002560,https://jobs.elastic.co/jobs?gh_jid=8002560&gh_jid=8002560,9,/home/runner/work/job-cv-match-0020/job-cv-match-0020/0020_raw_marti__bayo_alemany_curriculum.pdf,/home/runner/work/job-cv-match-0020/job-cv-match-0020/Marti__Bayo_Alemany_certificates_2020_compressed.pdf,70400-120000 EUR,queued,ok,greenhouse:elastic,eu-global
CRAWL-0841,web_crawl,Elastic,"Principal Java Engineer - Distributed Systems, Serverless - Elasticsearch",Norway,https://jobs.elastic.co/jobs?gh_jid=8002559&gh_jid=8002559,https://jobs.elastic.co/jobs?gh_jid=8002559&gh_jid=8002559,https://jobs.elastic.co/jobs?gh_jid=8002559&gh_jid=8002559,9,/home/runner/work/job-cv-match-0020/job-cv-match-0020/0020_raw_marti__bayo_alemany_curriculum.pdf,/home/runner/work/job-cv-match-0020/job-cv-match-0020/Marti__Bayo_Alemany_certificates_2020_compressed.pdf,70400-120000 EUR,queued,ok,greenhouse:elastic,eu-global
CRAWL-0842,web_crawl,Elastic,"Principal Java Engineer - Distributed Systems, Serverless - Elasticsearch",Ireland,https://jobs.elastic.co/jobs?gh_jid=8002558&gh_jid=8002558,https://jobs.elastic.co/jobs?gh_jid=8002558&gh_jid=8002558,https://jobs.elastic.co/jobs?gh_jid=8002558&gh_jid=8002558,9,/home/runner/work/job-cv-match-0020/job-cv-match-0020/0020_raw_marti__bayo_alemany_curriculum.pdf,/home/runner/work/job-cv-match-0020/job-cv-match-0020/Marti__Bayo_Alemany_certificates_2020_compressed.pdf,70400-120000 EUR,queued,ok,greenhouse:elastic,eu-global
CRAWL-0843,web_crawl,GitLab,"Staff Backend Engineer (Go), Events Platform","Bangalore, India",https://job-boards.greenhouse.io/gitlab/jobs/8488961002,https://job-boards.greenhouse.io/gitlab/jobs/8488961002,https://job-boards.greenhouse.io/gitlab/jobs/8488961002,9,/home/runner/work/job-cv-match-0020/job-cv-match-0020/0020_raw_marti__bayo_alemany_curriculum.pdf,/home/runner/work/job-cv-match-0020/job-cv-match-0020/Marti__Bayo_Alemany_certificates_2020_compressed.pdf,70400-120000 EUR,queued,ok,greenhouse:gitlab,eu-global
CRAWL-0844,web_crawl,GitLab,"Staff Backend Engineer, Gitlab Delivery: Upgrades","Bangalore, India",https://job-boards.greenhouse.io/gitlab/jobs/8463922002,https://job-boards.greenhouse.io/gitlab/jobs/8463922002,https://job-boards.greenhouse.io/gitlab/jobs/8463922002,9,/home/runner/work/job-cv-match-0020/job-cv-match-0020/0020_raw_marti__bayo_alemany_curriculum.pdf,/home/runner/work/job-cv-match-0020/job-cv-match-0020/Marti__Bayo_Alemany_certificates_2020_compressed.pdf,70400-120000 EUR,queued,ok,greenhouse:gitlab,eu-global
CRAWL-0845,web_crawl,Palantir,DevOps Engineer,"Washington, D.C.",https://jobs.lever.co/palantir/51ea4a3b-7764-4c87-96e4-310e19c856d5,https://jobs.lever.co/palantir/51ea4a3b-7764-4c87-96e4-310e19c856d5,https://jobs.lever.co/palantir/51ea4a3b-7764-4c87-96e4-310e19c856d5,9,/home/runner/work/job-cv-match-0020/job-cv-match-0020/0020_raw_marti__bayo_alemany_curriculum.pdf,/home/runner/work/job-cv-match-0020/job-cv-match-0020/Marti__Bayo_Alemany_certificates_2020_compressed.pdf,70400-120000 EUR,queued,ok,lever:palantir,eu-global
CRAWL-0846,web_crawl,Palantir,DevOps Engineer,"New York, NY",https://jobs.lever.co/palantir/c3f40e41-6258-4233-a7f9-091bf67df30b,https://jobs.lever.co/palantir/c3f40e41-6258-4233-a7f9-091bf67df30b,https://jobs.lever.co/palantir/c3f40e41-6258-4233-a7f9-091bf67df30b,9,/home/runner/work/job-cv-match-0020/job-cv-match-0020/0020_raw_marti__bayo_alemany_curriculum.pdf,/home/runner/work/job-cv-match-0020/job-cv-match-0020/Marti__Bayo_Alemany_certificates_2020_compressed.pdf,70400-120000 EUR,queued,ok,lever:palantir,eu-global
CRAWL-0847,web_crawl,Airbnb,Staff Backend Engineer - Ads Platform,Remote - USA,https://careers.airbnb.com/positions/8074897?gh_jid=8074897,https://careers.airbnb.com/positions/8074897?gh_jid=8074897,https://careers.airbnb.com/positions/8074897?gh_jid=8074897,7,/home/runner/work/job-cv-match-0020/job-cv-match-0020/0020_raw_marti__bayo_alemany_curriculum.pdf,/home/runner/work/job-cv-match-0020/job-cv-match-0020/Marti__Bayo_Alemany_certificates_2020_compressed.pdf,70400-120000 EUR,queued,ok,greenhouse:airbnb,eu-global
CRAWL-0848,web_crawl,Airbnb,"Staff Backend Engineer, Host Pricing & Availability",Remote - USA,https://careers.airbnb.com/positions/8078019?gh_jid=8078019,https://careers.airbnb.com/positions/8078019?gh_jid=8078019,https://careers.airbnb.com/positions/8078019?gh_jid=8078019,7,/home/runner/work/job-cv-match-0020/job-cv-match-0020/0020_raw_marti__bayo_alemany_curriculum.pdf,/home/runner/work/job-cv-match-0020/job-cv-match-0020/Marti__Bayo_Alemany_certificates_2020_compressed.pdf,70400-120000 EUR,queued,ok,greenhouse:airbnb,eu-global
CRAWL-0849,web_crawl,GitLab,Staff Fullstack Engineer - Data Products,"Bangalore, India",https://job-boards.greenhouse.io/gitlab/jobs/8623763002,https://job-boards.greenhouse.io/gitlab/jobs/8623763002,https://job-boards.greenhouse.io/gitlab/jobs/8623763002,7,/home/runner/work/job-cv-match-0020/job-cv-match-0020/0020_raw_marti__bayo_alemany_curriculum.pdf,/home/runner/work/job-cv-match-0020/job-cv-match-0020/Marti__Bayo_Alemany_certificates_2020_compressed.pdf,70400-120000 EUR,queued,ok,greenhouse:gitlab,eu-global
CRAWL-0850,web_crawl,GitLab,Staff Fullstack Engineer - Data Products,"Bangalore, India",https://job-boards.greenhouse.io/gitlab/jobs/8613165002,https://job-boards.greenhouse.io/gitlab/jobs/8613165002,https://job-boards.greenhouse.io/gitlab/jobs/8613165002,7,/home/runner/work/job-cv-match-0020/job-cv-match-0020/0020_raw_marti__bayo_alemany_curriculum.pdf,/home/runner/work/job-cv-match-0020/job-cv-match-0020/Marti__Bayo_Alemany_certificates_2020_compressed.pdf,70400-120000 EUR,queued,ok,greenhouse:gitlab,eu-global
CRAWL-0851,web_crawl,Airbnb,"Associate Principal, Strategic Finance & Analytics",United States ,https://careers.airbnb.com/positions/8072136?gh_jid=8072136,https://careers.airbnb.com/positions/8072136?gh_jid=8072136,https://careers.airbnb.com/positions/8072136?gh_jid=8072136,5,/home/runner/work/job-cv-match-0020/job-cv-match-0020/0020_raw_marti__bayo_alemany_curriculum.pdf,/home/runner/work/job-cv-match-0020/job-cv-match-0020/Marti__Bayo_Alemany_certificates_2020_compressed.pdf,70400-120000 EUR,queued,ok,greenhouse:airbnb,eu-global
CRAWL-0852,web_crawl,Airbnb,Principal Machine Learning Engineer- LLM Fine-tuning and Optimization,United States,https://careers.airbnb.com/positions/7955579?gh_jid=7955579,https://careers.airbnb.com/positions/7955579?gh_jid=7955579,https://careers.airbnb.com/positions/7955579?gh_jid=7955579,5,/home/runner/work/job-cv-match-0020/job-cv-match-0020/0020_raw_marti__bayo_alemany_curriculum.pdf,/home/runner/work/job-cv-match-0020/job-cv-match-0020/Marti__Bayo_Alemany_certificates_2020_compressed.pdf,70400-120000 EUR,queued,ok,greenhouse:airbnb,eu-global
CRAWL-0853,web_crawl,Airbnb,"Principal, Strategic Finance, Community Support",United States ,https://careers.airbnb.com/positions/7759059?gh_jid=7759059,https://careers.airbnb.com/positions/7759059?gh_jid=7759059,https://careers.airbnb.com/positions/7759059?gh_jid=7759059,5,/home/runner/work/job-cv-match-0020/job-cv-match-0020/0020_raw_marti__bayo_alemany_curriculum.pdf,/home/runner/work/job-cv-match-0020/job-cv-match-0020/Marti__Bayo_Alemany_certificates_2020_compressed.pdf,70400-120000 EUR,queued,ok,greenhouse:airbnb,eu-global
CRAWL-0854,web_crawl,Airbnb,"Senior Principal, Competitive Intelligence",United States ,https://careers.airbnb.com/positions/8053756?gh_jid=8053756,https://careers.airbnb.com/positions/8053756?gh_jid=8053756,https://careers.airbnb.com/positions/8053756?gh_jid=8053756,5,/home/runner/work/job-cv-match-0020/job-cv-match-0020/0020_raw_marti__bayo_alemany_curriculum.pdf,/home/runner/work/job-cv-match-0020/job-cv-match-0020/Marti__Bayo_Alemany_certificates_2020_compressed.pdf,70400-120000 EUR,queued,ok,greenhouse:airbnb,eu-global
CRAWL-0855,web_crawl,Airbnb,"Senior Principal, Tax Controversy","Ireland, Spain, United Kingdom",https://careers.airbnb.com/positions/7920760?gh_jid=7920760,https://careers.airbnb.com/positions/7920760?gh_jid=7920760,https://careers.airbnb.com/positions/7920760?gh_jid=7920760,5,/home/runner/work/job-cv-match-0020/job-cv-match-0020/0020_raw_marti__bayo_alemany_curriculum.pdf,/home/runner/work/job-cv-match-0020/job-cv-match-0020/Marti__Bayo_Alemany_certificates_2020_compressed.pdf,70400-120000 EUR,queued,ok,greenhouse:airbnb,eu-global
CRAWL-0856,web_crawl,Airbnb,"Spécialiste principal(e), Soutien Premium",Canada,https://careers.airbnb.com/positions/8107161?gh_jid=8107161,https://careers.airbnb.com/positions/8107161?gh_jid=8107161,https://careers.airbnb.com/positions/8107161?gh_jid=8107161,5,/home/runner/work/job-cv-match-0020/job-cv-match-0020/0020_raw_marti__bayo_alemany_curriculum.pdf,/home/runner/work/job-cv-match-0020/job-cv-match-0020/Marti__Bayo_Alemany_certificates_2020_compressed.pdf,70400-120000 EUR,queued,ok,greenhouse:airbnb,eu-global
CRAWL-0857,web_crawl,Brex,Principal Design Recruiter,"Vancouver, British Columbia, Canada",https://www.brex.com/careers/8683993002?gh_jid=8683993002,https://www.brex.com/careers/8683993002?gh_jid=8683993002,https://www.brex.com/careers/8683993002?gh_jid=8683993002,5,/home/runner/work/job-cv-match-0020/job-cv-match-0020/0020_raw_marti__bayo_alemany_curriculum.pdf,/home/runner/work/job-cv-match-0020/job-cv-match-0020/Marti__Bayo_Alemany_certificates_2020_compressed.pdf,70400-120000 EUR,queued,ok,greenhouse:brex,eu-global
CRAWL-0858,web_crawl,Brex,Principal Design Recruiter,"San Francisco, California, United States",https://www.brex.com/careers/8683894002?gh_jid=8683894002,https://www.brex.com/careers/8683894002?gh_jid=8683894002,https://www.brex.com/careers/8683894002?gh_jid=8683894002,5,/home/runner/work/job-cv-match-0020/job-cv-match-0020/0020_raw_marti__bayo_alemany_curriculum.pdf,/home/runner/work/job-cv-match-0020/job-cv-match-0020/Marti__Bayo_Alemany_certificates_2020_compressed.pdf,70400-120000 EUR,queued,ok,greenhouse:brex,eu-global
CRAWL-0859,web_crawl,Brex,Principal Design Recruiter,"New York, New York, United States",https://www.brex.com/careers/8683972002?gh_jid=8683972002,https://www.brex.com/careers/8683972002?gh_jid=8683972002,https://www.brex.com/careers/8683972002?gh_jid=8683972002,5,/home/runner/work/job-cv-match-0020/job-cv-match-0020/0020_raw_marti__bayo_alemany_curriculum.pdf,/home/runner/work/job-cv-match-0020/job-cv-match-0020/Marti__Bayo_Alemany_certificates_2020_compressed.pdf,70400-120000 EUR,queued,ok,greenhouse:brex,eu-global
CRAWL-0860,web_crawl,Brex,Principal Design Recruiter,"Seattle, Washington, United States",https://www.brex.com/careers/8683984002?gh_jid=8683984002,https://www.brex.com/careers/8683984002?gh_jid=8683984002,https://www.brex.com/careers/8683984002?gh_jid=8683984002,5,/home/runner/work/job-cv-match-0020/job-cv-match-0020/0020_raw_marti__bayo_alemany_curriculum.pdf,/home/runner/work/job-cv-match-0020/job-cv-match-0020/Marti__Bayo_Alemany_certificates_2020_compressed.pdf,70400-120000 EUR,queued,ok,greenhouse:brex,eu-global
CRAWL-0861,web_crawl,Cloudflare,"Principal Account Executive, SLED West (R1 Institutions and Higher Ed)",Distributed,https://boards.greenhouse.io/cloudflare/jobs/7958083?gh_jid=7958083,https://boards.greenhouse.io/cloudflare/jobs/7958083?gh_jid=7958083,https://boards.greenhouse.io/cloudflare/jobs/7958083?gh_jid=7958083,5,/home/runner/work/job-cv-match-0020/job-cv-match-0020/0020_raw_marti__bayo_alemany_curriculum.pdf,/home/runner/work/job-cv-match-0020/job-cv-match-0020/Marti__Bayo_Alemany_certificates_2020_compressed.pdf,70400-120000 EUR,queued,ok,greenhouse:cloudflare,eu-global
CRAWL-0862,web_crawl,Cloudflare,Principal Content Engineer,Hybrid; In-Office,https://boards.greenhouse.io/cloudflare/jobs/8109939?gh_jid=8109939,https://boards.greenhouse.io/cloudflare/jobs/8109939?gh_jid=8109939,https://boards.greenhouse.io/cloudflare/jobs/8109939?gh_jid=8109939,5,/home/runner/work/job-cv-match-0020/job-cv-match-0020/0020_raw_marti__bayo_alemany_curriculum.pdf,/home/runner/work/job-cv-match-0020/job-cv-match-0020/Marti__Bayo_Alemany_certificates_2020_compressed.pdf,70400-120000 EUR,queued,ok,greenhouse:cloudflare,eu-global
CRAWL-0863,web_crawl,Cloudflare,"Principal Finance Partner, Revenue & Strategic Modeling",Hybrid,https://boards.greenhouse.io/cloudflare/jobs/8003273?gh_jid=8003273,https://boards.greenhouse.io/cloudflare/jobs/8003273?gh_jid=8003273,https://boards.greenhouse.io/cloudflare/jobs/8003273?gh_jid=8003273,5,/home/runner/work/job-cv-match-0020/job-cv-match-0020/0020_raw_marti__bayo_alemany_curriculum.pdf,/home/runner/work/job-cv-match-0020/job-cv-match-0020/Marti__Bayo_Alemany_certificates_2020_compressed.pdf,70400-120000 EUR,queued,ok,greenhouse:cloudflare,eu-global
CRAWL-0864,web_crawl,Cloudflare,"Principal Partner Account Manager - Service Provider, APAC (Based in Singapore)",Hybrid,https://boards.greenhouse.io/cloudflare/jobs/7573757?gh_jid=7573757,https://boards.greenhouse.io/cloudflare/jobs/7573757?gh_jid=7573757,https://boards.greenhouse.io/cloudflare/jobs/7573757?gh_jid=7573757,5,/home/runner/work/job-cv-match-0020/job-cv-match-0020/0020_raw_marti__bayo_alemany_curriculum.pdf,/home/runner/work/job-cv-match-0020/job-cv-match-0020/Marti__Bayo_Alemany_certificates_2020_compressed.pdf,70400-120000 EUR,queued,ok,greenhouse:cloudflare,eu-global
CRAWL-0865,web_crawl,Cloudflare,"Principal Partner Solutions Engineer, SAARC (Based in Bangalore)",Hybrid or Remote,https://boards.greenhouse.io/cloudflare/jobs/8024889?gh_jid=8024889,https://boards.greenhouse.io/cloudflare/jobs/8024889?gh_jid=8024889,https://boards.greenhouse.io/cloudflare/jobs/8024889?gh_jid=8024889,5,/home/runner/work/job-cv-match-0020/job-cv-match-0020/0020_raw_marti__bayo_alemany_curriculum.pdf,/home/runner/work/job-cv-match-0020/job-cv-match-0020/Marti__Bayo_Alemany_certificates_2020_compressed.pdf,70400-120000 EUR,queued,ok,greenhouse:cloudflare,eu-global
CRAWL-0866,web_crawl,Cloudflare,Principal People Team Business Partner - M&A / Strategy,Hybrid,https://boards.greenhouse.io/cloudflare/jobs/8000779?gh_jid=8000779,https://boards.greenhouse.io/cloudflare/jobs/8000779?gh_jid=8000779,https://boards.greenhouse.io/cloudflare/jobs/8000779?gh_jid=8000779,5,/home/runner/work/job-cv-match-0020/job-cv-match-0020/0020_raw_marti__bayo_alemany_curriculum.pdf,/home/runner/work/job-cv-match-0020/job-cv-match-0020/Marti__Bayo_Alemany_certificates_2020_compressed.pdf,70400-120000 EUR,queued,ok,greenhouse:cloudflare,eu-global
CRAWL-0867,web_crawl,Cloudflare,Principal People Team Business Partner - R&D,Hybrid,https://boards.greenhouse.io/cloudflare/jobs/7567848?gh_jid=7567848,https://boards.greenhouse.io/cloudflare/jobs/7567848?gh_jid=7567848,https://boards.greenhouse.io/cloudflare/jobs/7567848?gh_jid=7567848,5,/home/runner/work/job-cv-match-0020/job-cv-match-0020/0020_raw_marti__bayo_alemany_curriculum.pdf,/home/runner/work/job-cv-match-0020/job-cv-match-0020/Marti__Bayo_Alemany_certificates_2020_compressed.pdf,70400-120000 EUR,queued,ok,greenhouse:cloudflare,eu-global
CRAWL-0868,web_crawl,Cloudflare,"Principal Strategy Manager, Developer Acquisitions",Hybrid,https://boards.greenhouse.io/cloudflare/jobs/8022491?gh_jid=8022491,https://boards.greenhouse.io/cloudflare/jobs/8022491?gh_jid=8022491,https://boards.greenhouse.io/cloudflare/jobs/8022491?gh_jid=8022491,5,/home/runner/work/job-cv-match-0020/job-cv-match-0020/0020_raw_marti__bayo_alemany_curriculum.pdf,/home/runner/work/job-cv-match-0020/job-cv-match-0020/Marti__Bayo_Alemany_certificates_2020_compressed.pdf,70400-120000 EUR,queued,ok,greenhouse:cloudflare,eu-global
CRAWL-0869,web_crawl,Cloudflare,"Principal, GTM Strategic Initiatives Program Manager",Hybrid,https://boards.greenhouse.io/cloudflare/jobs/8106415?gh_jid=8106415,https://boards.greenhouse.io/cloudflare/jobs/8106415?gh_jid=8106415,https://boards.greenhouse.io/cloudflare/jobs/8106415?gh_jid=8106415,5,/home/runner/work/job-cv-match-0020/job-cv-match-0020/0020_raw_marti__bayo_alemany_curriculum.pdf,/home/runner/work/job-cv-match-0020/job-cv-match-0020/Marti__Bayo_Alemany_certificates_2020_compressed.pdf,70400-120000 EUR,queued,ok,greenhouse:cloudflare,eu-global
CRAWL-0870,web_crawl,Cloudflare,"Senior Principal, Sales Compensation Design & Strategy",Remote,https://boards.greenhouse.io/cloudflare/jobs/8024849?gh_jid=8024849,https://boards.greenhouse.io/cloudflare/jobs/8024849?gh_jid=8024849,https://boards.greenhouse.io/cloudflare/jobs/8024849?gh_jid=8024849,5,/home/runner/work/job-cv-match-0020/job-cv-match-0020/0020_raw_marti__bayo_alemany_curriculum.pdf,/home/runner/work/job-cv-match-0020/job-cv-match-0020/Marti__Bayo_Alemany_certificates_2020_compressed.pdf,70400-120000 EUR,queued,ok,greenhouse:cloudflare,eu-global
CRAWL-0871,web_crawl,Coinbase,Principal Recruiter,Remote - Singapore,https://www.coinbase.com/careers/positions/8106071?gh_jid=8106071,https://www.coinbase.com/careers/positions/8106071?gh_jid=8106071,https://www.coinbase.com/careers/positions/8106071?gh_jid=8106071,5,/home/runner/work/job-cv-match-0020/job-cv-match-0020/0020_raw_marti__bayo_alemany_curriculum.pdf,/home/runner/work/job-cv-match-0020/job-cv-match-0020/Marti__Bayo_Alemany_certificates_2020_compressed.pdf,70400-120000 EUR,queued,ok,greenhouse:coinbase,eu-global
CRAWL-0872,web_crawl,Datadog,Principal Analyst Relations Manager,"Boston, Massachusetts, USA; New York, New York, USA; San Francisco, California, USA",https://careers.datadoghq.com/detail/7905494/?gh_jid=7905494,https://careers.datadoghq.com/detail/7905494/?gh_jid=7905494,https://careers.datadoghq.com/detail/7905494/?gh_jid=7905494,5,/home/runner/work/job-cv-match-0020/job-cv-match-0020/0020_raw_marti__bayo_alemany_curriculum.pdf,/home/runner/work/job-cv-match-0020/job-cv-match-0020/Marti__Bayo_Alemany_certificates_2020_compressed.pdf,70400-120000 EUR,queued,ok,greenhouse:datadog,eu-global
CRAWL-0873,web_crawl,Datadog,Principal Partner Manager - Channels (GSI),"Boston, Massachusetts, USA; Denver, Colorado, USA; New York, New York, USA; San Francisco, California, USA",https://careers.datadoghq.com/detail/7582679/?gh_jid=7582679,https://careers.datadoghq.com/detail/7582679/?gh_jid=7582679,https://careers.datadoghq.com/detail/7582679/?gh_jid=7582679,5,/home/runner/work/job-cv-match-0020/job-cv-match-0020/0020_raw_marti__bayo_alemany_curriculum.pdf,/home/runner/work/job-cv-match-0020/job-cv-match-0020/Marti__Bayo_Alemany_certificates_2020_compressed.pdf,70400-120000 EUR,queued,ok,greenhouse:datadog,eu-global
CRAWL-0874,web_crawl,Datadog,Principal Partner Manager - Channels (GSI),"Florida, USA, Remote; Illinois, USA, Remote; New Jersey, USA, Remote; Texas, USA, Remote; Washington, USA, Remote",https://careers.datadoghq.com/detail/7584250/?gh_jid=7584250,https://careers.datadoghq.com/detail/7584250/?gh_jid=7584250,https://careers.datadoghq.com/detail/7584250/?gh_jid=7584250,5,/home/runner/work/job-cv-match-0020/job-cv-match-0020/0020_raw_marti__bayo_alemany_curriculum.pdf,/home/runner/work/job-cv-match-0020/job-cv-match-0020/Marti__Bayo_Alemany_certificates_2020_compressed.pdf,70400-120000 EUR,queued,ok,greenhouse:datadog,eu-global
CRAWL-0875,web_crawl,Datadog,Principal Partner Manager - Channels (Middle East GSI),"Dubai, United Arab Emirates",https://careers.datadoghq.com/detail/8076595/?gh_jid=8076595,https://careers.datadoghq.com/detail/8076595/?gh_jid=8076595,https://careers.datadoghq.com/detail/8076595/?gh_jid=8076595,5,/home/runner/work/job-cv-match-0020/job-cv-match-0020/0020_raw_marti__bayo_alemany_curriculum.pdf,/home/runner/work/job-cv-match-0020/job-cv-match-0020/Marti__Bayo_Alemany_certificates_2020_compressed.pdf,70400-120000 EUR,queued,ok,greenhouse:datadog,eu-global
CRAWL-0876,web_crawl,Datadog,Principal Partner Manager - Channels (Nordics),"Copenhagen, Denmark; Stockholm, Sweden",https://careers.datadoghq.com/detail/7580196/?gh_jid=7580196,https://careers.datadoghq.com/detail/7580196/?gh_jid=7580196,https://careers.datadoghq.com/detail/7580196/?gh_jid=7580196,5,/home/runner/work/job-cv-match-0020/job-cv-match-0020/0020_raw_marti__bayo_alemany_curriculum.pdf,/home/runner/work/job-cv-match-0020/job-cv-match-0020/Marti__Bayo_Alemany_certificates_2020_compressed.pdf,70400-120000 EUR,queued,ok,greenhouse:datadog,eu-global
CRAWL-0877,web_crawl,Datadog,Principal Partner Manager - Channels (UKI Security),"London, United Kingdom; United Kingdom, Remote",https://careers.datadoghq.com/detail/7747740/?gh_jid=7747740,https://careers.datadoghq.com/detail/7747740/?gh_jid=7747740,https://careers.datadoghq.com/detail/7747740/?gh_jid=7747740,5,/home/runner/work/job-cv-match-0020/job-cv-match-0020/0020_raw_marti__bayo_alemany_curriculum.pdf,/home/runner/work/job-cv-match-0020/job-cv-match-0020/Marti__Bayo_Alemany_certificates_2020_compressed.pdf,70400-120000 EUR,queued,ok,greenhouse:datadog,eu-global
CRAWL-0878,web_crawl,Datadog,Principal Partner Manager - Technology Alliances,"California, USA, Remote; Massachusetts, USA, Remote; New York, New York, USA; New York, USA, Remote; Texas, USA, Remote;",https://careers.datadoghq.com/detail/7976823/?gh_jid=7976823,https://careers.datadoghq.com/detail/7976823/?gh_jid=7976823,https://careers.datadoghq.com/detail/7976823/?gh_jid=7976823,5,/home/runner/work/job-cv-match-0020/job-cv-match-0020/0020_raw_marti__bayo_alemany_curriculum.pdf,/home/runner/work/job-cv-match-0020/job-cv-match-0020/Marti__Bayo_Alemany_certificates_2020_compressed.pdf,70400-120000 EUR,queued,ok,greenhouse:datadog,eu-global
CRAWL-0879,web_crawl,Dropbox,Principal Product Designer,Remote - Canada: Select locations,https://jobs.dropbox.com/listing/8003390?gh_jid=8003390,https://jobs.dropbox.com/listing/8003390?gh_jid=8003390,https://jobs.dropbox.com/listing/8003390?gh_jid=8003390,5,/home/runner/work/job-cv-match-0020/job-cv-match-0020/0020_raw_marti__bayo_alemany_curriculum.pdf,/home/runner/work/job-cv-match-0020/job-cv-match-0020/Marti__Bayo_Alemany_certificates_2020_compressed.pdf,70400-120000 EUR,queued,ok,greenhouse:dropbox,eu-global
CRAWL-0880,web_crawl,Dropbox,Principal Product Designer,Remote - US: Select locations,https://jobs.dropbox.com/listing/8003387?gh_jid=8003387,https://jobs.dropbox.com/listing/8003387?gh_jid=8003387,https://jobs.dropbox.com/listing/8003387?gh_jid=8003387,5,/home/runner/work/job-cv-match-0020/job-cv-match-0020/0020_raw_marti__bayo_alemany_curriculum.pdf,/home/runner/work/job-cv-match-0020/job-cv-match-0020/Marti__Bayo_Alemany_certificates_2020_compressed.pdf,70400-120000 EUR,queued,ok,greenhouse:dropbox,eu-global
CRAWL-0881,web_crawl,Elastic,Principal Partner Value Engineer,United States,https://jobs.elastic.co/jobs?gh_jid=8111876&gh_jid=8111876,https://jobs.elastic.co/jobs?gh_jid=8111876&gh_jid=8111876,https://jobs.elastic.co/jobs?gh_jid=8111876&gh_jid=8111876,5,/home/runner/work/job-cv-match-0020/job-cv-match-0020/0020_raw_marti__bayo_alemany_curriculum.pdf,/home/runner/work/job-cv-match-0020/job-cv-match-0020/Marti__Bayo_Alemany_certificates_2020_compressed.pdf,70400-120000 EUR,queued,ok,greenhouse:elastic,eu-global
CRAWL-0882,web_crawl,Elastic,Principal Product Manager Agents and Context - Elasticsearch,Canada,https://jobs.elastic.co/jobs?gh_jid=8070011&gh_jid=8070011,https://jobs.elastic.co/jobs?gh_jid=8070011&gh_jid=8070011,https://jobs.elastic.co/jobs?gh_jid=8070011&gh_jid=8070011,5,/home/runner/work/job-cv-match-0020/job-cv-match-0020/0020_raw_marti__bayo_alemany_curriculum.pdf,/home/runner/work/job-cv-match-0020/job-cv-match-0020/Marti__Bayo_Alemany_certificates_2020_compressed.pdf,70400-120000 EUR,queued,ok,greenhouse:elastic,eu-global
CRAWL-0883,web_crawl,Elastic,Principal Product Manager Agents and Context - Elasticsearch,United States,https://jobs.elastic.co/jobs?gh_jid=7602101&gh_jid=7602101,https://jobs.elastic.co/jobs?gh_jid=7602101&gh_jid=7602101,https://jobs.elastic.co/jobs?gh_jid=7602101&gh_jid=7602101,5,/home/runner/work/job-cv-match-0020/job-cv-match-0020/0020_raw_marti__bayo_alemany_curriculum.pdf,/home/runner/work/job-cv-match-0020/job-cv-match-0020/Marti__Bayo_Alemany_certificates_2020_compressed.pdf,70400-120000 EUR,queued,ok,greenhouse:elastic,eu-global
CRAWL-0884,web_crawl,Elastic,Principal Security ML Research Engineer,United States,https://jobs.elastic.co/jobs?gh_jid=8079632&gh_jid=8079632,https://jobs.elastic.co/jobs?gh_jid=8079632&gh_jid=8079632,https://jobs.elastic.co/jobs?gh_jid=8079632&gh_jid=8079632,5,/home/runner/work/job-cv-match-0020/job-cv-match-0020/0020_raw_marti__bayo_alemany_curriculum.pdf,/home/runner/work/job-cv-match-0020/job-cv-match-0020/Marti__Bayo_Alemany_certificates_2020_compressed.pdf,70400-120000 EUR,queued,ok,greenhouse:elastic,eu-global
CRAWL-0885,web_crawl,Elastic,Principal Threat Hunting and Emulation Engineer - InfoSec,United States,https://jobs.elastic.co/jobs?gh_jid=8053898&gh_jid=8053898,https://jobs.elastic.co/jobs?gh_jid=8053898&gh_jid=8053898,https://jobs.elastic.co/jobs?gh_jid=8053898&gh_jid=8053898,5,/home/runner/work/job-cv-match-0020/job-cv-match-0020/0020_raw_marti__bayo_alemany_curriculum.pdf,/home/runner/work/job-cv-match-0020/job-cv-match-0020/Marti__Bayo_Alemany_certificates_2020_compressed.pdf,70400-120000 EUR,queued,ok,greenhouse:elastic,eu-global
CRAWL-0886,web_crawl,Elastic,"Principal, Platform Specialization",United States,https://jobs.elastic.co/jobs?gh_jid=8092084&gh_jid=8092084,https://jobs.elastic.co/jobs?gh_jid=8092084&gh_jid=8092084,https://jobs.elastic.co/jobs?gh_jid=8092084&gh_jid=8092084,5,/home/runner/work/job-cv-match-0020/job-cv-match-0020/0020_raw_marti__bayo_alemany_curriculum.pdf,/home/runner/work/job-cv-match-0020/job-cv-match-0020/Marti__Bayo_Alemany_certificates_2020_compressed.pdf,70400-120000 EUR,queued,ok,greenhouse:elastic,eu-global
CRAWL-0887,web_crawl,Figma,"Data Scientist, Core Data - PhD (2026)","San Francisco, CA • New York, NY",https://boards.greenhouse.io/figma/jobs/5976930004?gh_jid=5976930004,https://boards.greenhouse.io/figma/jobs/5976930004?gh_jid=5976930004,https://boards.greenhouse.io/figma/jobs/5976930004?gh_jid=5976930004,5,/home/runner/work/job-cv-match-0020/job-cv-match-0020/0020_raw_marti__bayo_alemany_curriculum.pdf,/home/runner/work/job-cv-match-0020/job-cv-match-0020/Marti__Bayo_Alemany_certificates_2020_compressed.pdf,70400-120000 EUR,queued,ok,greenhouse:figma,eu-global
CRAWL-0888,web_crawl,GitLab,"Principal Product Manager, AI Custom Models","Remote, Canada; Remote, US",https://job-boards.greenhouse.io/gitlab/jobs/8564957002,https://job-boards.greenhouse.io/gitlab/jobs/8564957002,https://job-boards.greenhouse.io/gitlab/jobs/8564957002,5,/home/runner/work/job-cv-match-0020/job-cv-match-0020/0020_raw_marti__bayo_alemany_curriculum.pdf,/home/runner/work/job-cv-match-0020/job-cv-match-0020/Marti__Bayo_Alemany_certificates_2020_compressed.pdf,70400-120000 EUR,queued,ok,greenhouse:gitlab,eu-global
CRAWL-0889,web_crawl,GitLab,"Principal Product Manager, Engineering Intelligence & Insights","Remote, Canada; Remote, US",https://job-boards.greenhouse.io/gitlab/jobs/8597813002,https://job-boards.greenhouse.io/gitlab/jobs/8597813002,https://job-boards.greenhouse.io/gitlab/jobs/8597813002,5,/home/runner/work/job-cv-match-0020/job-cv-match-0020/0020_raw_marti__bayo_alemany_curriculum.pdf,/home/runner/work/job-cv-match-0020/job-cv-match-0020/Marti__Bayo_Alemany_certificates_2020_compressed.pdf,70400-120000 EUR,queued,ok,greenhouse:gitlab,eu-global
CRAWL-0890,web_crawl,GitLab,Site Reliability Engineer - Dedicated Hosted Runners,"Bangalore, India",https://job-boards.greenhouse.io/gitlab/jobs/8644274002,https://job-boards.greenhouse.io/gitlab/jobs/8644274002,https://job-boards.greenhouse.io/gitlab/jobs/8644274002,5,/home/runner/work/job-cv-match-0020/job-cv-match-0020/0020_raw_marti__bayo_alemany_curriculum.pdf,/home/runner/work/job-cv-match-0020/job-cv-match-0020/Marti__Bayo_Alemany_certificates_2020_compressed.pdf,70400-120000 EUR,queued,ok,greenhouse:gitlab,eu-global
CRAWL-0891,web_crawl,GitLab,"Site Reliability Engineer, Cloud Cost Utilization","Remote, US",https://job-boards.greenhouse.io/gitlab/jobs/8515080002,https://job-boards.greenhouse.io/gitlab/jobs/8515080002,https://job-boards.greenhouse.io/gitlab/jobs/8515080002,5,/home/runner/work/job-cv-match-0020/job-cv-match-0020/0020_raw_marti__bayo_alemany_curriculum.pdf,/home/runner/work/job-cv-match-0020/job-cv-match-0020/Marti__Bayo_Alemany_certificates_2020_compressed.pdf,70400-120000 EUR,queued,ok,greenhouse:gitlab,eu-global
CRAWL-0892,web_crawl,GitLab,"Site Reliability Engineer, Intermediate to Senior Staff — Infrastructure Platforms","Remote, Canada; Remote, United Kingdom; Remote, US",https://job-boards.greenhouse.io/gitlab/jobs/8623389002,https://job-boards.greenhouse.io/gitlab/jobs/8623389002,https://job-boards.greenhouse.io/gitlab/jobs/8623389002,5,/home/runner/work/job-cv-match-0020/job-cv-match-0020/0020_raw_marti__bayo_alemany_curriculum.pdf,/home/runner/work/job-cv-match-0020/job-cv-match-0020/Marti__Bayo_Alemany_certificates_2020_compressed.pdf,70400-120000 EUR,queued,ok,greenhouse:gitlab,eu-global
CRAWL-0893,web_crawl,Palantir,Forward Deployed Site Reliability Engineer - US Government,"Washington, D.C.",https://jobs.lever.co/palantir/a194220b-684a-4b4e-b918-1f70154b464c,https://jobs.lever.co/palantir/a194220b-684a-4b4e-b918-1f70154b464c,https://jobs.lever.co/palantir/a194220b-684a-4b4e-b918-1f70154b464c,5,/home/runner/work/job-cv-match-0020/job-cv-match-0020/0020_raw_marti__bayo_alemany_curriculum.pdf,/home/runner/work/job-cv-match-0020/job-cv-match-0020/Marti__Bayo_Alemany_certificates_2020_compressed.pdf,70400-120000 EUR,queued,ok,lever:palantir,eu-global
CRAWL-0894,web_crawl,Palantir,Site Reliability Engineer - US Government,"Washington, D.C.",https://jobs.lever.co/palantir/211f99dc-269e-4f25-84d3-d73dea782080,https://jobs.lever.co/palantir/211f99dc-269e-4f25-84d3-d73dea782080,https://jobs.lever.co/palantir/211f99dc-269e-4f25-84d3-d73dea782080,5,/home/runner/work/job-cv-match-0020/job-cv-match-0020/0020_raw_marti__bayo_alemany_curriculum.pdf,/home/runner/work/job-cv-match-0020/job-cv-match-0020/Marti__Bayo_Alemany_certificates_2020_compressed.pdf,70400-120000 EUR,queued,ok,lever:palantir,eu-global
CRAWL-0895,web_crawl,Pinterest,"Principal Machine Learning Engineer, Ads Delivery","San Francisco, CA, US; Palo Alto, CA, US; Seattle, WA, US",https://www.pinterestcareers.com/jobs/?gh_jid=6963868,https://www.pinterestcareers.com/jobs/?gh_jid=6963868,https://www.pinterestcareers.com/jobs/?gh_jid=6963868,5,/home/runner/work/job-cv-match-0020/job-cv-match-0020/0020_raw_marti__bayo_alemany_curriculum.pdf,/home/runner/work/job-cv-match-0020/job-cv-match-0020/Marti__Bayo_Alemany_certificates_2020_compressed.pdf,70400-120000 EUR,queued,ok,greenhouse:pinterest,eu-global
CRAWL-0896,web_crawl,Pinterest,"Principal Product Designer, AI Native, Core","San Francisco, CA, US; Remote, US",https://www.pinterestcareers.com/jobs/?gh_jid=7638599,https://www.pinterestcareers.com/jobs/?gh_jid=7638599,https://www.pinterestcareers.com/jobs/?gh_jid=7638599,5,/home/runner/work/job-cv-match-0020/job-cv-match-0020/0020_raw_marti__bayo_alemany_curriculum.pdf,/home/runner/work/job-cv-match-0020/job-cv-match-0020/Marti__Bayo_Alemany_certificates_2020_compressed.pdf,70400-120000 EUR,queued,ok,greenhouse:pinterest,eu-global
CRAWL-0897,web_crawl,Pinterest,"Site Reliability Engineer II, tvScientific","San Francisco, CA, US; Remote, US",https://www.pinterestcareers.com/jobs/?gh_jid=7782538,https://www.pinterestcareers.com/jobs/?gh_jid=7782538,https://www.pinterestcareers.com/jobs/?gh_jid=7782538,5,/home/runner/work/job-cv-match-0020/job-cv-match-0020/0020_raw_marti__bayo_alemany_curriculum.pdf,/home/runner/work/job-cv-match-0020/job-cv-match-0020/Marti__Bayo_Alemany_certificates_2020_compressed.pdf,70400-120000 EUR,queued,ok,greenhouse:pinterest,eu-global
CRAWL-0898,web_crawl,Pinterest,"Sr. Site Reliability Engineer, tvScientific","San Francisco, CA, US; Remote, US",https://www.pinterestcareers.com/jobs/?gh_jid=7782550,https://www.pinterestcareers.com/jobs/?gh_jid=7782550,https://www.pinterestcareers.com/jobs/?gh_jid=7782550,5,/home/runner/work/job-cv-match-0020/job-cv-match-0020/0020_raw_marti__bayo_alemany_curriculum.pdf,/home/runner/work/job-cv-match-0020/job-cv-match-0020/Marti__Bayo_Alemany_certificates_2020_compressed.pdf,70400-120000 EUR,queued,ok,greenhouse:pinterest,eu-global
CRAWL-0899,web_crawl,Reddit,"Principal Data Scientist, Ads",Remote - United States,https://job-boards.greenhouse.io/reddit/jobs/7330347,https://job-boards.greenhouse.io/reddit/jobs/7330347,https://job-boards.greenhouse.io/reddit/jobs/7330347,5,/home/runner/work/job-cv-match-0020/job-cv-match-0020/0020_raw_marti__bayo_alemany_curriculum.pdf,/home/runner/work/job-cv-match-0020/job-cv-match-0020/Marti__Bayo_Alemany_certificates_2020_compressed.pdf,70400-120000 EUR,queued,ok,greenhouse:reddit,eu-global
CRAWL-0900,web_crawl,Reddit,"Principal Technical Program Manager, Developer Productivity",Remote - United States,https://job-boards.greenhouse.io/reddit/jobs/7944159,https://job-boards.greenhouse.io/reddit/jobs/7944159,https://job-boards.greenhouse.io/reddit/jobs/7944159,5,/home/runner/work/job-cv-match-0020/job-cv-match-0020/0020_raw_marti__bayo_alemany_curriculum.pdf,/home/runner/work/job-cv-match-0020/job-cv-match-0020/Marti__Bayo_Alemany_certificates_2020_compressed.pdf,70400-120000 EUR,queued,ok,greenhouse:reddit,eu-global
CRAWL-0901,web_crawl,Reddit,"Principal Technical Program Manager, Performance",Remote - United States,https://job-boards.greenhouse.io/reddit/jobs/7947049,https://job-boards.greenhouse.io/reddit/jobs/7947049,https://job-boards.greenhouse.io/reddit/jobs/7947049,5,/home/runner/work/job-cv-match-0020/job-cv-match-0020/0020_raw_marti__bayo_alemany_curriculum.pdf,/home/runner/work/job-cv-match-0020/job-cv-match-0020/Marti__Bayo_Alemany_certificates_2020_compressed.pdf,70400-120000 EUR,queued,ok,greenhouse:reddit,eu-global
CRAWL-0902,web_crawl,Reddit,"Staff Frontend Engineer, Ads Creative",Remote - United States,https://job-boards.greenhouse.io/reddit/jobs/8082867,https://job-boards.greenhouse.io/reddit/jobs/8082867,https://job-boards.greenhouse.io/reddit/jobs/8082867,5,/home/runner/work/job-cv-match-0020/job-cv-match-0020/0020_raw_marti__bayo_alemany_curriculum.pdf,/home/runner/work/job-cv-match-0020/job-cv-match-0020/Marti__Bayo_Alemany_certificates_2020_compressed.pdf,70400-120000 EUR,queued,ok,greenhouse:reddit,eu-global
CRAWL-0903,web_crawl,Reddit,Staff Site Reliability Engineer - Site Experience,Remote - United Kingdom,https://job-boards.greenhouse.io/reddit/jobs/7956443,https://job-boards.greenhouse.io/reddit/jobs/7956443,https://job-boards.greenhouse.io/reddit/jobs/7956443,5,/home/runner/work/job-cv-match-0020/job-cv-match-0020/0020_raw_marti__bayo_alemany_curriculum.pdf,/home/runner/work/job-cv-match-0020/job-cv-match-0020/Marti__Bayo_Alemany_certificates_2020_compressed.pdf,70400-120000 EUR,queued,ok,greenhouse:reddit,eu-global
CRAWL-0904,web_crawl,Reddit,Staff Site Reliability Engineer - Site Experience,"Dublin, Ireland",https://job-boards.greenhouse.io/reddit/jobs/7909463,https://job-boards.greenhouse.io/reddit/jobs/7909463,https://job-boards.greenhouse.io/reddit/jobs/7909463,5,/home/runner/work/job-cv-match-0020/job-cv-match-0020/0020_raw_marti__bayo_alemany_curriculum.pdf,/home/runner/work/job-cv-match-0020/job-cv-match-0020/Marti__Bayo_Alemany_certificates_2020_compressed.pdf,70400-120000 EUR,queued,ok,greenhouse:reddit,eu-global
CRAWL-0905,web_crawl,Reddit,"Staff SRE, Ads",Remote - The Netherlands,https://job-boards.greenhouse.io/reddit/jobs/8018562,https://job-boards.greenhouse.io/reddit/jobs/8018562,https://job-boards.greenhouse.io/reddit/jobs/8018562,5,/home/runner/work/job-cv-match-0020/job-cv-match-0020/0020_raw_marti__bayo_alemany_curriculum.pdf,/home/runner/work/job-cv-match-0020/job-cv-match-0020/Marti__Bayo_Alemany_certificates_2020_compressed.pdf,70400-120000 EUR,queued,ok,greenhouse:reddit,eu-global
CRAWL-0906,web_crawl,Reddit,"Staff SRE, Ads",Remote - Ireland,https://job-boards.greenhouse.io/reddit/jobs/8018561,https://job-boards.greenhouse.io/reddit/jobs/8018561,https://job-boards.greenhouse.io/reddit/jobs/8018561,5,/home/runner/work/job-cv-match-0020/job-cv-match-0020/0020_raw_marti__bayo_alemany_curriculum.pdf,/home/runner/work/job-cv-match-0020/job-cv-match-0020/Marti__Bayo_Alemany_certificates_2020_compressed.pdf,70400-120000 EUR,queued,ok,greenhouse:reddit,eu-global
CRAWL-0907,web_crawl,Reddit,"Staff SRE, Ads",Remote - United Kingdom,https://job-boards.greenhouse.io/reddit/jobs/8018555,https://job-boards.greenhouse.io/reddit/jobs/8018555,https://job-boards.greenhouse.io/reddit/jobs/8018555,5,/home/runner/work/job-cv-match-0020/job-cv-match-0020/0020_raw_marti__bayo_alemany_curriculum.pdf,/home/runner/work/job-cv-match-0020/job-cv-match-0020/Marti__Bayo_Alemany_certificates_2020_compressed.pdf,70400-120000 EUR,queued,ok,greenhouse:reddit,eu-global
CRAWL-0908,web_crawl,Spotify,"Principal Product Manager, Agentic Surfaces","New York, NY",https://jobs.lever.co/spotify/a025cf69-f8c6-4873-9a8b-7ca6b1fbe9fd,https://jobs.lever.co/spotify/a025cf69-f8c6-4873-9a8b-7ca6b1fbe9fd,https://jobs.lever.co/spotify/a025cf69-f8c6-4873-9a8b-7ca6b1fbe9fd,5,/home/runner/work/job-cv-match-0020/job-cv-match-0020/0020_raw_marti__bayo_alemany_curriculum.pdf,/home/runner/work/job-cv-match-0020/job-cv-match-0020/Marti__Bayo_Alemany_certificates_2020_compressed.pdf,70400-120000 EUR,queued,ok,lever:spotify,eu-global
CRAWL-0909,web_crawl,Spotify,"Principal Product Manager, Engagement Journeys","New York, NY",https://jobs.lever.co/spotify/a88002db-cb15-49f4-a0e7-efc5c79c347b,https://jobs.lever.co/spotify/a88002db-cb15-49f4-a0e7-efc5c79c347b,https://jobs.lever.co/spotify/a88002db-cb15-49f4-a0e7-efc5c79c347b,5,/home/runner/work/job-cv-match-0020/job-cv-match-0020/0020_raw_marti__bayo_alemany_curriculum.pdf,/home/runner/work/job-cv-match-0020/job-cv-match-0020/Marti__Bayo_Alemany_certificates_2020_compressed.pdf,70400-120000 EUR,queued,ok,lever:spotify,eu-global
CRAWL-0910,web_crawl,Stripe,Staff Full Stack Engineer - Premium Merchant Experiences,Dublin,https://stripe.com/jobs/search?gh_jid=7925073,https://stripe.com/jobs/search?gh_jid=7925073,https://stripe.com/jobs/search?gh_jid=7925073,5,/home/runner/work/job-cv-match-0020/job-cv-match-0020/0020_raw_marti__bayo_alemany_curriculum.pdf,/home/runner/work/job-cv-match-0020/job-cv-match-0020/Marti__Bayo_Alemany_certificates_2020_compressed.pdf,70400-120000 EUR,queued,ok,greenhouse:stripe,eu-global
CRAWL-0911,web_crawl,Stripe,"Staff Full Stack Engineer, Identity",Remote,https://stripe.com/jobs/search?gh_jid=7895467,https://stripe.com/jobs/search?gh_jid=7895467,https://stripe.com/jobs/search?gh_jid=7895467,5,/home/runner/work/job-cv-match-0020/job-cv-match-0020/0020_raw_marti__bayo_alemany_curriculum.pdf,/home/runner/work/job-cv-match-0020/job-cv-match-0020/Marti__Bayo_Alemany_certificates_2020_compressed.pdf,70400-120000 EUR,queued,ok,greenhouse:stripe,eu-global
CRAWL-0912,web_crawl,Stripe,"Staff Full Stack Engineer, Payments Intelligence","Seattle, New York, San Francisco",https://stripe.com/jobs/search?gh_jid=7986004,https://stripe.com/jobs/search?gh_jid=7986004,https://stripe.com/jobs/search?gh_jid=7986004,5,/home/runner/work/job-cv-match-0020/job-cv-match-0020/0020_raw_marti__bayo_alemany_curriculum.pdf,/home/runner/work/job-cv-match-0020/job-cv-match-0020/Marti__Bayo_Alemany_certificates_2020_compressed.pdf,70400-120000 EUR,queued,ok,greenhouse:stripe,eu-global
CRAWL-0913,web_crawl,Stripe,"Staff Fullstack Engineer, User Auth Experience","Canada-Open, US-Open",https://stripe.com/jobs/search?gh_jid=8113221,https://stripe.com/jobs/search?gh_jid=8113221,https://stripe.com/jobs/search?gh_jid=8113221,5,/home/runner/work/job-cv-match-0020/job-cv-match-0020/0020_raw_marti__bayo_alemany_curriculum.pdf,/home/runner/work/job-cv-match-0020/job-cv-match-0020/Marti__Bayo_Alemany_certificates_2020_compressed.pdf,70400-120000 EUR,queued,ok,greenhouse:stripe,eu-global
CRAWL-0914,web_crawl,Twilio,DevOps Engineer (Observability),Remote - Ireland,https://job-boards.greenhouse.io/twilio/jobs/8108771,https://job-boards.greenhouse.io/twilio/jobs/8108771,https://job-boards.greenhouse.io/twilio/jobs/8108771,5,/home/runner/work/job-cv-match-0020/job-cv-match-0020/0020_raw_marti__bayo_alemany_curriculum.pdf,/home/runner/work/job-cv-match-0020/job-cv-match-0020/Marti__Bayo_Alemany_certificates_2020_compressed.pdf,70400-120000 EUR,queued,ok,greenhouse:twilio,eu-global
CRAWL-0915,web_crawl,Twilio,Principal Internal Communications Manager,Remote - US,https://job-boards.greenhouse.io/twilio/jobs/8108654,https://job-boards.greenhouse.io/twilio/jobs/8108654,https://job-boards.greenhouse.io/twilio/jobs/8108654,5,/home/runner/work/job-cv-match-0020/job-cv-match-0020/0020_raw_marti__bayo_alemany_curriculum.pdf,/home/runner/work/job-cv-match-0020/job-cv-match-0020/Marti__Bayo_Alemany_certificates_2020_compressed.pdf,70400-120000 EUR,queued,ok,greenhouse:twilio,eu-global
CRAWL-0916,web_crawl,Twilio,Principal Presales Engineer,Remote - US,https://job-boards.greenhouse.io/twilio/jobs/7938968,https://job-boards.greenhouse.io/twilio/jobs/7938968,https://job-boards.greenhouse.io/twilio/jobs/7938968,5,/home/runner/work/job-cv-match-0020/job-cv-match-0020/0020_raw_marti__bayo_alemany_curriculum.pdf,/home/runner/work/job-cv-match-0020/job-cv-match-0020/Marti__Bayo_Alemany_certificates_2020_compressed.pdf,70400-120000 EUR,queued,ok,greenhouse:twilio,eu-global
CRAWL-0917,web_crawl,Twilio,Principal Presales Engineer (German Speaking),Remote - United Kingdom,https://job-boards.greenhouse.io/twilio/jobs/8000178,https://job-boards.greenhouse.io/twilio/jobs/8000178,https://job-boards.greenhouse.io/twilio/jobs/8000178,5,/home/runner/work/job-cv-match-0020/job-cv-match-0020/0020_raw_marti__bayo_alemany_curriculum.pdf,/home/runner/work/job-cv-match-0020/job-cv-match-0020/Marti__Bayo_Alemany_certificates_2020_compressed.pdf,70400-120000 EUR,queued,ok,greenhouse:twilio,eu-global
CRAWL-0918,web_crawl,Twilio,Principal Price Realization Strategy Manager,Remote - US,https://job-boards.greenhouse.io/twilio/jobs/7987837,https://job-boards.greenhouse.io/twilio/jobs/7987837,https://job-boards.greenhouse.io/twilio/jobs/7987837,5,/home/runner/work/job-cv-match-0020/job-cv-match-0020/0020_raw_marti__bayo_alemany_curriculum.pdf,/home/runner/work/job-cv-match-0020/job-cv-match-0020/Marti__Bayo_Alemany_certificates_2020_compressed.pdf,70400-120000 EUR,queued,ok,greenhouse:twilio,eu-global
CRAWL-0919,web_crawl,Twilio,Principal Product Manager - Product Catalog,Remote - US,https://job-boards.greenhouse.io/twilio/jobs/8069245,https://job-boards.greenhouse.io/twilio/jobs/8069245,https://job-boards.greenhouse.io/twilio/jobs/8069245,5,/home/runner/work/job-cv-match-0020/job-cv-match-0020/0020_raw_marti__bayo_alemany_curriculum.pdf,/home/runner/work/job-cv-match-0020/job-cv-match-0020/Marti__Bayo_Alemany_certificates_2020_compressed.pdf,70400-120000 EUR,queued,ok,greenhouse:twilio,eu-global
CRAWL-0920,web_crawl,Twilio,"Principal Product Manager, Enterprise Commerce Platform",Remote - US,https://job-boards.greenhouse.io/twilio/jobs/8069243,https://job-boards.greenhouse.io/twilio/jobs/8069243,https://job-boards.greenhouse.io/twilio/jobs/8069243,5,/home/runner/work/job-cv-match-0020/job-cv-match-0020/0020_raw_marti__bayo_alemany_curriculum.pdf,/home/runner/work/job-cv-match-0020/job-cv-match-0020/Marti__Bayo_Alemany_certificates_2020_compressed.pdf,70400-120000 EUR,queued,ok,greenhouse:twilio,eu-global
CRAWL-0921,web_crawl,Twilio,Principal Product Manager: Talent Acquisition & Management Applications,Remote - US,https://job-boards.greenhouse.io/twilio/jobs/8083821,https://job-boards.greenhouse.io/twilio/jobs/8083821,https://job-boards.greenhouse.io/twilio/jobs/8083821,5,/home/runner/work/job-cv-match-0020/job-cv-match-0020/0020_raw_marti__bayo_alemany_curriculum.pdf,/home/runner/work/job-cv-match-0020/job-cv-match-0020/Marti__Bayo_Alemany_certificates_2020_compressed.pdf,70400-120000 EUR,queued,ok,greenhouse:twilio,eu-global
CRAWL-0922,web_crawl,Twilio,"Senior Principal, Technical Program Management (Research & Development)",Remote - US,https://job-boards.greenhouse.io/twilio/jobs/7707977,https://job-boards.greenhouse.io/twilio/jobs/7707977,https://job-boards.greenhouse.io/twilio/jobs/7707977,5,/home/runner/work/job-cv-match-0020/job-cv-match-0020/0020_raw_marti__bayo_alemany_curriculum.pdf,/home/runner/work/job-cv-match-0020/job-cv-match-0020/Marti__Bayo_Alemany_certificates_2020_compressed.pdf,70400-120000 EUR,queued,ok,greenhouse:twilio,eu-global
CRAWL-0923,web_crawl,Twilio,Sr. Principal Product Manager,Remote - US,https://job-boards.greenhouse.io/twilio/jobs/8108776,https://job-boards.greenhouse.io/twilio/jobs/8108776,https://job-boards.greenhouse.io/twilio/jobs/8108776,5,/home/runner/work/job-cv-match-0020/job-cv-match-0020/0020_raw_marti__bayo_alemany_curriculum.pdf,/home/runner/work/job-cv-match-0020/job-cv-match-0020/Marti__Bayo_Alemany_certificates_2020_compressed.pdf,70400-120000 EUR,queued,ok,greenhouse:twilio,eu-global
